accepted-asset-proof	M	Content/ProjectFiles/Animation/Montages/Katana/Heavy/AM_Heavy_Katana_Event.uasset
accepted-asset-proof	M	Content/ProjectFiles/Animation/Montages/Katana/Light/AM_Light_Combo_1.uasset
accepted-asset-proof	??	Content/ProjectFiles/Data/PDA/Attack/AttackData/Light/New/LightAttack_6.uasset
accepted-asset-proof	??	Content/ProjectFiles/Data/PDA/Attack/AttackData/Light/New/LightAttack_9.uasset
attackdata-reorg-and-notify-candidates	D	Content/ProjectFiles/Data/PDA/Attack/AttackConfigurations/DA_Config_Katana.uasset
attackdata-reorg-and-notify-candidates	??	Content/ProjectFiles/Data/PDA/Attack/AttackConfigurations/DA_Configuration_Katana.uasset
attackdata-reorg-and-notify-candidates	D	Content/ProjectFiles/Data/PDA/Attack/AttackData/DirectionalAttacks/DA_DirectionalAttack_B.uasset
attackdata-reorg-and-notify-candidates	D	Content/ProjectFiles/Data/PDA/Attack/AttackData/DirectionalAttacks/DA_DirectionalAttack_F.uasset
attackdata-reorg-and-notify-candidates	D	Content/ProjectFiles/Data/PDA/Attack/AttackData/DirectionalAttacks/DA_DirectionalAttack_L.uasset
attackdata-reorg-and-notify-candidates	D	Content/ProjectFiles/Data/PDA/Attack/AttackData/DirectionalAttacks/DA_DirectionalAttack_None.uasset
attackdata-reorg-and-notify-candidates	D	Content/ProjectFiles/Data/PDA/Attack/AttackData/DirectionalAttacks/DirectionalAttack_R.uasset
attackdata-reorg-and-notify-candidates	??	Content/ProjectFiles/Data/PDA/Attack/AttackData/DirectionalAttacks/New/DA_DirectionalAttack_B.uasset
attackdata-reorg-and-notify-candidates	??	Content/ProjectFiles/Data/PDA/Attack/AttackData/DirectionalAttacks/New/DA_DirectionalAttack_F.uasset
attackdata-reorg-and-notify-candidates	??	Content/ProjectFiles/Data/PDA/Attack/AttackData/DirectionalAttacks/New/DA_DirectionalAttack_L.uasset
attackdata-reorg-and-notify-candidates	??	Content/ProjectFiles/Data/PDA/Attack/AttackData/DirectionalAttacks/New/DA_DirectionalAttack_None.uasset
attackdata-reorg-and-notify-candidates	??	Content/ProjectFiles/Data/PDA/Attack/AttackData/DirectionalAttacks/New/DirectionalAttack_R.uasset
attackdata-reorg-and-notify-candidates	D	Content/ProjectFiles/Data/PDA/Attack/AttackData/Heavy/HeavyAttack_1.uasset
attackdata-reorg-and-notify-candidates	D	Content/ProjectFiles/Data/PDA/Attack/AttackData/Heavy/HeavyAttack_2.uasset
attackdata-reorg-and-notify-candidates	D	Content/ProjectFiles/Data/PDA/Attack/AttackData/Heavy/HeavyAttack_3.uasset
attackdata-reorg-and-notify-candidates	D	Content/ProjectFiles/Data/PDA/Attack/AttackData/Heavy/HeavyAttack_4.uasset
attackdata-reorg-and-notify-candidates	??	Content/ProjectFiles/Data/PDA/Attack/AttackData/Heavy/New/HeavyAttack_1.uasset
attackdata-reorg-and-notify-candidates	??	Content/ProjectFiles/Data/PDA/Attack/AttackData/Heavy/New/HeavyAttack_2.uasset
attackdata-reorg-and-notify-candidates	??	Content/ProjectFiles/Data/PDA/Attack/AttackData/Heavy/New/HeavyAttack_3.uasset
attackdata-reorg-and-notify-candidates	??	Content/ProjectFiles/Data/PDA/Attack/AttackData/Heavy/New/HeavyAttack_4.uasset
attackdata-reorg-and-notify-candidates	D	Content/ProjectFiles/Data/PDA/Attack/AttackData/Light/LightAttack_1.uasset
attackdata-reorg-and-notify-candidates	D	Content/ProjectFiles/Data/PDA/Attack/AttackData/Light/LightAttack_10.uasset
attackdata-reorg-and-notify-candidates	D	Content/ProjectFiles/Data/PDA/Attack/AttackData/Light/LightAttack_11.uasset
attackdata-reorg-and-notify-candidates	D	Content/ProjectFiles/Data/PDA/Attack/AttackData/Light/LightAttack_2.uasset
attackdata-reorg-and-notify-candidates	D	Content/ProjectFiles/Data/PDA/Attack/AttackData/Light/LightAttack_3.uasset
attackdata-reorg-and-notify-candidates	D	Content/ProjectFiles/Data/PDA/Attack/AttackData/Light/LightAttack_4.uasset
attackdata-reorg-and-notify-candidates	D	Content/ProjectFiles/Data/PDA/Attack/AttackData/Light/LightAttack_5.uasset
attackdata-reorg-and-notify-candidates	D	Content/ProjectFiles/Data/PDA/Attack/AttackData/Light/LightAttack_6.uasset
attackdata-reorg-and-notify-candidates	D	Content/ProjectFiles/Data/PDA/Attack/AttackData/Light/LightAttack_7.uasset
attackdata-reorg-and-notify-candidates	D	Content/ProjectFiles/Data/PDA/Attack/AttackData/Light/LightAttack_8.uasset
attackdata-reorg-and-notify-candidates	D	Content/ProjectFiles/Data/PDA/Attack/AttackData/Light/LightAttack_9.uasset
attackdata-reorg-and-notify-candidates	??	Content/ProjectFiles/Data/PDA/Attack/AttackData/Light/New/LightAttack_1.uasset
attackdata-reorg-and-notify-candidates	??	Content/ProjectFiles/Data/PDA/Attack/AttackData/Light/New/LightAttack_10.uasset
attackdata-reorg-and-notify-candidates	??	Content/ProjectFiles/Data/PDA/Attack/AttackData/Light/New/LightAttack_11.uasset
attackdata-reorg-and-notify-candidates	??	Content/ProjectFiles/Data/PDA/Attack/AttackData/Light/New/LightAttack_2.uasset
attackdata-reorg-and-notify-candidates	??	Content/ProjectFiles/Data/PDA/Attack/AttackData/Light/New/LightAttack_3.uasset
attackdata-reorg-and-notify-candidates	??	Content/ProjectFiles/Data/PDA/Attack/AttackData/Light/New/LightAttack_4.uasset
attackdata-reorg-and-notify-candidates	??	Content/ProjectFiles/Data/PDA/Attack/AttackData/Light/New/LightAttack_5.uasset
attackdata-reorg-and-notify-candidates	??	Content/ProjectFiles/Data/PDA/Attack/AttackData/Light/New/LightAttack_7.uasset
attackdata-reorg-and-notify-candidates	??	Content/ProjectFiles/Data/PDA/Attack/AttackData/Light/New/LightAttack_8.uasset
branch-critical-gameplay-content-candidates	M	Content/ProjectFiles/Core/Actors/Character/BP_EnemyCharacter.uasset
branch-critical-gameplay-content-candidates	??	Content/ProjectFiles/Core/Actors/Character/BP_Player.uasset
branch-critical-gameplay-content-candidates	D	Content/ProjectFiles/Core/Actors/Character/BP_SamuraiCharacter.uasset
branch-critical-gameplay-content-candidates	??	Content/ProjectFiles/Data/PDA/FX/DA_CombatVFX_Default.uasset
branch-critical-gameplay-content-candidates	??	Content/ProjectFiles/Data/PDA/FX/DA_CombatVFX_Intense.uasset
branch-critical-gameplay-content-candidates	??	Content/ProjectFiles/Data/PDA/FX/DA_CombatVFX_Weak.uasset
branch-critical-gameplay-content-candidates	M	Content/ProjectFiles/Data/PDA/HitReaction/HitReactionSettings/DA_HitReaction.uasset
branch-critical-gameplay-content-candidates	??	Content/ProjectFiles/Data/PDA/MotionWarping/DA_MotionWarping_Config.uasset
branch-critical-gameplay-content-candidates	D	Content/ProjectFiles/Data/PDA/MotionWarping/DA_MotionWarping.uasset
branch-critical-gameplay-content-candidates	??	Content/ProjectFiles/Data/PDA/Paired/Finishers/Finisher_A.uasset
branch-critical-gameplay-content-candidates	??	Content/ProjectFiles/Data/PDA/Paired/Finishers/Finishers_A_Attacker.uasset
branch-critical-gameplay-content-candidates	??	Content/ProjectFiles/Data/PDA/Paired/Finishers/Finishers_A_Victim.uasset
branch-critical-gameplay-content-candidates	??	Content/ProjectFiles/Data/PDA/Settings/DA_CombatSettings_Default.uasset
branch-critical-gameplay-content-candidates	D	Content/ProjectFiles/Data/PDA/Settings/DA_CombatSettings.uasset
branch-critical-gameplay-content-candidates	??	Content/ProjectFiles/Data/PDA/Targetting/DA_TargetingConfig.uasset
branch-critical-gameplay-content-candidates	M	Content/ProjectFiles/Data/PDA/Weapons/DA_Weapon_Katana.uasset
branch-critical-gameplay-content-candidates	M	Content/ProjectFiles/Input/IMC_Combat.uasset
bulk-import-or-template-content	??	Content/__ExternalActors__/Cyberpunk/Maps/CyberAlley_WP/0/0Q/K89NH8HVXI0F0I6VXA9R9N.uasset
bulk-import-or-template-content	??	Content/__ExternalActors__/Cyberpunk/Maps/CyberAlley_WP/0/0V/NXPCIK3SDBXRL46KXMWSPE.uasset
bulk-import-or-template-content	??	Content/__ExternalActors__/Cyberpunk/Maps/CyberAlley_WP/0/0W/ZPOE5WD6P371EZ1ST90DXA.uasset
bulk-import-or-template-content	??	Content/__ExternalActors__/Cyberpunk/Maps/CyberAlley_WP/0/0Z/SWU8HT6BY99Q7ID281EAW7.uasset
bulk-import-or-template-content	??	Content/__ExternalActors__/Cyberpunk/Maps/CyberAlley_WP/0/13/AW4KHUNEXRK3NDNK1H0RT6.uasset
bulk-import-or-template-content	??	Content/__ExternalActors__/Cyberpunk/Maps/CyberAlley_WP/0/1D/GY52KYSXTWOVLHYJXX8Z7C.uasset
bulk-import-or-template-content	??	Content/__ExternalActors__/Cyberpunk/Maps/CyberAlley_WP/0/29/UONQZ3HJ1FDDDKHRZ2F3VR.uasset
bulk-import-or-template-content	??	Content/__ExternalActors__/Cyberpunk/Maps/CyberAlley_WP/0/2N/YEEFABDU5D7VJEWX25TB7D.uasset
bulk-import-or-template-content	??	Content/__ExternalActors__/Cyberpunk/Maps/CyberAlley_WP/0/3A/Y6BJXFC7MKOKTVUHW6PEJQ.uasset
bulk-import-or-template-content	??	Content/__ExternalActors__/Cyberpunk/Maps/CyberAlley_WP/0/3H/VYUBOV960LY7TALHSO8DNY.uasset
bulk-import-or-template-content	??	Content/__ExternalActors__/Cyberpunk/Maps/CyberAlley_WP/0/3J/HUR8X0ETOQEWLIGE6OBTHB.uasset
bulk-import-or-template-content	??	Content/__ExternalActors__/Cyberpunk/Maps/CyberAlley_WP/0/3L/5YY4OEMR5HO7BPND5UTL1D.uasset
bulk-import-or-template-content	??	Content/__ExternalActors__/Cyberpunk/Maps/CyberAlley_WP/0/3Q/BXO5TI42TAFXTLGUPBPEJ8.uasset
bulk-import-or-template-content	??	Content/__ExternalActors__/Cyberpunk/Maps/CyberAlley_WP/0/3X/7G1HXHYM17Z4BWNWMCW4RK.uasset
bulk-import-or-template-content	??	Content/__ExternalActors__/Cyberpunk/Maps/CyberAlley_WP/0/3Y/EIDLXZM4H0Z982MD6GK7JT.uasset
bulk-import-or-template-content	??	Content/__ExternalActors__/Cyberpunk/Maps/CyberAlley_WP/0/3Z/QF7AKMCBDQJ73N58V88ZXK.uasset
bulk-import-or-template-content	??	Content/__ExternalActors__/Cyberpunk/Maps/CyberAlley_WP/0/45/5FV28BT0H3I9K3YOUSJSP6.uasset
bulk-import-or-template-content	??	Content/__ExternalActors__/Cyberpunk/Maps/CyberAlley_WP/0/45/PY39MYDWNO2DWI66CDSUP8.uasset
bulk-import-or-template-content	??	Content/__ExternalActors__/Cyberpunk/Maps/CyberAlley_WP/0/4V/BTWROOL3LDTISW91JEMGE7.uasset
bulk-import-or-template-content	??	Content/__ExternalActors__/Cyberpunk/Maps/CyberAlley_WP/0/4X/FEKJTWND8B7WCOB5XOYR4P.uasset
bulk-import-or-template-content	??	Content/__ExternalActors__/Cyberpunk/Maps/CyberAlley_WP/0/57/9DBT7RMFC0K5GZPOZQL059.uasset
bulk-import-or-template-content	??	Content/__ExternalActors__/Cyberpunk/Maps/CyberAlley_WP/0/5K/6BXKIT4LUYM3I4072TNWL6.uasset
bulk-import-or-template-content	??	Content/__ExternalActors__/Cyberpunk/Maps/CyberAlley_WP/0/5R/9WM1I2CZFRKJ8HKUO9T0Y1.uasset
bulk-import-or-template-content	??	Content/__ExternalActors__/Cyberpunk/Maps/CyberAlley_WP/0/6Q/7RX4SGRYP73LH58KAA9G9K.uasset
bulk-import-or-template-content	??	Content/__ExternalActors__/Cyberpunk/Maps/CyberAlley_WP/0/6Y/NGEULEA34OWSC5OJNVSO22.uasset
bulk-import-or-template-content	??	Content/__ExternalActors__/Cyberpunk/Maps/CyberAlley_WP/0/70/L1E1YDSCTX9SVEEDRZPECP.uasset
bulk-import-or-template-content	??	Content/__ExternalActors__/Cyberpunk/Maps/CyberAlley_WP/0/7Q/1DCFJRPJJ1IFPNN7JM3290.uasset
bulk-import-or-template-content	??	Content/__ExternalActors__/Cyberpunk/Maps/CyberAlley_WP/0/7W/ZNHNOSPU0IBUZRVLXRJCSO.uasset
bulk-import-or-template-content	??	Content/__ExternalActors__/Cyberpunk/Maps/CyberAlley_WP/0/81/U7HAZRO244TLZYOBP4REOE.uasset
bulk-import-or-template-content	??	Content/__ExternalActors__/Cyberpunk/Maps/CyberAlley_WP/0/83/A7IL9R0HUKBG70T7O93JKQ.uasset
bulk-import-or-template-content	??	Content/__ExternalActors__/Cyberpunk/Maps/CyberAlley_WP/0/8Q/CB4B84P6QPBY2JWUBX4K2E.uasset
bulk-import-or-template-content	??	Content/__ExternalActors__/Cyberpunk/Maps/CyberAlley_WP/0/8R/FD7WL3PP8FDV28J5MH65PB.uasset
bulk-import-or-template-content	??	Content/__ExternalActors__/Cyberpunk/Maps/CyberAlley_WP/0/8W/JT5DTINFDS5GB25AW0MJMG.uasset
bulk-import-or-template-content	??	Content/__ExternalActors__/Cyberpunk/Maps/CyberAlley_WP/0/93/3WBYLH20ZPAKOO5WCY92SY.uasset
bulk-import-or-template-content	??	Content/__ExternalActors__/Cyberpunk/Maps/CyberAlley_WP/0/9N/PJLSTCDQ691BJHW1KSW7M8.uasset
bulk-import-or-template-content	??	Content/__ExternalActors__/Cyberpunk/Maps/CyberAlley_WP/0/9S/G5XFEALJN0OW1VVFC8H9A8.uasset
bulk-import-or-template-content	??	Content/__ExternalActors__/Cyberpunk/Maps/CyberAlley_WP/0/9W/FRWIJYVVDKB90AY41285X3.uasset
bulk-import-or-template-content	??	Content/__ExternalActors__/Cyberpunk/Maps/CyberAlley_WP/0/9Y/5VU4AGYIM8ER3I0O4EPV2B.uasset
bulk-import-or-template-content	??	Content/__ExternalActors__/Cyberpunk/Maps/CyberAlley_WP/0/A1/ICZEFSBSH7X95MVWF9BUA5.uasset
bulk-import-or-template-content	??	Content/__ExternalActors__/Cyberpunk/Maps/CyberAlley_WP/0/A7/KV1ZPN1IQI4HTNK1VYDD90.uasset
bulk-import-or-template-content	??	Content/__ExternalActors__/Cyberpunk/Maps/CyberAlley_WP/0/AC/RC382N0VZJ1DXD924GT44Y.uasset
bulk-import-or-template-content	??	Content/__ExternalActors__/Cyberpunk/Maps/CyberAlley_WP/0/AE/Z9EK9C2DHAGDOFPAS1MFEH.uasset
bulk-import-or-template-content	??	Content/__ExternalActors__/Cyberpunk/Maps/CyberAlley_WP/0/AF/UG8NENLMC15IESL7OC5HU3.uasset
bulk-import-or-template-content	??	Content/__ExternalActors__/Cyberpunk/Maps/CyberAlley_WP/0/AW/95L5UOP1VBPQT9035KZFFT.uasset
bulk-import-or-template-content	??	Content/__ExternalActors__/Cyberpunk/Maps/CyberAlley_WP/0/B5/FBTL11BBGZCAWZUW4OR426.uasset
bulk-import-or-template-content	??	Content/__ExternalActors__/Cyberpunk/Maps/CyberAlley_WP/0/B5/W4722FCYVSPZO10QK1S29E.uasset
bulk-import-or-template-content	??	Content/__ExternalActors__/Cyberpunk/Maps/CyberAlley_WP/0/B7/BMQ70BAF1NIV6N4ALGNC77.uasset
bulk-import-or-template-content	??	Content/__ExternalActors__/Cyberpunk/Maps/CyberAlley_WP/0/BM/LRHPOWS4LWSWJQWJ711H3T.uasset
bulk-import-or-template-content	??	Content/__ExternalActors__/Cyberpunk/Maps/CyberAlley_WP/0/BY/0N3J7Z8XPFRQ6DJMLGRE3T.uasset
bulk-import-or-template-content	??	Content/__ExternalActors__/Cyberpunk/Maps/CyberAlley_WP/0/BY/E7Y7NWO06Q58AMUTOQD68F.uasset
bulk-import-or-template-content	??	Content/__ExternalActors__/Cyberpunk/Maps/CyberAlley_WP/0/C3/3N9TYS5UG6AF8XITFUWYZ8.uasset
bulk-import-or-template-content	??	Content/__ExternalActors__/Cyberpunk/Maps/CyberAlley_WP/0/CP/9O5U020O4KEGRTEFO1ZLL8.uasset
bulk-import-or-template-content	??	Content/__ExternalActors__/Cyberpunk/Maps/CyberAlley_WP/0/DD/2XIBZQC4C6AZ91KLO0LC1H.uasset
bulk-import-or-template-content	??	Content/__ExternalActors__/Cyberpunk/Maps/CyberAlley_WP/0/E0/PVF50CCHO8DRZ4MJGFV55U.uasset
bulk-import-or-template-content	??	Content/__ExternalActors__/Cyberpunk/Maps/CyberAlley_WP/0/E9/1H9K1DRJCV6EJG68JTNIUV.uasset
bulk-import-or-template-content	??	Content/__ExternalActors__/Cyberpunk/Maps/CyberAlley_WP/0/EB/7NPAY8ESUWN8ALBP08LMAY.uasset
bulk-import-or-template-content	??	Content/__ExternalActors__/Cyberpunk/Maps/CyberAlley_WP/0/EC/2AA1OOZSG5M4J7KZF9T5UG.uasset
bulk-import-or-template-content	??	Content/__ExternalActors__/Cyberpunk/Maps/CyberAlley_WP/0/EJ/LI5JIK776YNOMIXDV8980Z.uasset
bulk-import-or-template-content	??	Content/__ExternalActors__/Cyberpunk/Maps/CyberAlley_WP/0/EW/D8CIKEER5I0U8IUC6C5HIL.uasset
bulk-import-or-template-content	??	Content/__ExternalActors__/Cyberpunk/Maps/CyberAlley_WP/0/EY/4PBJP84QNZ5443E23HMTL7.uasset
bulk-import-or-template-content	??	Content/__ExternalActors__/Cyberpunk/Maps/CyberAlley_WP/0/EZ/XR6XFL585Q84FM8UK7H4ZS.uasset
bulk-import-or-template-content	??	Content/__ExternalActors__/Cyberpunk/Maps/CyberAlley_WP/0/FE/WFRMTTMRDZ96Y512J0OXQD.uasset
bulk-import-or-template-content	??	Content/__ExternalActors__/Cyberpunk/Maps/CyberAlley_WP/0/G1/QI4S12E9XNPO5L0DGLPLYD.uasset
bulk-import-or-template-content	??	Content/__ExternalActors__/Cyberpunk/Maps/CyberAlley_WP/0/G1/VG7VB1UGSCGYXKQJAQ8PSS.uasset
bulk-import-or-template-content	??	Content/__ExternalActors__/Cyberpunk/Maps/CyberAlley_WP/0/G8/6N2V98TRNKWZU698LE2J7F.uasset
bulk-import-or-template-content	??	Content/__ExternalActors__/Cyberpunk/Maps/CyberAlley_WP/0/H0/JDVNTKV3GV0FAVU74IOME5.uasset
bulk-import-or-template-content	??	Content/__ExternalActors__/Cyberpunk/Maps/CyberAlley_WP/0/H3/EGRDXH3LXZZSA8EA6V3T9Z.uasset
bulk-import-or-template-content	??	Content/__ExternalActors__/Cyberpunk/Maps/CyberAlley_WP/0/I0/O7N530EU20GHOGYTIDDBSJ.uasset
bulk-import-or-template-content	??	Content/__ExternalActors__/Cyberpunk/Maps/CyberAlley_WP/0/IS/3UV1XSX5IQ92HIIXDAIVG4.uasset
bulk-import-or-template-content	??	Content/__ExternalActors__/Cyberpunk/Maps/CyberAlley_WP/0/IX/2AAXABD08DIUFZKTL6PIMZ.uasset
bulk-import-or-template-content	??	Content/__ExternalActors__/Cyberpunk/Maps/CyberAlley_WP/0/J3/POEKHKQ4ZM5S5T49N4QPBR.uasset
bulk-import-or-template-content	??	Content/__ExternalActors__/Cyberpunk/Maps/CyberAlley_WP/0/JN/TRGI3Z1OMNQ4EXND897752.uasset
bulk-import-or-template-content	??	Content/__ExternalActors__/Cyberpunk/Maps/CyberAlley_WP/0/JO/NVZGR2XYMJUYK65COBVQCP.uasset
bulk-import-or-template-content	??	Content/__ExternalActors__/Cyberpunk/Maps/CyberAlley_WP/0/JU/5X93WBBL1L3TP7NP53NXUP.uasset
bulk-import-or-template-content	??	Content/__ExternalActors__/Cyberpunk/Maps/CyberAlley_WP/0/JX/9RHB2FE2TECAT0BXZHSHU0.uasset
bulk-import-or-template-content	??	Content/__ExternalActors__/Cyberpunk/Maps/CyberAlley_WP/0/JY/HGFT0SZ2XPQZMOJB5MQS9T.uasset
bulk-import-or-template-content	??	Content/__ExternalActors__/Cyberpunk/Maps/CyberAlley_WP/0/KE/OK2NKNP6RGR3Z12Z66IPKF.uasset
bulk-import-or-template-content	??	Content/__ExternalActors__/Cyberpunk/Maps/CyberAlley_WP/0/KI/RNT3GU2KGYLIX7PT4UN6ER.uasset
bulk-import-or-template-content	??	Content/__ExternalActors__/Cyberpunk/Maps/CyberAlley_WP/0/KK/NDMFGYOIET2PQIU3DJQTXX.uasset
bulk-import-or-template-content	??	Content/__ExternalActors__/Cyberpunk/Maps/CyberAlley_WP/0/LA/E2ABPDZKS86RTTGWECPDWW.uasset
bulk-import-or-template-content	??	Content/__ExternalActors__/Cyberpunk/Maps/CyberAlley_WP/0/LZ/NWCBPJBLTRAYT1GJ7KFPLS.uasset
bulk-import-or-template-content	??	Content/__ExternalActors__/Cyberpunk/Maps/CyberAlley_WP/0/M3/PLB1RNJN3HQIVRK76HURY5.uasset
bulk-import-or-template-content	??	Content/__ExternalActors__/Cyberpunk/Maps/CyberAlley_WP/0/MK/XA19FIQB3HHBQXVRFZSZP6.uasset
bulk-import-or-template-content	??	Content/__ExternalActors__/Cyberpunk/Maps/CyberAlley_WP/0/ML/36ACBVD1LBAXT0GPACEMD6.uasset
bulk-import-or-template-content	??	Content/__ExternalActors__/Cyberpunk/Maps/CyberAlley_WP/0/MQ/EM8CERV823QLQV74UCKVB0.uasset
bulk-import-or-template-content	??	Content/__ExternalActors__/Cyberpunk/Maps/CyberAlley_WP/0/NP/9IB12D36RGHH7G8BZD5WHQ.uasset
bulk-import-or-template-content	??	Content/__ExternalActors__/Cyberpunk/Maps/CyberAlley_WP/0/OD/WWT4YAPZN6228E52NES9YX.uasset
bulk-import-or-template-content	??	Content/__ExternalActors__/Cyberpunk/Maps/CyberAlley_WP/0/OO/E7EYT5LWMZ2HNSLIHI0NL1.uasset
bulk-import-or-template-content	??	Content/__ExternalActors__/Cyberpunk/Maps/CyberAlley_WP/0/OR/Q8WMNXRWVZFP2FZ97TY9GC.uasset
bulk-import-or-template-content	??	Content/__ExternalActors__/Cyberpunk/Maps/CyberAlley_WP/0/OU/6NP33DL3HH8FDBP5BDIRS4.uasset
bulk-import-or-template-content	??	Content/__ExternalActors__/Cyberpunk/Maps/CyberAlley_WP/0/OW/2NQE30HRMCV0ILS7JJV0X8.uasset
bulk-import-or-template-content	??	Content/__ExternalActors__/Cyberpunk/Maps/CyberAlley_WP/0/PG/KDQ947TNN0UY4ZOY497E82.uasset
bulk-import-or-template-content	??	Content/__ExternalActors__/Cyberpunk/Maps/CyberAlley_WP/0/Q1/DAC926G4L7JEM6GIK1XNCS.uasset
bulk-import-or-template-content	??	Content/__ExternalActors__/Cyberpunk/Maps/CyberAlley_WP/0/QD/B4WY14D6KYSTHICVGQN4UJ.uasset
bulk-import-or-template-content	??	Content/__ExternalActors__/Cyberpunk/Maps/CyberAlley_WP/0/QI/30SDOVNHTOOF1XODP5KX3M.uasset
bulk-import-or-template-content	??	Content/__ExternalActors__/Cyberpunk/Maps/CyberAlley_WP/0/QO/R2ARFU78TGKHHX95XXTE2O.uasset
bulk-import-or-template-content	??	Content/__ExternalActors__/Cyberpunk/Maps/CyberAlley_WP/0/QV/LWTAU0JA0XNVTW8CWSU1M6.uasset
bulk-import-or-template-content	??	Content/__ExternalActors__/Cyberpunk/Maps/CyberAlley_WP/0/R3/DC7N1ULIISAK25W1763L7D.uasset
bulk-import-or-template-content	??	Content/__ExternalActors__/Cyberpunk/Maps/CyberAlley_WP/0/R4/2CS72JEMRPVESWGPLG8GMY.uasset
bulk-import-or-template-content	??	Content/__ExternalActors__/Cyberpunk/Maps/CyberAlley_WP/0/R6/HDFRT204ANNOYZ3IZFMH5T.uasset
bulk-import-or-template-content	??	Content/__ExternalActors__/Cyberpunk/Maps/CyberAlley_WP/0/R9/N3RXIEDES0KHZ9BEN0W2PD.uasset
bulk-import-or-template-content	??	Content/__ExternalActors__/Cyberpunk/Maps/CyberAlley_WP/0/RG/C5I144CI1N2GAJ26TGMA89.uasset
bulk-import-or-template-content	??	Content/__ExternalActors__/Cyberpunk/Maps/CyberAlley_WP/0/RH/QX8H0AVC5399Y3ZQ6HHFBN.uasset
bulk-import-or-template-content	??	Content/__ExternalActors__/Cyberpunk/Maps/CyberAlley_WP/0/RZ/Z5SLE2E7NJ0I3UYESOPV33.uasset
bulk-import-or-template-content	??	Content/__ExternalActors__/Cyberpunk/Maps/CyberAlley_WP/0/S3/XTJZ3IEJ3E9Q3QXSIFZ36F.uasset
bulk-import-or-template-content	??	Content/__ExternalActors__/Cyberpunk/Maps/CyberAlley_WP/0/SH/Q40KQKXIR4YU02VYUPD1SK.uasset
bulk-import-or-template-content	??	Content/__ExternalActors__/Cyberpunk/Maps/CyberAlley_WP/0/TC/5352RPJNEUU7K7212M28TN.uasset
bulk-import-or-template-content	??	Content/__ExternalActors__/Cyberpunk/Maps/CyberAlley_WP/0/TQ/6XZ9O797SHAQRCFNSOKEAI.uasset
bulk-import-or-template-content	??	Content/__ExternalActors__/Cyberpunk/Maps/CyberAlley_WP/0/U3/D0JMYV78U7ZP2NL6OX6YHH.uasset
bulk-import-or-template-content	??	Content/__ExternalActors__/Cyberpunk/Maps/CyberAlley_WP/0/UG/VLA0EJA0GXTGBQBJUHNZLN.uasset
bulk-import-or-template-content	??	Content/__ExternalActors__/Cyberpunk/Maps/CyberAlley_WP/0/UN/91T19XLXP3D35FTKQYHM8B.uasset
bulk-import-or-template-content	??	Content/__ExternalActors__/Cyberpunk/Maps/CyberAlley_WP/0/UR/IBAZ6ZY15LUAJY8TNEYVRS.uasset
bulk-import-or-template-content	??	Content/__ExternalActors__/Cyberpunk/Maps/CyberAlley_WP/0/US/AGBWE17VU331N0O4GA6I1A.uasset
bulk-import-or-template-content	??	Content/__ExternalActors__/Cyberpunk/Maps/CyberAlley_WP/0/UZ/FEUUBTPH1X7T69VZZ75CQ5.uasset
bulk-import-or-template-content	??	Content/__ExternalActors__/Cyberpunk/Maps/CyberAlley_WP/0/VD/7XT3AVOO4K3E861UHPR6LH.uasset
bulk-import-or-template-content	??	Content/__ExternalActors__/Cyberpunk/Maps/CyberAlley_WP/0/VI/7FVYCTY436J19BCRSLPYWX.uasset
bulk-import-or-template-content	??	Content/__ExternalActors__/Cyberpunk/Maps/CyberAlley_WP/0/VR/TR1PXTBQBAHHJAV1J6J2WQ.uasset
bulk-import-or-template-content	??	Content/__ExternalActors__/Cyberpunk/Maps/CyberAlley_WP/0/WH/QNDT8YMI46Z0IIV626N6TE.uasset
bulk-import-or-template-content	??	Content/__ExternalActors__/Cyberpunk/Maps/CyberAlley_WP/0/XG/JC8J9Y3IG07JE1QK871P9R.uasset
bulk-import-or-template-content	??	Content/__ExternalActors__/Cyberpunk/Maps/CyberAlley_WP/0/XI/H11KUB01PU17XGQSQ8LSBK.uasset
bulk-import-or-template-content	??	Content/__ExternalActors__/Cyberpunk/Maps/CyberAlley_WP/0/XL/77GHFQZSMY94I5GJMSHLL9.uasset
bulk-import-or-template-content	??	Content/__ExternalActors__/Cyberpunk/Maps/CyberAlley_WP/0/Y2/TOFX2B2BOK5J2QMSJLGDFA.uasset
bulk-import-or-template-content	??	Content/__ExternalActors__/Cyberpunk/Maps/CyberAlley_WP/0/YS/D8467UC0SFQA7NOTYUZGX6.uasset
bulk-import-or-template-content	??	Content/__ExternalActors__/Cyberpunk/Maps/CyberAlley_WP/0/YY/2LDJFT271YFYCS4IR1BD7X.uasset
bulk-import-or-template-content	??	Content/__ExternalActors__/Cyberpunk/Maps/CyberAlley_WP/0/ZE/F47TH9U6XF8JP1K4XJF4JA.uasset
bulk-import-or-template-content	??	Content/__ExternalActors__/Cyberpunk/Maps/CyberAlley_WP/0/ZO/TPTTAIMH1NDREYKA1F6SD0.uasset
bulk-import-or-template-content	??	Content/__ExternalActors__/Cyberpunk/Maps/CyberAlley_WP/1/00/J38JLK52UH17QTPBVN2FT8.uasset
bulk-import-or-template-content	??	Content/__ExternalActors__/Cyberpunk/Maps/CyberAlley_WP/1/04/UZQSJTCIQUY6VUIUD4DV3Y.uasset
bulk-import-or-template-content	??	Content/__ExternalActors__/Cyberpunk/Maps/CyberAlley_WP/1/0N/X8S6I7YQP48W0J12PHSEOT.uasset
bulk-import-or-template-content	??	Content/__ExternalActors__/Cyberpunk/Maps/CyberAlley_WP/1/0T/SMSPVVL07DJZEWMP0B9JSM.uasset
bulk-import-or-template-content	??	Content/__ExternalActors__/Cyberpunk/Maps/CyberAlley_WP/1/0T/THD0YXOMP0VXX0HDTMA9TP.uasset
bulk-import-or-template-content	??	Content/__ExternalActors__/Cyberpunk/Maps/CyberAlley_WP/1/1M/V340KDQRCOHP1AC9IBY0T4.uasset
bulk-import-or-template-content	??	Content/__ExternalActors__/Cyberpunk/Maps/CyberAlley_WP/1/1Q/X7U513RR00Z17AI1XIU904.uasset
bulk-import-or-template-content	??	Content/__ExternalActors__/Cyberpunk/Maps/CyberAlley_WP/1/20/ZBF6D4LWHWP2FNR6SWHPRF.uasset
bulk-import-or-template-content	??	Content/__ExternalActors__/Cyberpunk/Maps/CyberAlley_WP/1/29/S9FXZHO4FWAM2I0RYEJZ8V.uasset
bulk-import-or-template-content	??	Content/__ExternalActors__/Cyberpunk/Maps/CyberAlley_WP/1/3D/GVD4Q7KZMX6095U8H2B1WR.uasset
bulk-import-or-template-content	??	Content/__ExternalActors__/Cyberpunk/Maps/CyberAlley_WP/1/3E/HHE93GS8RO1LKZSH8P5PTA.uasset
bulk-import-or-template-content	??	Content/__ExternalActors__/Cyberpunk/Maps/CyberAlley_WP/1/3J/242XTJDUNO3Y9MT5U0JO4N.uasset
bulk-import-or-template-content	??	Content/__ExternalActors__/Cyberpunk/Maps/CyberAlley_WP/1/43/68L0F7O7Q0T13YPFFVUAQ9.uasset
bulk-import-or-template-content	??	Content/__ExternalActors__/Cyberpunk/Maps/CyberAlley_WP/1/48/2KRAZ7V2Y94DMITOZEPM3C.uasset
bulk-import-or-template-content	??	Content/__ExternalActors__/Cyberpunk/Maps/CyberAlley_WP/1/4H/UFEF7KCBCGR0T94G92NMMF.uasset
bulk-import-or-template-content	??	Content/__ExternalActors__/Cyberpunk/Maps/CyberAlley_WP/1/4I/G5AMBLLFTY16LXHGN8V8PQ.uasset
bulk-import-or-template-content	??	Content/__ExternalActors__/Cyberpunk/Maps/CyberAlley_WP/1/4M/48DWLBX8DDIPMDKO91DQJ2.uasset
bulk-import-or-template-content	??	Content/__ExternalActors__/Cyberpunk/Maps/CyberAlley_WP/1/4T/4ABN902JVRED9DKQP2DZSV.uasset
bulk-import-or-template-content	??	Content/__ExternalActors__/Cyberpunk/Maps/CyberAlley_WP/1/54/QSYS5WUYXNQSZLFQJP1AO9.uasset
bulk-import-or-template-content	??	Content/__ExternalActors__/Cyberpunk/Maps/CyberAlley_WP/1/5Q/DENNVDH5WDIGQHF8BASSHZ.uasset
bulk-import-or-template-content	??	Content/__ExternalActors__/Cyberpunk/Maps/CyberAlley_WP/1/62/46JVDH5R4MM0VZVV8D0AKC.uasset
bulk-import-or-template-content	??	Content/__ExternalActors__/Cyberpunk/Maps/CyberAlley_WP/1/66/SRSLKPAM84LH1NMUEHRJJX.uasset
bulk-import-or-template-content	??	Content/__ExternalActors__/Cyberpunk/Maps/CyberAlley_WP/1/6J/8HBM4CS47HI8ZYFL2WGDI6.uasset
bulk-import-or-template-content	??	Content/__ExternalActors__/Cyberpunk/Maps/CyberAlley_WP/1/73/PL1JBLUCBJH785E2F8HWN3.uasset
bulk-import-or-template-content	??	Content/__ExternalActors__/Cyberpunk/Maps/CyberAlley_WP/1/7X/UCYDFPZPYSA2B50S6G3FIU.uasset
bulk-import-or-template-content	??	Content/__ExternalActors__/Cyberpunk/Maps/CyberAlley_WP/1/7Y/C2XXYGCMMRR03H0P9ZJ7KV.uasset
bulk-import-or-template-content	??	Content/__ExternalActors__/Cyberpunk/Maps/CyberAlley_WP/1/8J/XQIHEAK0VIR5LEMCBAF6RZ.uasset
bulk-import-or-template-content	??	Content/__ExternalActors__/Cyberpunk/Maps/CyberAlley_WP/1/9Q/17XUGTP9Z8UUIZT4BL2TU2.uasset
bulk-import-or-template-content	??	Content/__ExternalActors__/Cyberpunk/Maps/CyberAlley_WP/1/9T/MWA75YZBV8DNH7OY469YAN.uasset
bulk-import-or-template-content	??	Content/__ExternalActors__/Cyberpunk/Maps/CyberAlley_WP/1/9V/DAOSRA05RBZG7L4WV4UH6C.uasset
bulk-import-or-template-content	??	Content/__ExternalActors__/Cyberpunk/Maps/CyberAlley_WP/1/A6/FK8C78OTI3TLB5E9MBQVH1.uasset
bulk-import-or-template-content	??	Content/__ExternalActors__/Cyberpunk/Maps/CyberAlley_WP/1/A7/3T9EG4CI8UFLEZZ6OU0F0Z.uasset
bulk-import-or-template-content	??	Content/__ExternalActors__/Cyberpunk/Maps/CyberAlley_WP/1/AQ/08QWETBZRTQICVW1GVTEJP.uasset
bulk-import-or-template-content	??	Content/__ExternalActors__/Cyberpunk/Maps/CyberAlley_WP/1/AR/H2TNLHWNMOM5CZF54VOWWM.uasset
bulk-import-or-template-content	??	Content/__ExternalActors__/Cyberpunk/Maps/CyberAlley_WP/1/AY/FMXCABLEIALZB169XNLN36.uasset
bulk-import-or-template-content	??	Content/__ExternalActors__/Cyberpunk/Maps/CyberAlley_WP/1/B0/NSS04Z869JEG5XRPXKWOA3.uasset
bulk-import-or-template-content	??	Content/__ExternalActors__/Cyberpunk/Maps/CyberAlley_WP/1/B9/N6TVDSADF1RO7WKG2YGQ5G.uasset
bulk-import-or-template-content	??	Content/__ExternalActors__/Cyberpunk/Maps/CyberAlley_WP/1/BG/XNK3K9SHR7REZQ48CAOC1Q.uasset
bulk-import-or-template-content	??	Content/__ExternalActors__/Cyberpunk/Maps/CyberAlley_WP/1/BL/BBCLJZBYVLMBKPPOVEF1YU.uasset
bulk-import-or-template-content	??	Content/__ExternalActors__/Cyberpunk/Maps/CyberAlley_WP/1/BL/FL8NQRV3Y5J6YDQ8H6J4U1.uasset
bulk-import-or-template-content	??	Content/__ExternalActors__/Cyberpunk/Maps/CyberAlley_WP/1/BM/2L982NLQSMAMOT8PKX9O4V.uasset
bulk-import-or-template-content	??	Content/__ExternalActors__/Cyberpunk/Maps/CyberAlley_WP/1/BO/TQ30W7JM9WA088Y8AC4BOA.uasset
bulk-import-or-template-content	??	Content/__ExternalActors__/Cyberpunk/Maps/CyberAlley_WP/1/BT/6AE9WRQJHGZ9U7KFVH706D.uasset
bulk-import-or-template-content	??	Content/__ExternalActors__/Cyberpunk/Maps/CyberAlley_WP/1/BX/6OJZYUG4Z4R1457YSAQF1K.uasset
bulk-import-or-template-content	??	Content/__ExternalActors__/Cyberpunk/Maps/CyberAlley_WP/1/CL/Q8N047RYFQS3D8FIUJK14D.uasset
bulk-import-or-template-content	??	Content/__ExternalActors__/Cyberpunk/Maps/CyberAlley_WP/1/DA/XSDKNB9OGIDYRDNAFDYHUV.uasset
bulk-import-or-template-content	??	Content/__ExternalActors__/Cyberpunk/Maps/CyberAlley_WP/1/DB/QC2J67N65QFBBJQZTV9822.uasset
bulk-import-or-template-content	??	Content/__ExternalActors__/Cyberpunk/Maps/CyberAlley_WP/1/DO/ISNANQ0H2VFMTT6JGU42SQ.uasset
bulk-import-or-template-content	??	Content/__ExternalActors__/Cyberpunk/Maps/CyberAlley_WP/1/DP/1U5N6WIBZIKYW7V5DBZD7O.uasset
bulk-import-or-template-content	??	Content/__ExternalActors__/Cyberpunk/Maps/CyberAlley_WP/1/E2/KUSSVSQIVQAU3Z883NQF45.uasset
bulk-import-or-template-content	??	Content/__ExternalActors__/Cyberpunk/Maps/CyberAlley_WP/1/EF/9ZJWZ8FCHI9FE8ELTIVDRE.uasset
bulk-import-or-template-content	??	Content/__ExternalActors__/Cyberpunk/Maps/CyberAlley_WP/1/EP/F3M10G3A2M7VOYCUBI4KAK.uasset
bulk-import-or-template-content	??	Content/__ExternalActors__/Cyberpunk/Maps/CyberAlley_WP/1/EW/UB4X7ONE1XHILCBDH38RWC.uasset
bulk-import-or-template-content	??	Content/__ExternalActors__/Cyberpunk/Maps/CyberAlley_WP/1/FD/4GMGR837NSS5I7Y08EO3KQ.uasset
bulk-import-or-template-content	??	Content/__ExternalActors__/Cyberpunk/Maps/CyberAlley_WP/1/GL/6066LWLLNG4MU0PEWDX1U7.uasset
bulk-import-or-template-content	??	Content/__ExternalActors__/Cyberpunk/Maps/CyberAlley_WP/1/H2/662WZGNW32AAA2CNJ0PEAD.uasset
bulk-import-or-template-content	??	Content/__ExternalActors__/Cyberpunk/Maps/CyberAlley_WP/1/HZ/G60TH4934Z3UP56DM1CNLY.uasset
bulk-import-or-template-content	??	Content/__ExternalActors__/Cyberpunk/Maps/CyberAlley_WP/1/I3/9OM6OI2FBI7H8JZPRXN0TB.uasset
bulk-import-or-template-content	??	Content/__ExternalActors__/Cyberpunk/Maps/CyberAlley_WP/1/J6/26LSRVJK4AHWI5UMKNEYN7.uasset
bulk-import-or-template-content	??	Content/__ExternalActors__/Cyberpunk/Maps/CyberAlley_WP/1/JA/IJFQ26AQAHWL9MDAPT22G3.uasset
bulk-import-or-template-content	??	Content/__ExternalActors__/Cyberpunk/Maps/CyberAlley_WP/1/JD/L0BP7YXVD8O9LL21LJNLYS.uasset
bulk-import-or-template-content	??	Content/__ExternalActors__/Cyberpunk/Maps/CyberAlley_WP/1/JW/C8XOWY611SMRIRXWLE0674.uasset
bulk-import-or-template-content	??	Content/__ExternalActors__/Cyberpunk/Maps/CyberAlley_WP/1/K0/D91QWI70M72X5GLH9T4JTP.uasset
bulk-import-or-template-content	??	Content/__ExternalActors__/Cyberpunk/Maps/CyberAlley_WP/1/K6/G1PTC6ANFVLLTW25EEYI1Y.uasset
bulk-import-or-template-content	??	Content/__ExternalActors__/Cyberpunk/Maps/CyberAlley_WP/1/KD/2VHZ1ED1TBKFT0Z7U5M0MZ.uasset
bulk-import-or-template-content	??	Content/__ExternalActors__/Cyberpunk/Maps/CyberAlley_WP/1/KE/VDF5PNZ3Y2D8085GFO3ZPC.uasset
bulk-import-or-template-content	??	Content/__ExternalActors__/Cyberpunk/Maps/CyberAlley_WP/1/L0/YY1E583QOXKZ4G18T1CWK8.uasset
bulk-import-or-template-content	??	Content/__ExternalActors__/Cyberpunk/Maps/CyberAlley_WP/1/L5/DFHW8QZFQ9EOGIKWA5N62J.uasset
bulk-import-or-template-content	??	Content/__ExternalActors__/Cyberpunk/Maps/CyberAlley_WP/1/L8/SQV116CNZH0LJZW7RTX6XT.uasset
bulk-import-or-template-content	??	Content/__ExternalActors__/Cyberpunk/Maps/CyberAlley_WP/1/LW/XJGA701R8LAOR5LAK78XN1.uasset
bulk-import-or-template-content	??	Content/__ExternalActors__/Cyberpunk/Maps/CyberAlley_WP/1/M4/D7NJNQIW4DT576R94O507F.uasset
bulk-import-or-template-content	??	Content/__ExternalActors__/Cyberpunk/Maps/CyberAlley_WP/1/M5/S990SYDGA2HUN5VM5X50FR.uasset
bulk-import-or-template-content	??	Content/__ExternalActors__/Cyberpunk/Maps/CyberAlley_WP/1/MB/8I1I5MZAT97MNSP9L1WVQC.uasset
bulk-import-or-template-content	??	Content/__ExternalActors__/Cyberpunk/Maps/CyberAlley_WP/1/MH/6H2UQ3AK6H6ZXC77QBJPDY.uasset
bulk-import-or-template-content	??	Content/__ExternalActors__/Cyberpunk/Maps/CyberAlley_WP/1/NA/ZB8P9UGSOLVQOKKJ1UOWKW.uasset
bulk-import-or-template-content	??	Content/__ExternalActors__/Cyberpunk/Maps/CyberAlley_WP/1/NP/Y3NOOHVTUNYM5OKCTFJHCI.uasset
bulk-import-or-template-content	??	Content/__ExternalActors__/Cyberpunk/Maps/CyberAlley_WP/1/NQ/4D8LZT25CRWZNR6L5AHBZS.uasset
bulk-import-or-template-content	??	Content/__ExternalActors__/Cyberpunk/Maps/CyberAlley_WP/1/NV/K65AQM3CI9D96W57BY9U39.uasset
bulk-import-or-template-content	??	Content/__ExternalActors__/Cyberpunk/Maps/CyberAlley_WP/1/OA/5PDSR1G7ALZL2GF6U3FQ5Q.uasset
bulk-import-or-template-content	??	Content/__ExternalActors__/Cyberpunk/Maps/CyberAlley_WP/1/OC/U31NWGYL4ZWV8RY0D2FRC5.uasset
bulk-import-or-template-content	??	Content/__ExternalActors__/Cyberpunk/Maps/CyberAlley_WP/1/OD/1VW0H15DSIW0LP3VCG1I8T.uasset
bulk-import-or-template-content	??	Content/__ExternalActors__/Cyberpunk/Maps/CyberAlley_WP/1/OR/GN4VHNEESJ5U8K4PTF3QZ2.uasset
bulk-import-or-template-content	??	Content/__ExternalActors__/Cyberpunk/Maps/CyberAlley_WP/1/OU/TVSNCZTCHHFVKWAQT13O7P.uasset
bulk-import-or-template-content	??	Content/__ExternalActors__/Cyberpunk/Maps/CyberAlley_WP/1/OY/3WRYHY5VV1E95W1PNHZEU7.uasset
bulk-import-or-template-content	??	Content/__ExternalActors__/Cyberpunk/Maps/CyberAlley_WP/1/P9/JTCUN7PYTDJPO38Z4PC7OT.uasset
bulk-import-or-template-content	??	Content/__ExternalActors__/Cyberpunk/Maps/CyberAlley_WP/1/PI/GMPPMWN6H22DAPNSQHAHF9.uasset
bulk-import-or-template-content	??	Content/__ExternalActors__/Cyberpunk/Maps/CyberAlley_WP/1/PU/TM61TQU4QR62QIYGI9CAOP.uasset
bulk-import-or-template-content	??	Content/__ExternalActors__/Cyberpunk/Maps/CyberAlley_WP/1/QD/I9136UPALZD8QVDTD3DNT7.uasset
bulk-import-or-template-content	??	Content/__ExternalActors__/Cyberpunk/Maps/CyberAlley_WP/1/QI/5NJPSJ1B8UTRLGEP58U19C.uasset
bulk-import-or-template-content	??	Content/__ExternalActors__/Cyberpunk/Maps/CyberAlley_WP/1/QL/8Z0XZG58AQWOPBYYVQ4D2H.uasset
bulk-import-or-template-content	??	Content/__ExternalActors__/Cyberpunk/Maps/CyberAlley_WP/1/QN/WKGIVY7VLTZHFZFZMH4HOU.uasset
bulk-import-or-template-content	??	Content/__ExternalActors__/Cyberpunk/Maps/CyberAlley_WP/1/R0/0YAK6JFZI58T37OLFSYZ1U.uasset
bulk-import-or-template-content	??	Content/__ExternalActors__/Cyberpunk/Maps/CyberAlley_WP/1/RH/RZE3GAI0TJYDLU8ALUUUJQ.uasset
bulk-import-or-template-content	??	Content/__ExternalActors__/Cyberpunk/Maps/CyberAlley_WP/1/S0/SDL8BGRVBVGBVPGHNNO22F.uasset
bulk-import-or-template-content	??	Content/__ExternalActors__/Cyberpunk/Maps/CyberAlley_WP/1/SA/Q957CVCNEZCEZ2C1EKPRBV.uasset
bulk-import-or-template-content	??	Content/__ExternalActors__/Cyberpunk/Maps/CyberAlley_WP/1/SD/R5XEBVJ2J9EPT9SV19QJRJ.uasset
bulk-import-or-template-content	??	Content/__ExternalActors__/Cyberpunk/Maps/CyberAlley_WP/1/SF/D9K3P9HW1WZCZVXJVUZYRB.uasset
bulk-import-or-template-content	??	Content/__ExternalActors__/Cyberpunk/Maps/CyberAlley_WP/1/T3/V82WB365TYYPHH87SNTIPF.uasset
bulk-import-or-template-content	??	Content/__ExternalActors__/Cyberpunk/Maps/CyberAlley_WP/1/T3/Z9NS91V7P1HJPJ7XC241FJ.uasset
bulk-import-or-template-content	??	Content/__ExternalActors__/Cyberpunk/Maps/CyberAlley_WP/1/T9/Q1RV16QECJQBIT9DBE7ZAM.uasset
bulk-import-or-template-content	??	Content/__ExternalActors__/Cyberpunk/Maps/CyberAlley_WP/1/TP/002208GQ4FNSZC0X0P2HB6.uasset
bulk-import-or-template-content	??	Content/__ExternalActors__/Cyberpunk/Maps/CyberAlley_WP/1/U2/74A41IJ2SF5HRHHWHWG45B.uasset
bulk-import-or-template-content	??	Content/__ExternalActors__/Cyberpunk/Maps/CyberAlley_WP/1/U4/Z2D227IQMRHJW922X84DTJ.uasset
bulk-import-or-template-content	??	Content/__ExternalActors__/Cyberpunk/Maps/CyberAlley_WP/1/U6/WIU1PMFO72Z2JMDRVS4FQP.uasset
bulk-import-or-template-content	??	Content/__ExternalActors__/Cyberpunk/Maps/CyberAlley_WP/1/UN/07HBL6KDBP5ZY9LAWPWNP2.uasset
bulk-import-or-template-content	??	Content/__ExternalActors__/Cyberpunk/Maps/CyberAlley_WP/1/VK/B8QZ2QDB1DN00RV4VEH86M.uasset
bulk-import-or-template-content	??	Content/__ExternalActors__/Cyberpunk/Maps/CyberAlley_WP/1/VR/DZFKND1YEKPVOCMGP3K1BB.uasset
bulk-import-or-template-content	??	Content/__ExternalActors__/Cyberpunk/Maps/CyberAlley_WP/1/VZ/V6FZJWIK0NQUCSINIM97CU.uasset
bulk-import-or-template-content	??	Content/__ExternalActors__/Cyberpunk/Maps/CyberAlley_WP/1/WE/N3KJY1UJLOO52MM17UT2AT.uasset
bulk-import-or-template-content	??	Content/__ExternalActors__/Cyberpunk/Maps/CyberAlley_WP/1/WP/PWW23MWIG2B9LPHOFEG0G1.uasset
bulk-import-or-template-content	??	Content/__ExternalActors__/Cyberpunk/Maps/CyberAlley_WP/1/WS/3Q9TEFDU9YTSL4IRN3PKH2.uasset
bulk-import-or-template-content	??	Content/__ExternalActors__/Cyberpunk/Maps/CyberAlley_WP/1/WZ/1T8BYU1GMMQWMLDPPKQ3CD.uasset
bulk-import-or-template-content	??	Content/__ExternalActors__/Cyberpunk/Maps/CyberAlley_WP/1/XI/YQNYHPNFG456OQ813V4YKK.uasset
bulk-import-or-template-content	??	Content/__ExternalActors__/Cyberpunk/Maps/CyberAlley_WP/1/XU/63F95SYIRO6UE9LH7UV61D.uasset
bulk-import-or-template-content	??	Content/__ExternalActors__/Cyberpunk/Maps/CyberAlley_WP/1/Z0/OASYGP7HZY60SU2PC2TRGM.uasset
bulk-import-or-template-content	??	Content/__ExternalActors__/Cyberpunk/Maps/CyberAlley_WP/1/Z5/16RTYWZNWBAKALWMC9HEG7.uasset
bulk-import-or-template-content	??	Content/__ExternalActors__/Cyberpunk/Maps/CyberAlley_WP/1/Z6/O2JVZHTIQUELQ45U58HDGH.uasset
bulk-import-or-template-content	??	Content/__ExternalActors__/Cyberpunk/Maps/CyberAlley_WP/1/ZM/ORJ4Y2T6K2GFMUVR0XX9G4.uasset
bulk-import-or-template-content	??	Content/__ExternalActors__/Cyberpunk/Maps/CyberAlley_WP/1/ZR/I5RCI8G2UWO7THQMTAXC1U.uasset
bulk-import-or-template-content	??	Content/__ExternalActors__/Cyberpunk/Maps/CyberAlley_WP/2/0U/94D8WO3MDQO37WICKZCNAB.uasset
bulk-import-or-template-content	??	Content/__ExternalActors__/Cyberpunk/Maps/CyberAlley_WP/2/14/ZTSAQ7YLMSHY9ATN191GTS.uasset
bulk-import-or-template-content	??	Content/__ExternalActors__/Cyberpunk/Maps/CyberAlley_WP/2/1I/8XI75TZMPC4BVI9D7I4SZC.uasset
bulk-import-or-template-content	??	Content/__ExternalActors__/Cyberpunk/Maps/CyberAlley_WP/2/1N/8ZLGR7B14VVAPDGV1ZJ2DB.uasset
bulk-import-or-template-content	??	Content/__ExternalActors__/Cyberpunk/Maps/CyberAlley_WP/2/1T/Y8PS6L6JNVWNGI8REY7C0B.uasset
bulk-import-or-template-content	??	Content/__ExternalActors__/Cyberpunk/Maps/CyberAlley_WP/2/23/Z2PDX2U7HIEC4PRD2Z6WC4.uasset
bulk-import-or-template-content	??	Content/__ExternalActors__/Cyberpunk/Maps/CyberAlley_WP/2/2L/JCN9KR8XKRXFMNPAJX6ODA.uasset
bulk-import-or-template-content	??	Content/__ExternalActors__/Cyberpunk/Maps/CyberAlley_WP/2/2M/KYD66WHZFERWKV6QMAD1PY.uasset
bulk-import-or-template-content	??	Content/__ExternalActors__/Cyberpunk/Maps/CyberAlley_WP/2/2U/MJFZLIPG9259CAFDD13YMM.uasset
bulk-import-or-template-content	??	Content/__ExternalActors__/Cyberpunk/Maps/CyberAlley_WP/2/2Y/EN9VXC9XHAZSFHK5UT8RKS.uasset
bulk-import-or-template-content	??	Content/__ExternalActors__/Cyberpunk/Maps/CyberAlley_WP/2/39/GZ907TJBIZ8D8F7VJODP2A.uasset
bulk-import-or-template-content	??	Content/__ExternalActors__/Cyberpunk/Maps/CyberAlley_WP/2/3P/IS7MHQGT3V1UVBUMK41HTQ.uasset
bulk-import-or-template-content	??	Content/__ExternalActors__/Cyberpunk/Maps/CyberAlley_WP/2/3X/ZX412R9LVPUQ0JVYR59406.uasset
bulk-import-or-template-content	??	Content/__ExternalActors__/Cyberpunk/Maps/CyberAlley_WP/2/3Z/6V2JJXSGYSPNWJZEYHSPJZ.uasset
bulk-import-or-template-content	??	Content/__ExternalActors__/Cyberpunk/Maps/CyberAlley_WP/2/41/PXF1CWRTXXABQKCBTBU5LJ.uasset
bulk-import-or-template-content	??	Content/__ExternalActors__/Cyberpunk/Maps/CyberAlley_WP/2/43/M6EEURNP2KDN5MPA3EJ866.uasset
bulk-import-or-template-content	??	Content/__ExternalActors__/Cyberpunk/Maps/CyberAlley_WP/2/44/6HIRWATR2MD89BHYHNUJ1A.uasset
bulk-import-or-template-content	??	Content/__ExternalActors__/Cyberpunk/Maps/CyberAlley_WP/2/4C/XM7K37YDU7N14ZWNZM3OEI.uasset
bulk-import-or-template-content	??	Content/__ExternalActors__/Cyberpunk/Maps/CyberAlley_WP/2/4E/J4ALPECDU7R37MZHM4O2L7.uasset
bulk-import-or-template-content	??	Content/__ExternalActors__/Cyberpunk/Maps/CyberAlley_WP/2/5U/Q3LPJASDHL4VTOZJL4ZFS9.uasset
bulk-import-or-template-content	??	Content/__ExternalActors__/Cyberpunk/Maps/CyberAlley_WP/2/6G/F6ST2803OFB0CSG0J994HB.uasset
bulk-import-or-template-content	??	Content/__ExternalActors__/Cyberpunk/Maps/CyberAlley_WP/2/6N/XNDOK0S1S6PHYMYXRENCYV.uasset
bulk-import-or-template-content	??	Content/__ExternalActors__/Cyberpunk/Maps/CyberAlley_WP/2/6R/QA449P7HZ226DAMG01APMF.uasset
bulk-import-or-template-content	??	Content/__ExternalActors__/Cyberpunk/Maps/CyberAlley_WP/2/6S/AKVEI0Q63HB8YLUG4W90RH.uasset
bulk-import-or-template-content	??	Content/__ExternalActors__/Cyberpunk/Maps/CyberAlley_WP/2/70/YMAVXLU9INBLCQWORH0PNI.uasset
bulk-import-or-template-content	??	Content/__ExternalActors__/Cyberpunk/Maps/CyberAlley_WP/2/7H/YQ39V12XOQIVZBW38I5T3D.uasset
bulk-import-or-template-content	??	Content/__ExternalActors__/Cyberpunk/Maps/CyberAlley_WP/2/7I/09I4A6LFQA1QQR6MJ54SMP.uasset
bulk-import-or-template-content	??	Content/__ExternalActors__/Cyberpunk/Maps/CyberAlley_WP/2/7M/6LTA5E6USIGDFHMVJOYT53.uasset
bulk-import-or-template-content	??	Content/__ExternalActors__/Cyberpunk/Maps/CyberAlley_WP/2/8B/52PZ0T16GFT1D27CZ2H4G6.uasset
bulk-import-or-template-content	??	Content/__ExternalActors__/Cyberpunk/Maps/CyberAlley_WP/2/8E/M5C68R9GLOW1BNOKO462JK.uasset
bulk-import-or-template-content	??	Content/__ExternalActors__/Cyberpunk/Maps/CyberAlley_WP/2/9G/WLSNB0RRE7LVDWMP0YYIXC.uasset
bulk-import-or-template-content	??	Content/__ExternalActors__/Cyberpunk/Maps/CyberAlley_WP/2/9L/WBPFH1UE26WL2OBHBFO6SM.uasset
bulk-import-or-template-content	??	Content/__ExternalActors__/Cyberpunk/Maps/CyberAlley_WP/2/9W/4RVRX7UFV3MUAVND538SBQ.uasset
bulk-import-or-template-content	??	Content/__ExternalActors__/Cyberpunk/Maps/CyberAlley_WP/2/AC/VCJIYA2VSY2612SPHHQS34.uasset
bulk-import-or-template-content	??	Content/__ExternalActors__/Cyberpunk/Maps/CyberAlley_WP/2/AF/IJVEKV3IJJY98UT5EJHN9X.uasset
bulk-import-or-template-content	??	Content/__ExternalActors__/Cyberpunk/Maps/CyberAlley_WP/2/AG/09M17LWLD27I92TUKFL7O4.uasset
bulk-import-or-template-content	??	Content/__ExternalActors__/Cyberpunk/Maps/CyberAlley_WP/2/B5/7FFJCPLL1UKGUM8ST57FIJ.uasset
bulk-import-or-template-content	??	Content/__ExternalActors__/Cyberpunk/Maps/CyberAlley_WP/2/BZ/4L0YZJSF5JEAOH3IIZ6IDW.uasset
bulk-import-or-template-content	??	Content/__ExternalActors__/Cyberpunk/Maps/CyberAlley_WP/2/CJ/O90KN6BDVLU89G9LIDHCFN.uasset
bulk-import-or-template-content	??	Content/__ExternalActors__/Cyberpunk/Maps/CyberAlley_WP/2/CK/4AQGH93I0R9VDSQGCWRU17.uasset
bulk-import-or-template-content	??	Content/__ExternalActors__/Cyberpunk/Maps/CyberAlley_WP/2/D2/76OEOD7OKT2K8O22JOF9M9.uasset
bulk-import-or-template-content	??	Content/__ExternalActors__/Cyberpunk/Maps/CyberAlley_WP/2/DI/HGPDZM9O2832ENAMTXM5ER.uasset
bulk-import-or-template-content	??	Content/__ExternalActors__/Cyberpunk/Maps/CyberAlley_WP/2/DQ/2T0FVQODLI2C6K77JE5YGN.uasset
bulk-import-or-template-content	??	Content/__ExternalActors__/Cyberpunk/Maps/CyberAlley_WP/2/DX/03O8V4JD5S99L5AD67BXVB.uasset
bulk-import-or-template-content	??	Content/__ExternalActors__/Cyberpunk/Maps/CyberAlley_WP/2/DX/SYDZW4O9DNMPOAJ064VYSQ.uasset
bulk-import-or-template-content	??	Content/__ExternalActors__/Cyberpunk/Maps/CyberAlley_WP/2/EL/6VRL9LJW1NUAQ06KX3R3F1.uasset
bulk-import-or-template-content	??	Content/__ExternalActors__/Cyberpunk/Maps/CyberAlley_WP/2/EL/LG1VHTTYVU8BZUKOEG4GAZ.uasset
bulk-import-or-template-content	??	Content/__ExternalActors__/Cyberpunk/Maps/CyberAlley_WP/2/EP/J5YMSHO5BGEXHC5T1D8KRM.uasset
bulk-import-or-template-content	??	Content/__ExternalActors__/Cyberpunk/Maps/CyberAlley_WP/2/FO/OSOTYG6RVJ6MK1N2DU99PK.uasset
bulk-import-or-template-content	??	Content/__ExternalActors__/Cyberpunk/Maps/CyberAlley_WP/2/GG/0FR2WNBNUIHGJDFMRGPGY0.uasset
bulk-import-or-template-content	??	Content/__ExternalActors__/Cyberpunk/Maps/CyberAlley_WP/2/GM/LARDT4D5K6LRQZWLAIV526.uasset
bulk-import-or-template-content	??	Content/__ExternalActors__/Cyberpunk/Maps/CyberAlley_WP/2/GV/BSU5VBJOHSZ8MW1LO5FITP.uasset
bulk-import-or-template-content	??	Content/__ExternalActors__/Cyberpunk/Maps/CyberAlley_WP/2/H3/H769742OZB0T2P7SNHE92F.uasset
bulk-import-or-template-content	??	Content/__ExternalActors__/Cyberpunk/Maps/CyberAlley_WP/2/H6/RBQNCXNBZLPLSSA8F0HR5J.uasset
bulk-import-or-template-content	??	Content/__ExternalActors__/Cyberpunk/Maps/CyberAlley_WP/2/H9/HDD2JF0HISXAIYZSK6JHT8.uasset
bulk-import-or-template-content	??	Content/__ExternalActors__/Cyberpunk/Maps/CyberAlley_WP/2/HC/YIYN9J7EVENQCJA9K3CFO0.uasset
bulk-import-or-template-content	??	Content/__ExternalActors__/Cyberpunk/Maps/CyberAlley_WP/2/HF/KA2D13YAFTXVBKYU0F2EIB.uasset
bulk-import-or-template-content	??	Content/__ExternalActors__/Cyberpunk/Maps/CyberAlley_WP/2/HS/R1FD3BPJ7IY2SMD0JDY3ET.uasset
bulk-import-or-template-content	??	Content/__ExternalActors__/Cyberpunk/Maps/CyberAlley_WP/2/I7/YDALI9P7X2H4X6FZ7XLOIK.uasset
bulk-import-or-template-content	??	Content/__ExternalActors__/Cyberpunk/Maps/CyberAlley_WP/2/IB/BCYS54T570CPT1SPDE1MQ7.uasset
bulk-import-or-template-content	??	Content/__ExternalActors__/Cyberpunk/Maps/CyberAlley_WP/2/II/9XSIAEZRA8OENSA63VJTHA.uasset
bulk-import-or-template-content	??	Content/__ExternalActors__/Cyberpunk/Maps/CyberAlley_WP/2/IJ/SDBSU1CB6WPYXLOJ5DMVIK.uasset
bulk-import-or-template-content	??	Content/__ExternalActors__/Cyberpunk/Maps/CyberAlley_WP/2/IK/LGKOKW5NYC7TUWY5MEWVKN.uasset
bulk-import-or-template-content	??	Content/__ExternalActors__/Cyberpunk/Maps/CyberAlley_WP/2/IY/KJHLKYCLNAHYKFIW0AVQ80.uasset
bulk-import-or-template-content	??	Content/__ExternalActors__/Cyberpunk/Maps/CyberAlley_WP/2/J2/7DE7E3OI9UCPKBPX0NN25G.uasset
bulk-import-or-template-content	??	Content/__ExternalActors__/Cyberpunk/Maps/CyberAlley_WP/2/J9/KKUF13O4C96G56VHLNOZL0.uasset
bulk-import-or-template-content	??	Content/__ExternalActors__/Cyberpunk/Maps/CyberAlley_WP/2/JV/RCHVO5Z32UWYJKG4TU7WWQ.uasset
bulk-import-or-template-content	??	Content/__ExternalActors__/Cyberpunk/Maps/CyberAlley_WP/2/K4/AIR5NZ83A2QNZLS92EU54J.uasset
bulk-import-or-template-content	??	Content/__ExternalActors__/Cyberpunk/Maps/CyberAlley_WP/2/KJ/3K18CSGMRDEO32O8BGVU3S.uasset
bulk-import-or-template-content	??	Content/__ExternalActors__/Cyberpunk/Maps/CyberAlley_WP/2/L7/L7U4OCVU9X45HIM6P0XIFQ.uasset
bulk-import-or-template-content	??	Content/__ExternalActors__/Cyberpunk/Maps/CyberAlley_WP/2/LA/6ARVPSXTBA0UKC5DYTXC2P.uasset
bulk-import-or-template-content	??	Content/__ExternalActors__/Cyberpunk/Maps/CyberAlley_WP/2/M1/F2YNEMRZFZ4NWHOYPC4S45.uasset
bulk-import-or-template-content	??	Content/__ExternalActors__/Cyberpunk/Maps/CyberAlley_WP/2/M4/DA3519N2RF9BIB0EVGVUZK.uasset
bulk-import-or-template-content	??	Content/__ExternalActors__/Cyberpunk/Maps/CyberAlley_WP/2/M6/E8IZH1ZK6NG2N5SN4SP0D0.uasset
bulk-import-or-template-content	??	Content/__ExternalActors__/Cyberpunk/Maps/CyberAlley_WP/2/N3/F60I0BXQJGFJ13PFV5S4BM.uasset
bulk-import-or-template-content	??	Content/__ExternalActors__/Cyberpunk/Maps/CyberAlley_WP/2/NB/OA2FNDMA48U4WXZA3EBBEB.uasset
bulk-import-or-template-content	??	Content/__ExternalActors__/Cyberpunk/Maps/CyberAlley_WP/2/NE/459LXQHVE6OE1TZIVTSEAB.uasset
bulk-import-or-template-content	??	Content/__ExternalActors__/Cyberpunk/Maps/CyberAlley_WP/2/NN/DQI70H9YYGXO646230J627.uasset
bulk-import-or-template-content	??	Content/__ExternalActors__/Cyberpunk/Maps/CyberAlley_WP/2/OE/0R9NZXP3QIDULQKPH20BHR.uasset
bulk-import-or-template-content	??	Content/__ExternalActors__/Cyberpunk/Maps/CyberAlley_WP/2/OG/OR912KIJKSF540MLLXVXMJ.uasset
bulk-import-or-template-content	??	Content/__ExternalActors__/Cyberpunk/Maps/CyberAlley_WP/2/OI/1NLGT3MMNLYDU88TU5XC2S.uasset
bulk-import-or-template-content	??	Content/__ExternalActors__/Cyberpunk/Maps/CyberAlley_WP/2/OO/KAAMWA25RK33E2H298W60E.uasset
bulk-import-or-template-content	??	Content/__ExternalActors__/Cyberpunk/Maps/CyberAlley_WP/2/PB/8NS46SVTS28CVAXCX2HVTZ.uasset
bulk-import-or-template-content	??	Content/__ExternalActors__/Cyberpunk/Maps/CyberAlley_WP/2/PO/SFL5QXYAW48HBG4HKFGV3S.uasset
bulk-import-or-template-content	??	Content/__ExternalActors__/Cyberpunk/Maps/CyberAlley_WP/2/PX/LGAJJ7FQH8EO698L61U7BO.uasset
bulk-import-or-template-content	??	Content/__ExternalActors__/Cyberpunk/Maps/CyberAlley_WP/2/Q0/GCEMEML9E5ETZVP3B6VYQ7.uasset
bulk-import-or-template-content	??	Content/__ExternalActors__/Cyberpunk/Maps/CyberAlley_WP/2/Q4/2VYQ7PSD3ZQTRLOWXCEO38.uasset
bulk-import-or-template-content	??	Content/__ExternalActors__/Cyberpunk/Maps/CyberAlley_WP/2/Q5/55AOT2JV0HVZWY9XGXLG07.uasset
bulk-import-or-template-content	??	Content/__ExternalActors__/Cyberpunk/Maps/CyberAlley_WP/2/QB/8IK18YQN6XE5FWM0RIU6WT.uasset
bulk-import-or-template-content	??	Content/__ExternalActors__/Cyberpunk/Maps/CyberAlley_WP/2/QJ/XASN58RPTS1SN2YPA8TFA6.uasset
bulk-import-or-template-content	??	Content/__ExternalActors__/Cyberpunk/Maps/CyberAlley_WP/2/QO/4KSBFVU4YTXX3QHP5411ZR.uasset
bulk-import-or-template-content	??	Content/__ExternalActors__/Cyberpunk/Maps/CyberAlley_WP/2/QR/N5UQZIV0TZKL4K99FKXR35.uasset
bulk-import-or-template-content	??	Content/__ExternalActors__/Cyberpunk/Maps/CyberAlley_WP/2/QS/GKHWD1SE3VC97FAGSTV4RO.uasset
bulk-import-or-template-content	??	Content/__ExternalActors__/Cyberpunk/Maps/CyberAlley_WP/2/QW/94F2P6HITTVK8LW874D72T.uasset
bulk-import-or-template-content	??	Content/__ExternalActors__/Cyberpunk/Maps/CyberAlley_WP/2/R4/MEF2ZSUH4ZKBC61Q1HHAVP.uasset
bulk-import-or-template-content	??	Content/__ExternalActors__/Cyberpunk/Maps/CyberAlley_WP/2/RB/HNMNYV3DJ7UGBX80IB9KXL.uasset
bulk-import-or-template-content	??	Content/__ExternalActors__/Cyberpunk/Maps/CyberAlley_WP/2/RG/D5WDE0LO37G6NA1UYALRFJ.uasset
bulk-import-or-template-content	??	Content/__ExternalActors__/Cyberpunk/Maps/CyberAlley_WP/2/RH/WD1C5J974FP4HMXE9MSFJ1.uasset
bulk-import-or-template-content	??	Content/__ExternalActors__/Cyberpunk/Maps/CyberAlley_WP/2/RP/3XEDO4FOFGD5ZLMWI6EBKM.uasset
bulk-import-or-template-content	??	Content/__ExternalActors__/Cyberpunk/Maps/CyberAlley_WP/2/RQ/6N113AEXT4JPXUKTA6YHYH.uasset
bulk-import-or-template-content	??	Content/__ExternalActors__/Cyberpunk/Maps/CyberAlley_WP/2/RW/YGSP7FK93UVDH2PLNYWS2H.uasset
bulk-import-or-template-content	??	Content/__ExternalActors__/Cyberpunk/Maps/CyberAlley_WP/2/S7/RGS26KWE897MIEPH4D7DKO.uasset
bulk-import-or-template-content	??	Content/__ExternalActors__/Cyberpunk/Maps/CyberAlley_WP/2/SG/X4IC8BLNHZ6S4E1NZLMITD.uasset
bulk-import-or-template-content	??	Content/__ExternalActors__/Cyberpunk/Maps/CyberAlley_WP/2/SM/N7X0J8GLXQ8DHYWCLQ020G.uasset
bulk-import-or-template-content	??	Content/__ExternalActors__/Cyberpunk/Maps/CyberAlley_WP/2/SN/KKA7MDY5IEP0OYWE9UA2YP.uasset
bulk-import-or-template-content	??	Content/__ExternalActors__/Cyberpunk/Maps/CyberAlley_WP/2/SW/XEGA49IVIZMT8JRKDV2MA0.uasset
bulk-import-or-template-content	??	Content/__ExternalActors__/Cyberpunk/Maps/CyberAlley_WP/2/T3/WJ91BUW7YGGRH4P81EHGO0.uasset
bulk-import-or-template-content	??	Content/__ExternalActors__/Cyberpunk/Maps/CyberAlley_WP/2/TK/O5BLVQEH85FZ4CPCRKH8HN.uasset
bulk-import-or-template-content	??	Content/__ExternalActors__/Cyberpunk/Maps/CyberAlley_WP/2/UH/I6FEQ7DJAYKDEOZ9DVRLAM.uasset
bulk-import-or-template-content	??	Content/__ExternalActors__/Cyberpunk/Maps/CyberAlley_WP/2/UN/BF6JR5K7POU6BBGFO85X6C.uasset
bulk-import-or-template-content	??	Content/__ExternalActors__/Cyberpunk/Maps/CyberAlley_WP/2/UU/J8EKMXTGP321CNPG5HN7U3.uasset
bulk-import-or-template-content	??	Content/__ExternalActors__/Cyberpunk/Maps/CyberAlley_WP/2/UY/DIYIXJHTXV4A8V8R9HY4RN.uasset
bulk-import-or-template-content	??	Content/__ExternalActors__/Cyberpunk/Maps/CyberAlley_WP/2/VC/IK3I04S79258W4EK5XPTQH.uasset
bulk-import-or-template-content	??	Content/__ExternalActors__/Cyberpunk/Maps/CyberAlley_WP/2/VG/ZLT7OLDG5SZU3XLO358HGL.uasset
bulk-import-or-template-content	??	Content/__ExternalActors__/Cyberpunk/Maps/CyberAlley_WP/2/VO/IIQVLCI1YWEQZPA1ULTQLZ.uasset
bulk-import-or-template-content	??	Content/__ExternalActors__/Cyberpunk/Maps/CyberAlley_WP/2/WU/NQILI0WAI51LKOZFDLXZ5R.uasset
bulk-import-or-template-content	??	Content/__ExternalActors__/Cyberpunk/Maps/CyberAlley_WP/2/WV/FN88IJ52I5Q7QDCVM3M9XV.uasset
bulk-import-or-template-content	??	Content/__ExternalActors__/Cyberpunk/Maps/CyberAlley_WP/2/X0/S38F38TSMKKBBOUOADX6S2.uasset
bulk-import-or-template-content	??	Content/__ExternalActors__/Cyberpunk/Maps/CyberAlley_WP/2/XB/UCZGMTH2XZKBAD298OXQW5.uasset
bulk-import-or-template-content	??	Content/__ExternalActors__/Cyberpunk/Maps/CyberAlley_WP/2/XG/CFD2KDI57X0DXOXG7Z1CCA.uasset
bulk-import-or-template-content	??	Content/__ExternalActors__/Cyberpunk/Maps/CyberAlley_WP/2/XJ/XFWFW2C2OO1HC81MK3MENB.uasset
bulk-import-or-template-content	??	Content/__ExternalActors__/Cyberpunk/Maps/CyberAlley_WP/2/XW/F273DJ2D2VDBNQQP3NOO2V.uasset
bulk-import-or-template-content	??	Content/__ExternalActors__/Cyberpunk/Maps/CyberAlley_WP/2/YS/QCCM6U7XKYK6X9QQNQBUH7.uasset
bulk-import-or-template-content	??	Content/__ExternalActors__/Cyberpunk/Maps/CyberAlley_WP/2/YS/RTTZ0CI4OVUM0MVBSPAK0L.uasset
bulk-import-or-template-content	??	Content/__ExternalActors__/Cyberpunk/Maps/CyberAlley_WP/2/YY/GILO40MDGNDO6MW8L4N45K.uasset
bulk-import-or-template-content	??	Content/__ExternalActors__/Cyberpunk/Maps/CyberAlley_WP/2/Z4/C22LFK4TFVOY7PFE7JNMU2.uasset
bulk-import-or-template-content	??	Content/__ExternalActors__/Cyberpunk/Maps/CyberAlley_WP/2/ZG/MG5YGYG7LL3Y64MTYF4HOQ.uasset
bulk-import-or-template-content	??	Content/__ExternalActors__/Cyberpunk/Maps/CyberAlley_WP/3/0E/G21M7DG3OZYBCM8RBKSZIC.uasset
bulk-import-or-template-content	??	Content/__ExternalActors__/Cyberpunk/Maps/CyberAlley_WP/3/0Q/732PJWGYHWIL83WIXGZEZL.uasset
bulk-import-or-template-content	??	Content/__ExternalActors__/Cyberpunk/Maps/CyberAlley_WP/3/16/NN8GB59T8KQXO9THOP6KXD.uasset
bulk-import-or-template-content	??	Content/__ExternalActors__/Cyberpunk/Maps/CyberAlley_WP/3/1Q/2T7ISYXLVG4T0UW2M9RWD3.uasset
bulk-import-or-template-content	??	Content/__ExternalActors__/Cyberpunk/Maps/CyberAlley_WP/3/1R/6KO9S9E01191KTA0VEYUWH.uasset
bulk-import-or-template-content	??	Content/__ExternalActors__/Cyberpunk/Maps/CyberAlley_WP/3/21/YSAAQWG9MB8GA3UWVWPPTX.uasset
bulk-import-or-template-content	??	Content/__ExternalActors__/Cyberpunk/Maps/CyberAlley_WP/3/25/3DDVWINYJSLY2IGPKZAZQR.uasset
bulk-import-or-template-content	??	Content/__ExternalActors__/Cyberpunk/Maps/CyberAlley_WP/3/2H/3II62DT3BORBT060JVWLGJ.uasset
bulk-import-or-template-content	??	Content/__ExternalActors__/Cyberpunk/Maps/CyberAlley_WP/3/2H/5P8FC359GNQSQAF0F3V5RR.uasset
bulk-import-or-template-content	??	Content/__ExternalActors__/Cyberpunk/Maps/CyberAlley_WP/3/2K/VE8S2P7ALPNZMWVOCRDQLL.uasset
bulk-import-or-template-content	??	Content/__ExternalActors__/Cyberpunk/Maps/CyberAlley_WP/3/2N/2YD22Q0N3OFVZ00NVB8WVQ.uasset
bulk-import-or-template-content	??	Content/__ExternalActors__/Cyberpunk/Maps/CyberAlley_WP/3/2U/XJ1PT18M47EV0PZRDYAH43.uasset
bulk-import-or-template-content	??	Content/__ExternalActors__/Cyberpunk/Maps/CyberAlley_WP/3/35/03HGJLV9CDL3G9VRSNBNRG.uasset
bulk-import-or-template-content	??	Content/__ExternalActors__/Cyberpunk/Maps/CyberAlley_WP/3/35/61QYO7YFPUZ69G6J5BNGUS.uasset
bulk-import-or-template-content	??	Content/__ExternalActors__/Cyberpunk/Maps/CyberAlley_WP/3/37/2KJFZ0TIF2EGIFASWKFPE7.uasset
bulk-import-or-template-content	??	Content/__ExternalActors__/Cyberpunk/Maps/CyberAlley_WP/3/3N/FEAZLFMG723GCWHRIMQBNT.uasset
bulk-import-or-template-content	??	Content/__ExternalActors__/Cyberpunk/Maps/CyberAlley_WP/3/3Y/1ICJ32WK7I2AUVW8R02X28.uasset
bulk-import-or-template-content	??	Content/__ExternalActors__/Cyberpunk/Maps/CyberAlley_WP/3/4C/I6TRGANAC1RX3QX2LKU0QY.uasset
bulk-import-or-template-content	??	Content/__ExternalActors__/Cyberpunk/Maps/CyberAlley_WP/3/4G/W5R51COPHIS1GKKA7TU4EP.uasset
bulk-import-or-template-content	??	Content/__ExternalActors__/Cyberpunk/Maps/CyberAlley_WP/3/4J/E82D600X60UEDM7EXRU3OW.uasset
bulk-import-or-template-content	??	Content/__ExternalActors__/Cyberpunk/Maps/CyberAlley_WP/3/4N/0CYXFO79FRY74N50IHO1HD.uasset
bulk-import-or-template-content	??	Content/__ExternalActors__/Cyberpunk/Maps/CyberAlley_WP/3/4T/GUDDP73Z5D0TMWX41EJ5V4.uasset
bulk-import-or-template-content	??	Content/__ExternalActors__/Cyberpunk/Maps/CyberAlley_WP/3/4W/YS3HDVH4AS64J2C019ISHI.uasset
bulk-import-or-template-content	??	Content/__ExternalActors__/Cyberpunk/Maps/CyberAlley_WP/3/4Z/09BMDCR6OTR1SXGRIQR47A.uasset
bulk-import-or-template-content	??	Content/__ExternalActors__/Cyberpunk/Maps/CyberAlley_WP/3/56/5DQB6L1PBYUNSSOKNT69IO.uasset
bulk-import-or-template-content	??	Content/__ExternalActors__/Cyberpunk/Maps/CyberAlley_WP/3/5E/FOQT28MTAEPJBVOTLIJ72C.uasset
bulk-import-or-template-content	??	Content/__ExternalActors__/Cyberpunk/Maps/CyberAlley_WP/3/5N/MCVSK9Q1S6IDTYZ698Z3OC.uasset
bulk-import-or-template-content	??	Content/__ExternalActors__/Cyberpunk/Maps/CyberAlley_WP/3/5Z/9OWT09RMZB1TZKAG8KGBPJ.uasset
bulk-import-or-template-content	??	Content/__ExternalActors__/Cyberpunk/Maps/CyberAlley_WP/3/60/A8KXV62JZ7L9XMVLU2DL1B.uasset
bulk-import-or-template-content	??	Content/__ExternalActors__/Cyberpunk/Maps/CyberAlley_WP/3/71/5WTZED4XCEPGMPGT5628IK.uasset
bulk-import-or-template-content	??	Content/__ExternalActors__/Cyberpunk/Maps/CyberAlley_WP/3/7B/Z4GZV6EWI471YMZT0X0WC9.uasset
bulk-import-or-template-content	??	Content/__ExternalActors__/Cyberpunk/Maps/CyberAlley_WP/3/81/Y2JDH7KS33WAAOREMKLFI2.uasset
bulk-import-or-template-content	??	Content/__ExternalActors__/Cyberpunk/Maps/CyberAlley_WP/3/8F/3UFAX2C5KVWWJDDMA7KODM.uasset
bulk-import-or-template-content	??	Content/__ExternalActors__/Cyberpunk/Maps/CyberAlley_WP/3/8G/5KG97Q4RX87Q9623KYA48I.uasset
bulk-import-or-template-content	??	Content/__ExternalActors__/Cyberpunk/Maps/CyberAlley_WP/3/8O/BDAUHOFOI4O3PPGK441H7P.uasset
bulk-import-or-template-content	??	Content/__ExternalActors__/Cyberpunk/Maps/CyberAlley_WP/3/91/XJFOZKSWP8YHO5NDFQWDE0.uasset
bulk-import-or-template-content	??	Content/__ExternalActors__/Cyberpunk/Maps/CyberAlley_WP/3/99/429JHCXGME2C0CP9O74EEL.uasset
bulk-import-or-template-content	??	Content/__ExternalActors__/Cyberpunk/Maps/CyberAlley_WP/3/9E/F7G62AN2JVG0S7LAUYRRN1.uasset
bulk-import-or-template-content	??	Content/__ExternalActors__/Cyberpunk/Maps/CyberAlley_WP/3/9S/EIGWL0YWFHE7PWS6NMPCT7.uasset
bulk-import-or-template-content	??	Content/__ExternalActors__/Cyberpunk/Maps/CyberAlley_WP/3/BQ/L782MAJL9OU7T3LL2IXJ23.uasset
bulk-import-or-template-content	??	Content/__ExternalActors__/Cyberpunk/Maps/CyberAlley_WP/3/BV/MNCVOS23WFHNKLGWVU2OCX.uasset
bulk-import-or-template-content	??	Content/__ExternalActors__/Cyberpunk/Maps/CyberAlley_WP/3/BX/SIO2D66C5UHS9PVAY1YAG1.uasset
bulk-import-or-template-content	??	Content/__ExternalActors__/Cyberpunk/Maps/CyberAlley_WP/3/C4/IBTDXL2ME2KLQ48C8Y2IQJ.uasset
bulk-import-or-template-content	??	Content/__ExternalActors__/Cyberpunk/Maps/CyberAlley_WP/3/C9/F37R6P67DVQELOB6N7Z8QU.uasset
bulk-import-or-template-content	??	Content/__ExternalActors__/Cyberpunk/Maps/CyberAlley_WP/3/CJ/VQZWBFTC2K66MDU0DIBO42.uasset
bulk-import-or-template-content	??	Content/__ExternalActors__/Cyberpunk/Maps/CyberAlley_WP/3/CU/JYLYGE43579RATFGX9GRHO.uasset
bulk-import-or-template-content	??	Content/__ExternalActors__/Cyberpunk/Maps/CyberAlley_WP/3/EN/SFLQZPADQBIA2ONWV4RH0Z.uasset
bulk-import-or-template-content	??	Content/__ExternalActors__/Cyberpunk/Maps/CyberAlley_WP/3/F1/DHVSQVSC95TEJBZAON4AWB.uasset
bulk-import-or-template-content	??	Content/__ExternalActors__/Cyberpunk/Maps/CyberAlley_WP/3/FU/RN9LAC0V0TJMWMKLUV22MT.uasset
bulk-import-or-template-content	??	Content/__ExternalActors__/Cyberpunk/Maps/CyberAlley_WP/3/FU/TLO6PPPTS31FDWTGKIT4T3.uasset
bulk-import-or-template-content	??	Content/__ExternalActors__/Cyberpunk/Maps/CyberAlley_WP/3/FY/HBZZEBFWTTO9HAKR38UKXY.uasset
bulk-import-or-template-content	??	Content/__ExternalActors__/Cyberpunk/Maps/CyberAlley_WP/3/FZ/B93M1LMGH42VS9H1J0WD9L.uasset
bulk-import-or-template-content	??	Content/__ExternalActors__/Cyberpunk/Maps/CyberAlley_WP/3/G2/S015FJJ322MP6A7WQBR23T.uasset
bulk-import-or-template-content	??	Content/__ExternalActors__/Cyberpunk/Maps/CyberAlley_WP/3/G3/3YRE39RK24MD7KEJAHSMMM.uasset
bulk-import-or-template-content	??	Content/__ExternalActors__/Cyberpunk/Maps/CyberAlley_WP/3/GE/M7OA5D85CWZMN1Y6XKC0RO.uasset
bulk-import-or-template-content	??	Content/__ExternalActors__/Cyberpunk/Maps/CyberAlley_WP/3/GN/LQVJ066DQIT1P54EPA8G1G.uasset
bulk-import-or-template-content	??	Content/__ExternalActors__/Cyberpunk/Maps/CyberAlley_WP/3/HS/2HOAKO6HPAXXY5P5470D45.uasset
bulk-import-or-template-content	??	Content/__ExternalActors__/Cyberpunk/Maps/CyberAlley_WP/3/I1/DH5YNUZ6E4SSGO39L4FTWK.uasset
bulk-import-or-template-content	??	Content/__ExternalActors__/Cyberpunk/Maps/CyberAlley_WP/3/I1/YXJ53HY4X9XER1LO33JD87.uasset
bulk-import-or-template-content	??	Content/__ExternalActors__/Cyberpunk/Maps/CyberAlley_WP/3/JN/62UGB7IW15FUXYOX1TVZUR.uasset
bulk-import-or-template-content	??	Content/__ExternalActors__/Cyberpunk/Maps/CyberAlley_WP/3/JR/XOTDN27HPO9OXRTQQIB6P4.uasset
bulk-import-or-template-content	??	Content/__ExternalActors__/Cyberpunk/Maps/CyberAlley_WP/3/K1/E9SIDH2EW07GKM73HLXP5L.uasset
bulk-import-or-template-content	??	Content/__ExternalActors__/Cyberpunk/Maps/CyberAlley_WP/3/K8/T3G4OHJ5388DC7S0OPQ1BS.uasset
bulk-import-or-template-content	??	Content/__ExternalActors__/Cyberpunk/Maps/CyberAlley_WP/3/KL/WJ0G12LN19G9SGOSKIBM9S.uasset
bulk-import-or-template-content	??	Content/__ExternalActors__/Cyberpunk/Maps/CyberAlley_WP/3/KQ/5G1JRXCCNDCLTZ6MEJYE0M.uasset
bulk-import-or-template-content	??	Content/__ExternalActors__/Cyberpunk/Maps/CyberAlley_WP/3/LG/6JB4MZA6GBV632YIIGQ6MX.uasset
bulk-import-or-template-content	??	Content/__ExternalActors__/Cyberpunk/Maps/CyberAlley_WP/3/LJ/8ENG0770ZKJGLBPZ89F27T.uasset
bulk-import-or-template-content	??	Content/__ExternalActors__/Cyberpunk/Maps/CyberAlley_WP/3/LL/1P4QB1FC6JXTLN2MM17XUD.uasset
bulk-import-or-template-content	??	Content/__ExternalActors__/Cyberpunk/Maps/CyberAlley_WP/3/MC/2ZKAS20J8AXGHMIG6VYAQM.uasset
bulk-import-or-template-content	??	Content/__ExternalActors__/Cyberpunk/Maps/CyberAlley_WP/3/MD/XGBL7TI2FVY9FZ1R9CBDGQ.uasset
bulk-import-or-template-content	??	Content/__ExternalActors__/Cyberpunk/Maps/CyberAlley_WP/3/ND/S6U0V8LN2LLKP3D9ADXNQL.uasset
bulk-import-or-template-content	??	Content/__ExternalActors__/Cyberpunk/Maps/CyberAlley_WP/3/O1/7UK8RE762JAH3PH7IQ5XIJ.uasset
bulk-import-or-template-content	??	Content/__ExternalActors__/Cyberpunk/Maps/CyberAlley_WP/3/O3/AK1M5Q6TFAY1K016VW8Z4J.uasset
bulk-import-or-template-content	??	Content/__ExternalActors__/Cyberpunk/Maps/CyberAlley_WP/3/OF/FK7L7L91J6W4BQNR3TIZF4.uasset
bulk-import-or-template-content	??	Content/__ExternalActors__/Cyberpunk/Maps/CyberAlley_WP/3/OG/ZVXU6O3OPUXFOVO6PZ2X8B.uasset
bulk-import-or-template-content	??	Content/__ExternalActors__/Cyberpunk/Maps/CyberAlley_WP/3/P9/W9QQCV8W69ZA1XZM8W5XM8.uasset
bulk-import-or-template-content	??	Content/__ExternalActors__/Cyberpunk/Maps/CyberAlley_WP/3/PF/N95CX0FP7T4UOM32E7HU5I.uasset
bulk-import-or-template-content	??	Content/__ExternalActors__/Cyberpunk/Maps/CyberAlley_WP/3/PT/9ZG1XUVAW4BOQ1JN18RGC9.uasset
bulk-import-or-template-content	??	Content/__ExternalActors__/Cyberpunk/Maps/CyberAlley_WP/3/PU/76N2KJ7RIGW0B84RWGJ95B.uasset
bulk-import-or-template-content	??	Content/__ExternalActors__/Cyberpunk/Maps/CyberAlley_WP/3/Q6/KR16YZWRGA1VM75CKBLLVD.uasset
bulk-import-or-template-content	??	Content/__ExternalActors__/Cyberpunk/Maps/CyberAlley_WP/3/Q9/IX6ZU3N4LV5CMSNUGY0JF2.uasset
bulk-import-or-template-content	??	Content/__ExternalActors__/Cyberpunk/Maps/CyberAlley_WP/3/QF/UVCW8ZKLEM8VUTU4SUSDQG.uasset
bulk-import-or-template-content	??	Content/__ExternalActors__/Cyberpunk/Maps/CyberAlley_WP/3/S3/EURU3C95S50UYBB7D5HQ91.uasset
bulk-import-or-template-content	??	Content/__ExternalActors__/Cyberpunk/Maps/CyberAlley_WP/3/S6/EABX9GK15A2GE0OND8RAHW.uasset
bulk-import-or-template-content	??	Content/__ExternalActors__/Cyberpunk/Maps/CyberAlley_WP/3/SR/8G482UM6Q9D9I3CUKJY0XI.uasset
bulk-import-or-template-content	??	Content/__ExternalActors__/Cyberpunk/Maps/CyberAlley_WP/3/SS/ZX0ARFP66OFI8OWB7IBG1K.uasset
bulk-import-or-template-content	??	Content/__ExternalActors__/Cyberpunk/Maps/CyberAlley_WP/3/TG/7MJ7GM8DQNQG6YPV8RGZFJ.uasset
bulk-import-or-template-content	??	Content/__ExternalActors__/Cyberpunk/Maps/CyberAlley_WP/3/US/FW1JSKAUP8LQNQT54WYKKH.uasset
bulk-import-or-template-content	??	Content/__ExternalActors__/Cyberpunk/Maps/CyberAlley_WP/3/V9/SGUDZXIQ8ROL13D5KZSA2M.uasset
bulk-import-or-template-content	??	Content/__ExternalActors__/Cyberpunk/Maps/CyberAlley_WP/3/VX/B55YOM34IO8P505C31QOG1.uasset
bulk-import-or-template-content	??	Content/__ExternalActors__/Cyberpunk/Maps/CyberAlley_WP/3/W2/TF8F5BYGTVTET68XB07GLP.uasset
bulk-import-or-template-content	??	Content/__ExternalActors__/Cyberpunk/Maps/CyberAlley_WP/3/W7/ZXDQBVF9NYM0VQOL3WE9T1.uasset
bulk-import-or-template-content	??	Content/__ExternalActors__/Cyberpunk/Maps/CyberAlley_WP/3/WL/23YMJ89SVXPVC8B1KMB5N4.uasset
bulk-import-or-template-content	??	Content/__ExternalActors__/Cyberpunk/Maps/CyberAlley_WP/3/X3/527TJ9FRKJFO123K4QA01U.uasset
bulk-import-or-template-content	??	Content/__ExternalActors__/Cyberpunk/Maps/CyberAlley_WP/3/XC/LQJU0EJRC5GO8GSBWLI71N.uasset
bulk-import-or-template-content	??	Content/__ExternalActors__/Cyberpunk/Maps/CyberAlley_WP/3/XT/ES9IBRPRHX6U6VX20OTSXL.uasset
bulk-import-or-template-content	??	Content/__ExternalActors__/Cyberpunk/Maps/CyberAlley_WP/3/XV/AF5T2VVJRMAWZPO34H17LI.uasset
bulk-import-or-template-content	??	Content/__ExternalActors__/Cyberpunk/Maps/CyberAlley_WP/3/Y3/YTW7SBDLBPPC630T3PFAVC.uasset
bulk-import-or-template-content	??	Content/__ExternalActors__/Cyberpunk/Maps/CyberAlley_WP/3/Y5/BKFCXBHI77W14WZPDLKWJY.uasset
bulk-import-or-template-content	??	Content/__ExternalActors__/Cyberpunk/Maps/CyberAlley_WP/3/YI/YRWE6XJABAOGQYXVZ1MS6Q.uasset
bulk-import-or-template-content	??	Content/__ExternalActors__/Cyberpunk/Maps/CyberAlley_WP/3/YT/ZAKF88UOVOCJIU9G84D75X.uasset
bulk-import-or-template-content	??	Content/__ExternalActors__/Cyberpunk/Maps/CyberAlley_WP/3/ZF/64OIE07PV9V3DH2812I0SB.uasset
bulk-import-or-template-content	??	Content/__ExternalActors__/Cyberpunk/Maps/CyberAlley_WP/4/0B/ZON1UDRS8ST46V3X3XLW9Y.uasset
bulk-import-or-template-content	??	Content/__ExternalActors__/Cyberpunk/Maps/CyberAlley_WP/4/0C/CMJZOBH2HVUOO5OGSRUE0I.uasset
bulk-import-or-template-content	??	Content/__ExternalActors__/Cyberpunk/Maps/CyberAlley_WP/4/0P/5AY7502PPYFG3V88YEMUGQ.uasset
bulk-import-or-template-content	??	Content/__ExternalActors__/Cyberpunk/Maps/CyberAlley_WP/4/0W/MIIZZCBSN2WBAJB6UDW8IW.uasset
bulk-import-or-template-content	??	Content/__ExternalActors__/Cyberpunk/Maps/CyberAlley_WP/4/10/JLHYZW2N0Y6R3PGWU3SND0.uasset
bulk-import-or-template-content	??	Content/__ExternalActors__/Cyberpunk/Maps/CyberAlley_WP/4/1Q/EZSLXAH3LBPUQYGJ907FC9.uasset
bulk-import-or-template-content	??	Content/__ExternalActors__/Cyberpunk/Maps/CyberAlley_WP/4/24/679R7NM3YFWBDTC2BB5RU5.uasset
bulk-import-or-template-content	??	Content/__ExternalActors__/Cyberpunk/Maps/CyberAlley_WP/4/24/FE6UDZIC7UT6RMTLAS669D.uasset
bulk-import-or-template-content	??	Content/__ExternalActors__/Cyberpunk/Maps/CyberAlley_WP/4/26/1JS8KVBFRMS61UY747Q4NG.uasset
bulk-import-or-template-content	??	Content/__ExternalActors__/Cyberpunk/Maps/CyberAlley_WP/4/2C/IGX5F3YXFEHSE4KS3YIH4Y.uasset
bulk-import-or-template-content	??	Content/__ExternalActors__/Cyberpunk/Maps/CyberAlley_WP/4/2T/JLMKY5UJE1J6T7RXA1JS0Z.uasset
bulk-import-or-template-content	??	Content/__ExternalActors__/Cyberpunk/Maps/CyberAlley_WP/4/38/EF2H0LPNYHRGUMJY382NA5.uasset
bulk-import-or-template-content	??	Content/__ExternalActors__/Cyberpunk/Maps/CyberAlley_WP/4/3N/4YUWRFK538BTCO3N649JG0.uasset
bulk-import-or-template-content	??	Content/__ExternalActors__/Cyberpunk/Maps/CyberAlley_WP/4/3O/TCJA8HVKF6Q8RN01U1O156.uasset
bulk-import-or-template-content	??	Content/__ExternalActors__/Cyberpunk/Maps/CyberAlley_WP/4/41/CIG6GG4Z95PR91VGKA4NUX.uasset
bulk-import-or-template-content	??	Content/__ExternalActors__/Cyberpunk/Maps/CyberAlley_WP/4/45/H00CT18SV28EXZ3H2JZW09.uasset
bulk-import-or-template-content	??	Content/__ExternalActors__/Cyberpunk/Maps/CyberAlley_WP/4/4D/AO869AQHBJZC65I9REB644.uasset
bulk-import-or-template-content	??	Content/__ExternalActors__/Cyberpunk/Maps/CyberAlley_WP/4/4F/NJARBBL9OS9K7XEBJKJ4LJ.uasset
bulk-import-or-template-content	??	Content/__ExternalActors__/Cyberpunk/Maps/CyberAlley_WP/4/56/S0C4ETJR8F1CBT9F68I8T0.uasset
bulk-import-or-template-content	??	Content/__ExternalActors__/Cyberpunk/Maps/CyberAlley_WP/4/5M/GT8HSTPZK0F6VW9A9SLFQB.uasset
bulk-import-or-template-content	??	Content/__ExternalActors__/Cyberpunk/Maps/CyberAlley_WP/4/5R/TTBRN7I1ODCNOII9JHSC7N.uasset
bulk-import-or-template-content	??	Content/__ExternalActors__/Cyberpunk/Maps/CyberAlley_WP/4/5T/QY2W5D5PRMAK0B36Z13GU8.uasset
bulk-import-or-template-content	??	Content/__ExternalActors__/Cyberpunk/Maps/CyberAlley_WP/4/6F/06AYUMFB5AKHH2R2DBG1Y1.uasset
bulk-import-or-template-content	??	Content/__ExternalActors__/Cyberpunk/Maps/CyberAlley_WP/4/6Q/QEPP8MYQS0P3WR4GTQKLFL.uasset
bulk-import-or-template-content	??	Content/__ExternalActors__/Cyberpunk/Maps/CyberAlley_WP/4/6V/X1TLPI8PA8YZ3IMFDSL7IU.uasset
bulk-import-or-template-content	??	Content/__ExternalActors__/Cyberpunk/Maps/CyberAlley_WP/4/6W/IM818VUET94M341ZNDSOLN.uasset
bulk-import-or-template-content	??	Content/__ExternalActors__/Cyberpunk/Maps/CyberAlley_WP/4/7G/AE6NBUOBPX8HBN6U54MGV4.uasset
bulk-import-or-template-content	??	Content/__ExternalActors__/Cyberpunk/Maps/CyberAlley_WP/4/7N/29SFK9DPHOJ08OWDS473G9.uasset
bulk-import-or-template-content	??	Content/__ExternalActors__/Cyberpunk/Maps/CyberAlley_WP/4/7Y/MBKRXX0PXYINW6HQOWOZ7J.uasset
bulk-import-or-template-content	??	Content/__ExternalActors__/Cyberpunk/Maps/CyberAlley_WP/4/86/CG2PYKBMWN5OEZKGHKL7WB.uasset
bulk-import-or-template-content	??	Content/__ExternalActors__/Cyberpunk/Maps/CyberAlley_WP/4/88/N41DZTIKMONI8BYK6VZLQC.uasset
bulk-import-or-template-content	??	Content/__ExternalActors__/Cyberpunk/Maps/CyberAlley_WP/4/93/HSW9BFWRVZV8OCP5R98TR4.uasset
bulk-import-or-template-content	??	Content/__ExternalActors__/Cyberpunk/Maps/CyberAlley_WP/4/96/W4JCBDUX44FIXG2U49JX1Z.uasset
bulk-import-or-template-content	??	Content/__ExternalActors__/Cyberpunk/Maps/CyberAlley_WP/4/97/6EO64FK2XNKTTJVCRGAHXT.uasset
bulk-import-or-template-content	??	Content/__ExternalActors__/Cyberpunk/Maps/CyberAlley_WP/4/9R/HTFEENI478IFTG9G7AG39R.uasset
bulk-import-or-template-content	??	Content/__ExternalActors__/Cyberpunk/Maps/CyberAlley_WP/4/9W/1UUJ1DIHUETZSW3Y6H83OZ.uasset
bulk-import-or-template-content	??	Content/__ExternalActors__/Cyberpunk/Maps/CyberAlley_WP/4/A0/E7YE8CN7WRAML5YAR5HNZS.uasset
bulk-import-or-template-content	??	Content/__ExternalActors__/Cyberpunk/Maps/CyberAlley_WP/4/AL/9T1GXUEKQGBI67WFE2WCEG.uasset
bulk-import-or-template-content	??	Content/__ExternalActors__/Cyberpunk/Maps/CyberAlley_WP/4/AP/L1A2KT6ZFDSP2F376OH20N.uasset
bulk-import-or-template-content	??	Content/__ExternalActors__/Cyberpunk/Maps/CyberAlley_WP/4/AR/ENRYJTJ2SEXPI8EYWSZDQM.uasset
bulk-import-or-template-content	??	Content/__ExternalActors__/Cyberpunk/Maps/CyberAlley_WP/4/B2/0EH2HU0MSEM6QE3J8RRK6J.uasset
bulk-import-or-template-content	??	Content/__ExternalActors__/Cyberpunk/Maps/CyberAlley_WP/4/B8/G1I3TLJ3U2VTSZ7HFMV0SW.uasset
bulk-import-or-template-content	??	Content/__ExternalActors__/Cyberpunk/Maps/CyberAlley_WP/4/BA/L4770AZXJ1354MXFIQ3RIK.uasset
bulk-import-or-template-content	??	Content/__ExternalActors__/Cyberpunk/Maps/CyberAlley_WP/4/BH/MYH6DFGCI9QP5HSF7NCQO2.uasset
bulk-import-or-template-content	??	Content/__ExternalActors__/Cyberpunk/Maps/CyberAlley_WP/4/BY/GPCQPCSKNLNVTVT5N3GFQX.uasset
bulk-import-or-template-content	??	Content/__ExternalActors__/Cyberpunk/Maps/CyberAlley_WP/4/C7/5TDOOM4186BQIRR7I95DUG.uasset
bulk-import-or-template-content	??	Content/__ExternalActors__/Cyberpunk/Maps/CyberAlley_WP/4/CB/QZDS7OUSUWHW4HOGV5MOR4.uasset
bulk-import-or-template-content	??	Content/__ExternalActors__/Cyberpunk/Maps/CyberAlley_WP/4/DG/HFHZQBRC6WVV3NL41FXYX0.uasset
bulk-import-or-template-content	??	Content/__ExternalActors__/Cyberpunk/Maps/CyberAlley_WP/4/DV/EONXZMUUORL4DG5Y32GKKQ.uasset
bulk-import-or-template-content	??	Content/__ExternalActors__/Cyberpunk/Maps/CyberAlley_WP/4/DZ/PCJ5CY770R2U0S3CHGYSNY.uasset
bulk-import-or-template-content	??	Content/__ExternalActors__/Cyberpunk/Maps/CyberAlley_WP/4/E1/B1UKNVC894YKVMO6ORKUJU.uasset
bulk-import-or-template-content	??	Content/__ExternalActors__/Cyberpunk/Maps/CyberAlley_WP/4/E3/RTA7WIOF9N5ZO0A1JPH8KM.uasset
bulk-import-or-template-content	??	Content/__ExternalActors__/Cyberpunk/Maps/CyberAlley_WP/4/E5/4I3Y2T00AJ07YU6G02LD7S.uasset
bulk-import-or-template-content	??	Content/__ExternalActors__/Cyberpunk/Maps/CyberAlley_WP/4/EQ/0PMHYGSDL9GLDZL25BTTPN.uasset
bulk-import-or-template-content	??	Content/__ExternalActors__/Cyberpunk/Maps/CyberAlley_WP/4/F9/PXL12PJHT6B4K5F3E2MCDD.uasset
bulk-import-or-template-content	??	Content/__ExternalActors__/Cyberpunk/Maps/CyberAlley_WP/4/FX/MF1P5VPOKSV1YU0WDRYHH1.uasset
bulk-import-or-template-content	??	Content/__ExternalActors__/Cyberpunk/Maps/CyberAlley_WP/4/G0/MDT82Z52BGMAI6DCDRYKKY.uasset
bulk-import-or-template-content	??	Content/__ExternalActors__/Cyberpunk/Maps/CyberAlley_WP/4/H9/K450PJPXL69FK5BFO7MFH2.uasset
bulk-import-or-template-content	??	Content/__ExternalActors__/Cyberpunk/Maps/CyberAlley_WP/4/HC/50BKK57LXETJLGWCTWA8ET.uasset
bulk-import-or-template-content	??	Content/__ExternalActors__/Cyberpunk/Maps/CyberAlley_WP/4/HK/HDUCX3B4GGE4LM6VGH7JIZ.uasset
bulk-import-or-template-content	??	Content/__ExternalActors__/Cyberpunk/Maps/CyberAlley_WP/4/I0/YX5S3LY5PPUEWVFE65GVMD.uasset
bulk-import-or-template-content	??	Content/__ExternalActors__/Cyberpunk/Maps/CyberAlley_WP/4/IK/TJEEPCOU8WICTCW3U5SHLP.uasset
bulk-import-or-template-content	??	Content/__ExternalActors__/Cyberpunk/Maps/CyberAlley_WP/4/IL/Y59SF36UN7TN3F3V95S9JH.uasset
bulk-import-or-template-content	??	Content/__ExternalActors__/Cyberpunk/Maps/CyberAlley_WP/4/IU/1FF0ODA7M4O3TZJG5R6TDV.uasset
bulk-import-or-template-content	??	Content/__ExternalActors__/Cyberpunk/Maps/CyberAlley_WP/4/J0/9GY80TCBYQ2YOFYMCSMMXV.uasset
bulk-import-or-template-content	??	Content/__ExternalActors__/Cyberpunk/Maps/CyberAlley_WP/4/J0/DK2CRRM3C0Y63NEKE5PZUI.uasset
bulk-import-or-template-content	??	Content/__ExternalActors__/Cyberpunk/Maps/CyberAlley_WP/4/JA/59QZNRIZ6P7ZPIC1RHJ9TS.uasset
bulk-import-or-template-content	??	Content/__ExternalActors__/Cyberpunk/Maps/CyberAlley_WP/4/JC/GG30NLVVGCDCZZYUORBXBJ.uasset
bulk-import-or-template-content	??	Content/__ExternalActors__/Cyberpunk/Maps/CyberAlley_WP/4/JJ/VA9JGSDRVGRJQ2R9WXJIBU.uasset
bulk-import-or-template-content	??	Content/__ExternalActors__/Cyberpunk/Maps/CyberAlley_WP/4/JM/MT8EVSHILFU01L8Y4YC0NC.uasset
bulk-import-or-template-content	??	Content/__ExternalActors__/Cyberpunk/Maps/CyberAlley_WP/4/JP/6ZGJOGXRWSUXFMNGU64LMH.uasset
bulk-import-or-template-content	??	Content/__ExternalActors__/Cyberpunk/Maps/CyberAlley_WP/4/K6/2GMFLKWN0B5TUAGSVQXY9P.uasset
bulk-import-or-template-content	??	Content/__ExternalActors__/Cyberpunk/Maps/CyberAlley_WP/4/KL/9XHB9JA425JKNZ6M6PR7CQ.uasset
bulk-import-or-template-content	??	Content/__ExternalActors__/Cyberpunk/Maps/CyberAlley_WP/4/KZ/MO9MCC48AUKUPYZFY7AR2E.uasset
bulk-import-or-template-content	??	Content/__ExternalActors__/Cyberpunk/Maps/CyberAlley_WP/4/LI/BSP9W9YI7T153NA4JPUZ34.uasset
bulk-import-or-template-content	??	Content/__ExternalActors__/Cyberpunk/Maps/CyberAlley_WP/4/LP/JJVFHJL4LPE859W933NZ1R.uasset
bulk-import-or-template-content	??	Content/__ExternalActors__/Cyberpunk/Maps/CyberAlley_WP/4/LS/399O6FWD429734TY2VX59Y.uasset
bulk-import-or-template-content	??	Content/__ExternalActors__/Cyberpunk/Maps/CyberAlley_WP/4/M5/GMAVV98PN3P0PJACEALA9Y.uasset
bulk-import-or-template-content	??	Content/__ExternalActors__/Cyberpunk/Maps/CyberAlley_WP/4/MY/UVTW2D0DYI3CSFX7IBAG28.uasset
bulk-import-or-template-content	??	Content/__ExternalActors__/Cyberpunk/Maps/CyberAlley_WP/4/N6/QCWN2YY1UW7B05ELULSQUM.uasset
bulk-import-or-template-content	??	Content/__ExternalActors__/Cyberpunk/Maps/CyberAlley_WP/4/N7/TYSES1R7Q4TI8OL4G0OC82.uasset
bulk-import-or-template-content	??	Content/__ExternalActors__/Cyberpunk/Maps/CyberAlley_WP/4/NV/88EUOF1SR2Y97IG7Y873L0.uasset
bulk-import-or-template-content	??	Content/__ExternalActors__/Cyberpunk/Maps/CyberAlley_WP/4/O0/1VUM1JSRTMLHF4QDLJZX2E.uasset
bulk-import-or-template-content	??	Content/__ExternalActors__/Cyberpunk/Maps/CyberAlley_WP/4/OA/95W9F436VZABRGZM7ISC8I.uasset
bulk-import-or-template-content	??	Content/__ExternalActors__/Cyberpunk/Maps/CyberAlley_WP/4/OB/5L6WI50FRMW02O97ON3NU2.uasset
bulk-import-or-template-content	??	Content/__ExternalActors__/Cyberpunk/Maps/CyberAlley_WP/4/OI/9NVYD91AULJ63AMM04UJFG.uasset
bulk-import-or-template-content	??	Content/__ExternalActors__/Cyberpunk/Maps/CyberAlley_WP/4/PE/SMU4LQ6K6RLFRHCH212Y29.uasset
bulk-import-or-template-content	??	Content/__ExternalActors__/Cyberpunk/Maps/CyberAlley_WP/4/PQ/AVJ4M24DXM9WBOPFJPKZL1.uasset
bulk-import-or-template-content	??	Content/__ExternalActors__/Cyberpunk/Maps/CyberAlley_WP/4/QB/D0U45YTLTDNWB89TFGK4RI.uasset
bulk-import-or-template-content	??	Content/__ExternalActors__/Cyberpunk/Maps/CyberAlley_WP/4/QE/1LQQAFYZ55LWDUSH7NWR4E.uasset
bulk-import-or-template-content	??	Content/__ExternalActors__/Cyberpunk/Maps/CyberAlley_WP/4/QJ/5YT5PN56OKSQAQP2HQA728.uasset
bulk-import-or-template-content	??	Content/__ExternalActors__/Cyberpunk/Maps/CyberAlley_WP/4/QP/R4HOWVLUT84DLT7YWWVZY2.uasset
bulk-import-or-template-content	??	Content/__ExternalActors__/Cyberpunk/Maps/CyberAlley_WP/4/QT/SV92SAG62EXHBGQKYBVBXY.uasset
bulk-import-or-template-content	??	Content/__ExternalActors__/Cyberpunk/Maps/CyberAlley_WP/4/QT/V8FHAJUOHNLLHKTIHUD67O.uasset
bulk-import-or-template-content	??	Content/__ExternalActors__/Cyberpunk/Maps/CyberAlley_WP/4/R7/X96Q4VIXKZAOOQ17MZQW6B.uasset
bulk-import-or-template-content	??	Content/__ExternalActors__/Cyberpunk/Maps/CyberAlley_WP/4/RF/IGG3TP9ZJET4OO2V4V3AJ7.uasset
bulk-import-or-template-content	??	Content/__ExternalActors__/Cyberpunk/Maps/CyberAlley_WP/4/RQ/PVNO6RHWAAA364AW1W7YCG.uasset
bulk-import-or-template-content	??	Content/__ExternalActors__/Cyberpunk/Maps/CyberAlley_WP/4/SA/E4YMBML5V3RDBFK1BN8WBS.uasset
bulk-import-or-template-content	??	Content/__ExternalActors__/Cyberpunk/Maps/CyberAlley_WP/4/SC/CHL2MWLOM6Z8FPNB9RT1O2.uasset
bulk-import-or-template-content	??	Content/__ExternalActors__/Cyberpunk/Maps/CyberAlley_WP/4/SF/GEEBHY7GS3UDET5DALAMAZ.uasset
bulk-import-or-template-content	??	Content/__ExternalActors__/Cyberpunk/Maps/CyberAlley_WP/4/SU/P7B9FSHPDV5QTPSIW72XOU.uasset
bulk-import-or-template-content	??	Content/__ExternalActors__/Cyberpunk/Maps/CyberAlley_WP/4/T3/48ONTO56MH1SP45IVKF0P5.uasset
bulk-import-or-template-content	??	Content/__ExternalActors__/Cyberpunk/Maps/CyberAlley_WP/4/T3/OWXAYT0WU3NMCU04KF0IQ8.uasset
bulk-import-or-template-content	??	Content/__ExternalActors__/Cyberpunk/Maps/CyberAlley_WP/4/T5/FVJMH1DSDO0D164K5XM40U.uasset
bulk-import-or-template-content	??	Content/__ExternalActors__/Cyberpunk/Maps/CyberAlley_WP/4/TA/V43IRQ1ABP2UB3GHM3T9BX.uasset
bulk-import-or-template-content	??	Content/__ExternalActors__/Cyberpunk/Maps/CyberAlley_WP/4/TJ/YKUDVE552D5L5V1Z1JGJ2T.uasset
bulk-import-or-template-content	??	Content/__ExternalActors__/Cyberpunk/Maps/CyberAlley_WP/4/TL/ZMZAPCR6I4GZJR0RHD394U.uasset
bulk-import-or-template-content	??	Content/__ExternalActors__/Cyberpunk/Maps/CyberAlley_WP/4/TT/TN1UDQSFL0NR1GF1XOGRP1.uasset
bulk-import-or-template-content	??	Content/__ExternalActors__/Cyberpunk/Maps/CyberAlley_WP/4/U8/WHBBHMPPARBGKKEY0MA4J7.uasset
bulk-import-or-template-content	??	Content/__ExternalActors__/Cyberpunk/Maps/CyberAlley_WP/4/UC/H23PMRUBMDKPI4CYS69LHF.uasset
bulk-import-or-template-content	??	Content/__ExternalActors__/Cyberpunk/Maps/CyberAlley_WP/4/UG/46NLZNXAJRHW7K9YWIXK3U.uasset
bulk-import-or-template-content	??	Content/__ExternalActors__/Cyberpunk/Maps/CyberAlley_WP/4/UH/21CBBLYT0SG7Y2G9FLDHPM.uasset
bulk-import-or-template-content	??	Content/__ExternalActors__/Cyberpunk/Maps/CyberAlley_WP/4/VI/TBX6KI49MCJ84RIF17YY9D.uasset
bulk-import-or-template-content	??	Content/__ExternalActors__/Cyberpunk/Maps/CyberAlley_WP/4/VY/5EWRGNDVRSSML8TDZHW8YA.uasset
bulk-import-or-template-content	??	Content/__ExternalActors__/Cyberpunk/Maps/CyberAlley_WP/4/WG/K0Y0YMCHOUOTK25VHIZHV1.uasset
bulk-import-or-template-content	??	Content/__ExternalActors__/Cyberpunk/Maps/CyberAlley_WP/4/WJ/7IBAR4CNMZY3TL6JEBYSIH.uasset
bulk-import-or-template-content	??	Content/__ExternalActors__/Cyberpunk/Maps/CyberAlley_WP/4/WP/NYYAFDHOV6L47WOJKS817J.uasset
bulk-import-or-template-content	??	Content/__ExternalActors__/Cyberpunk/Maps/CyberAlley_WP/4/WW/7T76CXLCKUV6POX0DM2YOH.uasset
bulk-import-or-template-content	??	Content/__ExternalActors__/Cyberpunk/Maps/CyberAlley_WP/4/X2/THJ7CKY000QQNJOS9NW038.uasset
bulk-import-or-template-content	??	Content/__ExternalActors__/Cyberpunk/Maps/CyberAlley_WP/4/X2/UBQBURIFVJ86A66F8AUYBS.uasset
bulk-import-or-template-content	??	Content/__ExternalActors__/Cyberpunk/Maps/CyberAlley_WP/4/X5/9AUUTT2KRSU8WYOEKWQ5FS.uasset
bulk-import-or-template-content	??	Content/__ExternalActors__/Cyberpunk/Maps/CyberAlley_WP/4/X8/2FE6ORU5N9X233H6UTGL07.uasset
bulk-import-or-template-content	??	Content/__ExternalActors__/Cyberpunk/Maps/CyberAlley_WP/4/X8/BWXSMIF0OIJ15GIBG8UUWP.uasset
bulk-import-or-template-content	??	Content/__ExternalActors__/Cyberpunk/Maps/CyberAlley_WP/4/XA/9UVMD1XDKEAISM12PNL4BQ.uasset
bulk-import-or-template-content	??	Content/__ExternalActors__/Cyberpunk/Maps/CyberAlley_WP/4/XE/IKOW5ISZMVZOO6SEZ70K1D.uasset
bulk-import-or-template-content	??	Content/__ExternalActors__/Cyberpunk/Maps/CyberAlley_WP/4/XP/Z7IAWHDKZ21BBFE5DWEIN2.uasset
bulk-import-or-template-content	??	Content/__ExternalActors__/Cyberpunk/Maps/CyberAlley_WP/4/XR/8LQ8F6AV0U2YYH92B4IZEA.uasset
bulk-import-or-template-content	??	Content/__ExternalActors__/Cyberpunk/Maps/CyberAlley_WP/4/Y6/X294A4V9MQUIOT2CTJPP81.uasset
bulk-import-or-template-content	??	Content/__ExternalActors__/Cyberpunk/Maps/CyberAlley_WP/4/Y7/ZMEBOUMGRXBOM24UDB4V0O.uasset
bulk-import-or-template-content	??	Content/__ExternalActors__/Cyberpunk/Maps/CyberAlley_WP/4/YC/1ROJWAQ5GF49M67C4KTYEG.uasset
bulk-import-or-template-content	??	Content/__ExternalActors__/Cyberpunk/Maps/CyberAlley_WP/4/YG/ZBI1SNRH6911L0KO06D77H.uasset
bulk-import-or-template-content	??	Content/__ExternalActors__/Cyberpunk/Maps/CyberAlley_WP/4/YH/1J04MV0J12T4I3JG93E27N.uasset
bulk-import-or-template-content	??	Content/__ExternalActors__/Cyberpunk/Maps/CyberAlley_WP/4/YK/S0T6MVAUJHAT7WO0QI734B.uasset
bulk-import-or-template-content	??	Content/__ExternalActors__/Cyberpunk/Maps/CyberAlley_WP/4/ZG/AMOAYZJZZ4OJ21EEAPMQ8D.uasset
bulk-import-or-template-content	??	Content/__ExternalActors__/Cyberpunk/Maps/CyberAlley_WP/5/0A/W1XKPGCLNYM7UIHV8R93NW.uasset
bulk-import-or-template-content	??	Content/__ExternalActors__/Cyberpunk/Maps/CyberAlley_WP/5/0H/07DZRJKGO11ILBR5YR6LC5.uasset
bulk-import-or-template-content	??	Content/__ExternalActors__/Cyberpunk/Maps/CyberAlley_WP/5/0L/AGRDU3M56J87SH6L50TO53.uasset
bulk-import-or-template-content	??	Content/__ExternalActors__/Cyberpunk/Maps/CyberAlley_WP/5/0L/JYPM42YVQ0HP5S9BXLUTI0.uasset
bulk-import-or-template-content	??	Content/__ExternalActors__/Cyberpunk/Maps/CyberAlley_WP/5/0Q/MP3EM2G8Z2DW805ZU0A98A.uasset
bulk-import-or-template-content	??	Content/__ExternalActors__/Cyberpunk/Maps/CyberAlley_WP/5/0U/5IHOBIQMDMBWAY3M995R98.uasset
bulk-import-or-template-content	??	Content/__ExternalActors__/Cyberpunk/Maps/CyberAlley_WP/5/1J/L1ZTSQC8MVZ9MHY9P0H2A6.uasset
bulk-import-or-template-content	??	Content/__ExternalActors__/Cyberpunk/Maps/CyberAlley_WP/5/1K/4B0M5MIBPOY4PS4O61ZGGO.uasset
bulk-import-or-template-content	??	Content/__ExternalActors__/Cyberpunk/Maps/CyberAlley_WP/5/20/IN34JCJ4THMXHS9F258GSE.uasset
bulk-import-or-template-content	??	Content/__ExternalActors__/Cyberpunk/Maps/CyberAlley_WP/5/2P/UDFVOR19K0VBLOSJ1KDHG4.uasset
bulk-import-or-template-content	??	Content/__ExternalActors__/Cyberpunk/Maps/CyberAlley_WP/5/36/CQDPBNTW3CRQ7LN06MZCZI.uasset
bulk-import-or-template-content	??	Content/__ExternalActors__/Cyberpunk/Maps/CyberAlley_WP/5/3Y/6ST39MXHNI4WDPBYZTT942.uasset
bulk-import-or-template-content	??	Content/__ExternalActors__/Cyberpunk/Maps/CyberAlley_WP/5/4A/MPZWUF550IUZ3S7ZV7A6JR.uasset
bulk-import-or-template-content	??	Content/__ExternalActors__/Cyberpunk/Maps/CyberAlley_WP/5/4F/XRXTTIG8OKYF985U3DXGV9.uasset
bulk-import-or-template-content	??	Content/__ExternalActors__/Cyberpunk/Maps/CyberAlley_WP/5/4T/22COS0Q6FSAQ7FXKBNQYW0.uasset
bulk-import-or-template-content	??	Content/__ExternalActors__/Cyberpunk/Maps/CyberAlley_WP/5/5E/KZ01TPLRBQASVZPC2C8NW9.uasset
bulk-import-or-template-content	??	Content/__ExternalActors__/Cyberpunk/Maps/CyberAlley_WP/5/63/QK1BLBYKMDYQ8V3R26GEVI.uasset
bulk-import-or-template-content	??	Content/__ExternalActors__/Cyberpunk/Maps/CyberAlley_WP/5/6O/JO8SN501HEJBGTNZHJ8FQ2.uasset
bulk-import-or-template-content	??	Content/__ExternalActors__/Cyberpunk/Maps/CyberAlley_WP/5/6U/IVFEDXPJC9N2AZF70M9IVF.uasset
bulk-import-or-template-content	??	Content/__ExternalActors__/Cyberpunk/Maps/CyberAlley_WP/5/73/JR1SDW162MUY895PGSEY4A.uasset
bulk-import-or-template-content	??	Content/__ExternalActors__/Cyberpunk/Maps/CyberAlley_WP/5/75/GOSY50R9V2QD6QT3AFK3AF.uasset
bulk-import-or-template-content	??	Content/__ExternalActors__/Cyberpunk/Maps/CyberAlley_WP/5/77/X17S9WO0FUUVV2I27DIS0G.uasset
bulk-import-or-template-content	??	Content/__ExternalActors__/Cyberpunk/Maps/CyberAlley_WP/5/7S/OFM656OME2YCJR3CYUNADZ.uasset
bulk-import-or-template-content	??	Content/__ExternalActors__/Cyberpunk/Maps/CyberAlley_WP/5/7T/C64TF2FRRE8DUBPZQSW32K.uasset
bulk-import-or-template-content	??	Content/__ExternalActors__/Cyberpunk/Maps/CyberAlley_WP/5/8T/TU2WHSCAEOXDCFKL9YD5HG.uasset
bulk-import-or-template-content	??	Content/__ExternalActors__/Cyberpunk/Maps/CyberAlley_WP/5/90/HKYYJRS285UO1QTBCPE4NF.uasset
bulk-import-or-template-content	??	Content/__ExternalActors__/Cyberpunk/Maps/CyberAlley_WP/5/9K/PQBSPXXPM0XUFBQHR6MWY2.uasset
bulk-import-or-template-content	??	Content/__ExternalActors__/Cyberpunk/Maps/CyberAlley_WP/5/9L/DGNNZVCAQ6FQROV1FWI23X.uasset
bulk-import-or-template-content	??	Content/__ExternalActors__/Cyberpunk/Maps/CyberAlley_WP/5/9N/2Q56F8TXM488GRZEUHRKNK.uasset
bulk-import-or-template-content	??	Content/__ExternalActors__/Cyberpunk/Maps/CyberAlley_WP/5/AM/BWORTI1IUX9ZSLB0WOQI5N.uasset
bulk-import-or-template-content	??	Content/__ExternalActors__/Cyberpunk/Maps/CyberAlley_WP/5/AO/2PMB77J7SQ2FTDK9P0QDAC.uasset
bulk-import-or-template-content	??	Content/__ExternalActors__/Cyberpunk/Maps/CyberAlley_WP/5/BH/TXAXJ7WGS4IGL7IZSYOG8A.uasset
bulk-import-or-template-content	??	Content/__ExternalActors__/Cyberpunk/Maps/CyberAlley_WP/5/C5/MUK0HWIOF8E7OXTSVDXZR6.uasset
bulk-import-or-template-content	??	Content/__ExternalActors__/Cyberpunk/Maps/CyberAlley_WP/5/C6/LX2RSITJBBPQHN0MZ2TF1P.uasset
bulk-import-or-template-content	??	Content/__ExternalActors__/Cyberpunk/Maps/CyberAlley_WP/5/CC/YSG7OQ2DW5CHL1OG5J76LZ.uasset
bulk-import-or-template-content	??	Content/__ExternalActors__/Cyberpunk/Maps/CyberAlley_WP/5/CG/902Q76HQ8U0I0PNOLJFM8A.uasset
bulk-import-or-template-content	??	Content/__ExternalActors__/Cyberpunk/Maps/CyberAlley_WP/5/CN/EWVB9VL19A5WBMOS99JL0M.uasset
bulk-import-or-template-content	??	Content/__ExternalActors__/Cyberpunk/Maps/CyberAlley_WP/5/CP/5L4A58ONYU2AX1JBG1HEKB.uasset
bulk-import-or-template-content	??	Content/__ExternalActors__/Cyberpunk/Maps/CyberAlley_WP/5/CP/GXOB1W3Z7QBHX95DUJY45J.uasset
bulk-import-or-template-content	??	Content/__ExternalActors__/Cyberpunk/Maps/CyberAlley_WP/5/D5/Q35RHG03BOV1I3QO54XWG6.uasset
bulk-import-or-template-content	??	Content/__ExternalActors__/Cyberpunk/Maps/CyberAlley_WP/5/D7/3YZ7PJ61GCV4HPP10TTELG.uasset
bulk-import-or-template-content	??	Content/__ExternalActors__/Cyberpunk/Maps/CyberAlley_WP/5/D8/S174AIES5YHDH0BD3V79XT.uasset
bulk-import-or-template-content	??	Content/__ExternalActors__/Cyberpunk/Maps/CyberAlley_WP/5/DK/Q02JGIA1GGTN8O24881MSK.uasset
bulk-import-or-template-content	??	Content/__ExternalActors__/Cyberpunk/Maps/CyberAlley_WP/5/EV/SVJRM74LVW9ST1796DR94L.uasset
bulk-import-or-template-content	??	Content/__ExternalActors__/Cyberpunk/Maps/CyberAlley_WP/5/EW/FVJ2DEOSZTLEYTIYGEXJI3.uasset
bulk-import-or-template-content	??	Content/__ExternalActors__/Cyberpunk/Maps/CyberAlley_WP/5/EY/YARWHF1EQ6WLRP2YIEZ11S.uasset
bulk-import-or-template-content	??	Content/__ExternalActors__/Cyberpunk/Maps/CyberAlley_WP/5/FJ/ECIX2JF8WPBY4FHGJJFEMF.uasset
bulk-import-or-template-content	??	Content/__ExternalActors__/Cyberpunk/Maps/CyberAlley_WP/5/FX/0293SCDD179TCWZLLWI8UT.uasset
bulk-import-or-template-content	??	Content/__ExternalActors__/Cyberpunk/Maps/CyberAlley_WP/5/G2/SHZZ1QQFFMSIKZ9172KM6X.uasset
bulk-import-or-template-content	??	Content/__ExternalActors__/Cyberpunk/Maps/CyberAlley_WP/5/G3/2QOLFD3CAFWC682XLAMCI8.uasset
bulk-import-or-template-content	??	Content/__ExternalActors__/Cyberpunk/Maps/CyberAlley_WP/5/G5/02QDSRRNEO6ZSF5RD2FJE5.uasset
bulk-import-or-template-content	??	Content/__ExternalActors__/Cyberpunk/Maps/CyberAlley_WP/5/GA/S6K2VQ4WTHWO3MH3A2KZMM.uasset
bulk-import-or-template-content	??	Content/__ExternalActors__/Cyberpunk/Maps/CyberAlley_WP/5/GB/6SH436CTL0B54YGP1J7Q8C.uasset
bulk-import-or-template-content	??	Content/__ExternalActors__/Cyberpunk/Maps/CyberAlley_WP/5/GP/WWK0G654MVG5FRI15JYZZC.uasset
bulk-import-or-template-content	??	Content/__ExternalActors__/Cyberpunk/Maps/CyberAlley_WP/5/GS/RJOWNKWV8VHG5GUODTBPVO.uasset
bulk-import-or-template-content	??	Content/__ExternalActors__/Cyberpunk/Maps/CyberAlley_WP/5/H3/HNYOM3VEAWJYVPX6XMO64B.uasset
bulk-import-or-template-content	??	Content/__ExternalActors__/Cyberpunk/Maps/CyberAlley_WP/5/H4/ADHY1SF3XH78LOH1YRYZ79.uasset
bulk-import-or-template-content	??	Content/__ExternalActors__/Cyberpunk/Maps/CyberAlley_WP/5/H5/ZRGHRWOQ3INKF94GULW56S.uasset
bulk-import-or-template-content	??	Content/__ExternalActors__/Cyberpunk/Maps/CyberAlley_WP/5/HG/OKDHZ00KBRFN604MVE2Q6D.uasset
bulk-import-or-template-content	??	Content/__ExternalActors__/Cyberpunk/Maps/CyberAlley_WP/5/HS/76Q9PJCM6QG88JR5L3O54M.uasset
bulk-import-or-template-content	??	Content/__ExternalActors__/Cyberpunk/Maps/CyberAlley_WP/5/IG/PATW50G4C7JZ5N0QHU1040.uasset
bulk-import-or-template-content	??	Content/__ExternalActors__/Cyberpunk/Maps/CyberAlley_WP/5/IG/SR9A59FLIN24FMSED24ZYP.uasset
bulk-import-or-template-content	??	Content/__ExternalActors__/Cyberpunk/Maps/CyberAlley_WP/5/II/MLCDKVJ4K43XLS6O8JSH96.uasset
bulk-import-or-template-content	??	Content/__ExternalActors__/Cyberpunk/Maps/CyberAlley_WP/5/J8/QKSN682F2K2YGRTN8FSPRM.uasset
bulk-import-or-template-content	??	Content/__ExternalActors__/Cyberpunk/Maps/CyberAlley_WP/5/JO/GSB1PC4OPD3M26PXYPE1F7.uasset
bulk-import-or-template-content	??	Content/__ExternalActors__/Cyberpunk/Maps/CyberAlley_WP/5/JO/SAB8PP75XZTL5WAMEGRRWQ.uasset
bulk-import-or-template-content	??	Content/__ExternalActors__/Cyberpunk/Maps/CyberAlley_WP/5/JS/9QFOAZIMEXE8D0W17YK8QO.uasset
bulk-import-or-template-content	??	Content/__ExternalActors__/Cyberpunk/Maps/CyberAlley_WP/5/JT/46YPZBGUY52W0XZWGBK2UE.uasset
bulk-import-or-template-content	??	Content/__ExternalActors__/Cyberpunk/Maps/CyberAlley_WP/5/JZ/BL1YIUVPBU745XO9NS9SMD.uasset
bulk-import-or-template-content	??	Content/__ExternalActors__/Cyberpunk/Maps/CyberAlley_WP/5/KA/GLREMKZYOWKNF06BHJKLPA.uasset
bulk-import-or-template-content	??	Content/__ExternalActors__/Cyberpunk/Maps/CyberAlley_WP/5/KG/TDOG1MLT8D4BO77XI7PLUR.uasset
bulk-import-or-template-content	??	Content/__ExternalActors__/Cyberpunk/Maps/CyberAlley_WP/5/KR/EXLKUECIYKH92VL4TPZSAU.uasset
bulk-import-or-template-content	??	Content/__ExternalActors__/Cyberpunk/Maps/CyberAlley_WP/5/KS/1JNYJ42YLNRMAKWC318DV6.uasset
bulk-import-or-template-content	??	Content/__ExternalActors__/Cyberpunk/Maps/CyberAlley_WP/5/KT/5W6H11PJ7OPZZUU7X8KP6C.uasset
bulk-import-or-template-content	??	Content/__ExternalActors__/Cyberpunk/Maps/CyberAlley_WP/5/L8/GMVXF3YGT39WJHB2YUS9N4.uasset
bulk-import-or-template-content	??	Content/__ExternalActors__/Cyberpunk/Maps/CyberAlley_WP/5/LC/PRWNXBNPR5DE0THADHO5B1.uasset
bulk-import-or-template-content	??	Content/__ExternalActors__/Cyberpunk/Maps/CyberAlley_WP/5/LM/HMBWICMAFHZLZDIFVTJK33.uasset
bulk-import-or-template-content	??	Content/__ExternalActors__/Cyberpunk/Maps/CyberAlley_WP/5/LT/Q0WGQDKGV5SUNCN0IELPW0.uasset
bulk-import-or-template-content	??	Content/__ExternalActors__/Cyberpunk/Maps/CyberAlley_WP/5/MO/R69HN7Y6Q7ZFMWMSXI1JFL.uasset
bulk-import-or-template-content	??	Content/__ExternalActors__/Cyberpunk/Maps/CyberAlley_WP/5/MQ/U99L4GCH353XJWJAKATHZR.uasset
bulk-import-or-template-content	??	Content/__ExternalActors__/Cyberpunk/Maps/CyberAlley_WP/5/N3/46WW860UK58LPS3C7NOQZZ.uasset
bulk-import-or-template-content	??	Content/__ExternalActors__/Cyberpunk/Maps/CyberAlley_WP/5/ND/Z44ZUP2EU6O6VZSJT8SOLR.uasset
bulk-import-or-template-content	??	Content/__ExternalActors__/Cyberpunk/Maps/CyberAlley_WP/5/NN/L9S5K9U1PP21HN2RTPNW7X.uasset
bulk-import-or-template-content	??	Content/__ExternalActors__/Cyberpunk/Maps/CyberAlley_WP/5/NQ/7BH72O60KIJ7SZOQVYDAYW.uasset
bulk-import-or-template-content	??	Content/__ExternalActors__/Cyberpunk/Maps/CyberAlley_WP/5/NV/G0L5VU08UQC0F5B0DDURTX.uasset
bulk-import-or-template-content	??	Content/__ExternalActors__/Cyberpunk/Maps/CyberAlley_WP/5/OF/V3RCWSH4Q591Q6YT647W12.uasset
bulk-import-or-template-content	??	Content/__ExternalActors__/Cyberpunk/Maps/CyberAlley_WP/5/OM/FL723DNORW9LUEPZE9K2HK.uasset
bulk-import-or-template-content	??	Content/__ExternalActors__/Cyberpunk/Maps/CyberAlley_WP/5/OO/SHWMZUFDREOW9C8XLBDCQB.uasset
bulk-import-or-template-content	??	Content/__ExternalActors__/Cyberpunk/Maps/CyberAlley_WP/5/PE/NG6NTHEACTBVTZFZ065GPD.uasset
bulk-import-or-template-content	??	Content/__ExternalActors__/Cyberpunk/Maps/CyberAlley_WP/5/PK/O35VYGHW85O1BR2XS9ZKJX.uasset
bulk-import-or-template-content	??	Content/__ExternalActors__/Cyberpunk/Maps/CyberAlley_WP/5/PL/UXFJ4HKRXIXR357UKMFT8A.uasset
bulk-import-or-template-content	??	Content/__ExternalActors__/Cyberpunk/Maps/CyberAlley_WP/5/Q3/0SETSUC94TZH4CFREA4LX4.uasset
bulk-import-or-template-content	??	Content/__ExternalActors__/Cyberpunk/Maps/CyberAlley_WP/5/R3/6F3D23NIZ2RM4B18B8GC16.uasset
bulk-import-or-template-content	??	Content/__ExternalActors__/Cyberpunk/Maps/CyberAlley_WP/5/R5/KV7SBKZD4M33Y1UZU6WGZM.uasset
bulk-import-or-template-content	??	Content/__ExternalActors__/Cyberpunk/Maps/CyberAlley_WP/5/RD/YH0HIXKPICD5526RBPAY4C.uasset
bulk-import-or-template-content	??	Content/__ExternalActors__/Cyberpunk/Maps/CyberAlley_WP/5/RP/GNCC2ZN7VYJHS1MBSSZ05H.uasset
bulk-import-or-template-content	??	Content/__ExternalActors__/Cyberpunk/Maps/CyberAlley_WP/5/RS/62XMYIELFS2YOBDI3SUAOE.uasset
bulk-import-or-template-content	??	Content/__ExternalActors__/Cyberpunk/Maps/CyberAlley_WP/5/RX/YFGG0ICOYZ7K58LWT2D0HQ.uasset
bulk-import-or-template-content	??	Content/__ExternalActors__/Cyberpunk/Maps/CyberAlley_WP/5/S8/LPO5HY0K3UB4S6DQ70IW7Y.uasset
bulk-import-or-template-content	??	Content/__ExternalActors__/Cyberpunk/Maps/CyberAlley_WP/5/SX/PCEMJ9VZOG7ZH4Q7RE0U8G.uasset
bulk-import-or-template-content	??	Content/__ExternalActors__/Cyberpunk/Maps/CyberAlley_WP/5/TF/MOUVZSMNUTBKJVWLFPRRB5.uasset
bulk-import-or-template-content	??	Content/__ExternalActors__/Cyberpunk/Maps/CyberAlley_WP/5/TH/E2VVEW8S1LLG5QNZ4WRLOS.uasset
bulk-import-or-template-content	??	Content/__ExternalActors__/Cyberpunk/Maps/CyberAlley_WP/5/UO/2EN2BJVWW20C9QDDPPCDZN.uasset
bulk-import-or-template-content	??	Content/__ExternalActors__/Cyberpunk/Maps/CyberAlley_WP/5/UQ/U0TDRKM2NJZPXEHWZF1YHP.uasset
bulk-import-or-template-content	??	Content/__ExternalActors__/Cyberpunk/Maps/CyberAlley_WP/5/UV/F7DTEA116MJ4SU4NEX15MS.uasset
bulk-import-or-template-content	??	Content/__ExternalActors__/Cyberpunk/Maps/CyberAlley_WP/5/VI/THEHBD5REP3VORAGWD9X0V.uasset
bulk-import-or-template-content	??	Content/__ExternalActors__/Cyberpunk/Maps/CyberAlley_WP/5/W1/FN7JYU8Q20TAO590QYC9MV.uasset
bulk-import-or-template-content	??	Content/__ExternalActors__/Cyberpunk/Maps/CyberAlley_WP/5/W3/DBNXJQSS0NFB28E7ANQVCM.uasset
bulk-import-or-template-content	??	Content/__ExternalActors__/Cyberpunk/Maps/CyberAlley_WP/5/W7/PKY3QCK9Z7976HFAYW1RNV.uasset
bulk-import-or-template-content	??	Content/__ExternalActors__/Cyberpunk/Maps/CyberAlley_WP/5/WA/YDWWW8JDN7SF2SDIVSLQGI.uasset
bulk-import-or-template-content	??	Content/__ExternalActors__/Cyberpunk/Maps/CyberAlley_WP/5/X7/CRO3M64X2UEG0SE9QC2PHS.uasset
bulk-import-or-template-content	??	Content/__ExternalActors__/Cyberpunk/Maps/CyberAlley_WP/5/XF/OVIBM949ZPC8QEBGXLEORM.uasset
bulk-import-or-template-content	??	Content/__ExternalActors__/Cyberpunk/Maps/CyberAlley_WP/5/XO/SZ46NH78RDQI76Q6HH70NS.uasset
bulk-import-or-template-content	??	Content/__ExternalActors__/Cyberpunk/Maps/CyberAlley_WP/5/XR/ERVZDNMSU9S736UVZSSJJ6.uasset
bulk-import-or-template-content	??	Content/__ExternalActors__/Cyberpunk/Maps/CyberAlley_WP/5/Y9/Q0M9B7BFBXGYQREV5TKX4Z.uasset
bulk-import-or-template-content	??	Content/__ExternalActors__/Cyberpunk/Maps/CyberAlley_WP/5/YY/9D1QZ45S2XS8QLW38FOA39.uasset
bulk-import-or-template-content	??	Content/__ExternalActors__/Cyberpunk/Maps/CyberAlley_WP/5/ZA/71PB3F16AQAD9KISNFPOGB.uasset
bulk-import-or-template-content	??	Content/__ExternalActors__/Cyberpunk/Maps/CyberAlley_WP/5/ZG/XHSXJW13WS8574AVDUCXXW.uasset
bulk-import-or-template-content	??	Content/__ExternalActors__/Cyberpunk/Maps/CyberAlley_WP/5/ZI/Z7JD7YYOWSU9SU9A80D2Z7.uasset
bulk-import-or-template-content	??	Content/__ExternalActors__/Cyberpunk/Maps/CyberAlley_WP/6/0I/ZG70A0L7VKRDV2UGPGVNNN.uasset
bulk-import-or-template-content	??	Content/__ExternalActors__/Cyberpunk/Maps/CyberAlley_WP/6/0J/NDHPHF69RXU9GXY1M0NWBX.uasset
bulk-import-or-template-content	??	Content/__ExternalActors__/Cyberpunk/Maps/CyberAlley_WP/6/10/LTW2G8UXHN3DAFZMHM25XX.uasset
bulk-import-or-template-content	??	Content/__ExternalActors__/Cyberpunk/Maps/CyberAlley_WP/6/1D/87AO764IFKU9MT4TD4ORAT.uasset
bulk-import-or-template-content	??	Content/__ExternalActors__/Cyberpunk/Maps/CyberAlley_WP/6/1M/R8ML9DTMW01P4CBS9ZX5BT.uasset
bulk-import-or-template-content	??	Content/__ExternalActors__/Cyberpunk/Maps/CyberAlley_WP/6/1Z/1I9G0TXF9A0ADPWGX5B09W.uasset
bulk-import-or-template-content	??	Content/__ExternalActors__/Cyberpunk/Maps/CyberAlley_WP/6/25/OCSQY5HWKRLDIIEHX3QJR3.uasset
bulk-import-or-template-content	??	Content/__ExternalActors__/Cyberpunk/Maps/CyberAlley_WP/6/2F/DIOAU18QOX3ZRIYL4520G5.uasset
bulk-import-or-template-content	??	Content/__ExternalActors__/Cyberpunk/Maps/CyberAlley_WP/6/2Y/7D1XMO7EE66AGUNOYYWL7O.uasset
bulk-import-or-template-content	??	Content/__ExternalActors__/Cyberpunk/Maps/CyberAlley_WP/6/3O/46DJAY3WPHSVLIVU3OUHYG.uasset
bulk-import-or-template-content	??	Content/__ExternalActors__/Cyberpunk/Maps/CyberAlley_WP/6/3U/V139UI5IEEBBPYZQ60ULMB.uasset
bulk-import-or-template-content	??	Content/__ExternalActors__/Cyberpunk/Maps/CyberAlley_WP/6/42/1B5CGP84198B17RHA8DP96.uasset
bulk-import-or-template-content	??	Content/__ExternalActors__/Cyberpunk/Maps/CyberAlley_WP/6/47/OYYZC8SQ6C0SRG8QL6D38J.uasset
bulk-import-or-template-content	??	Content/__ExternalActors__/Cyberpunk/Maps/CyberAlley_WP/6/4X/ROULG2D746UC8CF8S1JZ6E.uasset
bulk-import-or-template-content	??	Content/__ExternalActors__/Cyberpunk/Maps/CyberAlley_WP/6/55/625WZE9IMSRSNRSH69UEJ9.uasset
bulk-import-or-template-content	??	Content/__ExternalActors__/Cyberpunk/Maps/CyberAlley_WP/6/58/WRJYP5FFSU6JAH93V2BFSV.uasset
bulk-import-or-template-content	??	Content/__ExternalActors__/Cyberpunk/Maps/CyberAlley_WP/6/5D/PV8FIVFSBEL69R1ZWMW9R2.uasset
bulk-import-or-template-content	??	Content/__ExternalActors__/Cyberpunk/Maps/CyberAlley_WP/6/5H/25PWPGFA8C0JA6YA38M3VN.uasset
bulk-import-or-template-content	??	Content/__ExternalActors__/Cyberpunk/Maps/CyberAlley_WP/6/5X/0VR7SG6TR5AEWCS3QPIP1A.uasset
bulk-import-or-template-content	??	Content/__ExternalActors__/Cyberpunk/Maps/CyberAlley_WP/6/60/ADMJ8DAO43OJBG24V2D7B6.uasset
bulk-import-or-template-content	??	Content/__ExternalActors__/Cyberpunk/Maps/CyberAlley_WP/6/68/06WVTGOCUGBX1AG1ZBHKCF.uasset
bulk-import-or-template-content	??	Content/__ExternalActors__/Cyberpunk/Maps/CyberAlley_WP/6/6J/A0DJVFDF38GXQFZ0V67237.uasset
bulk-import-or-template-content	??	Content/__ExternalActors__/Cyberpunk/Maps/CyberAlley_WP/6/6J/JBBJJRWC64UD3ISMGAINJB.uasset
bulk-import-or-template-content	??	Content/__ExternalActors__/Cyberpunk/Maps/CyberAlley_WP/6/6V/7WCY0TYDYLOAQF1S0HFPKE.uasset
bulk-import-or-template-content	??	Content/__ExternalActors__/Cyberpunk/Maps/CyberAlley_WP/6/7C/CNRYD4B5NJ0ZP8Z4UMGFKD.uasset
bulk-import-or-template-content	??	Content/__ExternalActors__/Cyberpunk/Maps/CyberAlley_WP/6/7C/FLTZDDW3OSYSIJZXH7D2ZJ.uasset
bulk-import-or-template-content	??	Content/__ExternalActors__/Cyberpunk/Maps/CyberAlley_WP/6/7J/H020EU10LO5HVHPH0Z83E1.uasset
bulk-import-or-template-content	??	Content/__ExternalActors__/Cyberpunk/Maps/CyberAlley_WP/6/7R/H4DFV00JNS4LT4BR0Q8YEB.uasset
bulk-import-or-template-content	??	Content/__ExternalActors__/Cyberpunk/Maps/CyberAlley_WP/6/7T/T2YM3L6NFLX7EB1E8X4JKJ.uasset
bulk-import-or-template-content	??	Content/__ExternalActors__/Cyberpunk/Maps/CyberAlley_WP/6/91/C10N384X3LBYMFEZY7LBR7.uasset
bulk-import-or-template-content	??	Content/__ExternalActors__/Cyberpunk/Maps/CyberAlley_WP/6/98/5WN4CRLIFQMS9KA4SRMF62.uasset
bulk-import-or-template-content	??	Content/__ExternalActors__/Cyberpunk/Maps/CyberAlley_WP/6/9O/KOGQHVAAR6LQF4FE9VIPMA.uasset
bulk-import-or-template-content	??	Content/__ExternalActors__/Cyberpunk/Maps/CyberAlley_WP/6/9V/Z1AE3WX79XCS3SSG0IS1QR.uasset
bulk-import-or-template-content	??	Content/__ExternalActors__/Cyberpunk/Maps/CyberAlley_WP/6/A0/Q6A2BACV2GOA0FEU8K8RYQ.uasset
bulk-import-or-template-content	??	Content/__ExternalActors__/Cyberpunk/Maps/CyberAlley_WP/6/A2/M7KCIOA6VTJQXDB86SD6C1.uasset
bulk-import-or-template-content	??	Content/__ExternalActors__/Cyberpunk/Maps/CyberAlley_WP/6/AC/XN6YQO1516CLYR5S14XI5S.uasset
bulk-import-or-template-content	??	Content/__ExternalActors__/Cyberpunk/Maps/CyberAlley_WP/6/AN/F9H4YV1D4EYJ4C9T9VK8XO.uasset
bulk-import-or-template-content	??	Content/__ExternalActors__/Cyberpunk/Maps/CyberAlley_WP/6/AO/SRKMIMSDE6UMOZMP4O8HKB.uasset
bulk-import-or-template-content	??	Content/__ExternalActors__/Cyberpunk/Maps/CyberAlley_WP/6/BC/HUXRM9T1LANF8NT1656PPB.uasset
bulk-import-or-template-content	??	Content/__ExternalActors__/Cyberpunk/Maps/CyberAlley_WP/6/BU/8WYMPWO3YFPJ2AJZIEP34O.uasset
bulk-import-or-template-content	??	Content/__ExternalActors__/Cyberpunk/Maps/CyberAlley_WP/6/CA/3L3RACXYXUSEUHU9THX7S6.uasset
bulk-import-or-template-content	??	Content/__ExternalActors__/Cyberpunk/Maps/CyberAlley_WP/6/CE/AN4Y26VT0KLOI9KK9SDPNC.uasset
bulk-import-or-template-content	??	Content/__ExternalActors__/Cyberpunk/Maps/CyberAlley_WP/6/CE/RMKKDUCD6NIOXK7UY1ED29.uasset
bulk-import-or-template-content	??	Content/__ExternalActors__/Cyberpunk/Maps/CyberAlley_WP/6/CM/4IUACJQUYBNPY5UH0UBVRX.uasset
bulk-import-or-template-content	??	Content/__ExternalActors__/Cyberpunk/Maps/CyberAlley_WP/6/CZ/ULWLBKAK8BNSBWVH169PAV.uasset
bulk-import-or-template-content	??	Content/__ExternalActors__/Cyberpunk/Maps/CyberAlley_WP/6/DF/MIQK4I0T5WP6ZUHUZMKCF7.uasset
bulk-import-or-template-content	??	Content/__ExternalActors__/Cyberpunk/Maps/CyberAlley_WP/6/DQ/2715IIV558059XKMMURACP.uasset
bulk-import-or-template-content	??	Content/__ExternalActors__/Cyberpunk/Maps/CyberAlley_WP/6/DV/B2ATO43WG41VUOR6GW2W0Q.uasset
bulk-import-or-template-content	??	Content/__ExternalActors__/Cyberpunk/Maps/CyberAlley_WP/6/DY/0IQC9QPOV0WP5U3J1TLSO4.uasset
bulk-import-or-template-content	??	Content/__ExternalActors__/Cyberpunk/Maps/CyberAlley_WP/6/EI/XO7F1KWHCX81XYJJ1889S3.uasset
bulk-import-or-template-content	??	Content/__ExternalActors__/Cyberpunk/Maps/CyberAlley_WP/6/ER/V7CVSPYF19QC4Z979MT5RL.uasset
bulk-import-or-template-content	??	Content/__ExternalActors__/Cyberpunk/Maps/CyberAlley_WP/6/EX/K11TDJFQ9PMT0FRMX9WUKS.uasset
bulk-import-or-template-content	??	Content/__ExternalActors__/Cyberpunk/Maps/CyberAlley_WP/6/EY/1XFAOSKSWGSONI6IMUGK7F.uasset
bulk-import-or-template-content	??	Content/__ExternalActors__/Cyberpunk/Maps/CyberAlley_WP/6/EY/A6J7Y6BGBZ5R8W50HUV094.uasset
bulk-import-or-template-content	??	Content/__ExternalActors__/Cyberpunk/Maps/CyberAlley_WP/6/FO/7EGWCDISGZC2TDEA0LDLKZ.uasset
bulk-import-or-template-content	??	Content/__ExternalActors__/Cyberpunk/Maps/CyberAlley_WP/6/FW/PX9NI7QWZPA58XRTKJQCOE.uasset
bulk-import-or-template-content	??	Content/__ExternalActors__/Cyberpunk/Maps/CyberAlley_WP/6/FW/R2HW0LPIGSJCUWL19I10ZW.uasset
bulk-import-or-template-content	??	Content/__ExternalActors__/Cyberpunk/Maps/CyberAlley_WP/6/G5/FIYZA5BD8ZL6SLJPNIYV3P.uasset
bulk-import-or-template-content	??	Content/__ExternalActors__/Cyberpunk/Maps/CyberAlley_WP/6/GI/3V3B1NJY4B9KSTCYF5GXD0.uasset
bulk-import-or-template-content	??	Content/__ExternalActors__/Cyberpunk/Maps/CyberAlley_WP/6/GU/T1J0G4HN1DRIZ8KA4R0TXR.uasset
bulk-import-or-template-content	??	Content/__ExternalActors__/Cyberpunk/Maps/CyberAlley_WP/6/HN/U93ASGPZ0H0EHSJO4G02HE.uasset
bulk-import-or-template-content	??	Content/__ExternalActors__/Cyberpunk/Maps/CyberAlley_WP/6/HW/FHI39NUADX7G3BTBNAHFIR.uasset
bulk-import-or-template-content	??	Content/__ExternalActors__/Cyberpunk/Maps/CyberAlley_WP/6/I3/UVPPJKQOUV1TIHU0XCNJU0.uasset
bulk-import-or-template-content	??	Content/__ExternalActors__/Cyberpunk/Maps/CyberAlley_WP/6/I7/S7EVEOLJQJFRVSQ3J33Z2C.uasset
bulk-import-or-template-content	??	Content/__ExternalActors__/Cyberpunk/Maps/CyberAlley_WP/6/IE/CLNYU7921VVQBV67Z0YZFZ.uasset
bulk-import-or-template-content	??	Content/__ExternalActors__/Cyberpunk/Maps/CyberAlley_WP/6/IQ/K725C6S511BBGP6S64J3NR.uasset
bulk-import-or-template-content	??	Content/__ExternalActors__/Cyberpunk/Maps/CyberAlley_WP/6/IQ/MBXIPY1D4CII9AWM2WPL88.uasset
bulk-import-or-template-content	??	Content/__ExternalActors__/Cyberpunk/Maps/CyberAlley_WP/6/IV/ODK6RS84HZHQQKIL4DICLH.uasset
bulk-import-or-template-content	??	Content/__ExternalActors__/Cyberpunk/Maps/CyberAlley_WP/6/J0/ILIQ4G78RA3LK0FYC1UZ6F.uasset
bulk-import-or-template-content	??	Content/__ExternalActors__/Cyberpunk/Maps/CyberAlley_WP/6/JC/0WJ3YHLTP1EO8ERXOJVJLQ.uasset
bulk-import-or-template-content	??	Content/__ExternalActors__/Cyberpunk/Maps/CyberAlley_WP/6/JQ/OYILG7FQ1ACFQGLP6F5QJQ.uasset
bulk-import-or-template-content	??	Content/__ExternalActors__/Cyberpunk/Maps/CyberAlley_WP/6/JY/CAI9PO5TI86L57S8QNW597.uasset
bulk-import-or-template-content	??	Content/__ExternalActors__/Cyberpunk/Maps/CyberAlley_WP/6/KA/95MVTIIIJPBX0H0RO20UY4.uasset
bulk-import-or-template-content	??	Content/__ExternalActors__/Cyberpunk/Maps/CyberAlley_WP/6/KK/84MK40M0X2HKPQZ9GSR6VT.uasset
bulk-import-or-template-content	??	Content/__ExternalActors__/Cyberpunk/Maps/CyberAlley_WP/6/KL/YB59LV1NXC9VSQAQO901WE.uasset
bulk-import-or-template-content	??	Content/__ExternalActors__/Cyberpunk/Maps/CyberAlley_WP/6/KS/LWB3GAC8QK26A97YI0GM87.uasset
bulk-import-or-template-content	??	Content/__ExternalActors__/Cyberpunk/Maps/CyberAlley_WP/6/KW/IXTHS8TO3QOUT5LHUL8W9Y.uasset
bulk-import-or-template-content	??	Content/__ExternalActors__/Cyberpunk/Maps/CyberAlley_WP/6/KW/Z9RPZIXWXMLE6UAOXZFJT4.uasset
bulk-import-or-template-content	??	Content/__ExternalActors__/Cyberpunk/Maps/CyberAlley_WP/6/L4/YQ7OCHE17U0Z7VTLRHVFQT.uasset
bulk-import-or-template-content	??	Content/__ExternalActors__/Cyberpunk/Maps/CyberAlley_WP/6/L5/35G0NBYWGIIRHGDL1VG0AD.uasset
bulk-import-or-template-content	??	Content/__ExternalActors__/Cyberpunk/Maps/CyberAlley_WP/6/LJ/9PYL5D4FEL0WHW2V40MDVZ.uasset
bulk-import-or-template-content	??	Content/__ExternalActors__/Cyberpunk/Maps/CyberAlley_WP/6/LL/S9WV3SIJDD80ULLRR905P7.uasset
bulk-import-or-template-content	??	Content/__ExternalActors__/Cyberpunk/Maps/CyberAlley_WP/6/LW/QDDCLTIHM70RFBVHLK85IJ.uasset
bulk-import-or-template-content	??	Content/__ExternalActors__/Cyberpunk/Maps/CyberAlley_WP/6/ME/4OQI4CHZRMAXIU6UK6VP7B.uasset
bulk-import-or-template-content	??	Content/__ExternalActors__/Cyberpunk/Maps/CyberAlley_WP/6/MF/O4QTJ05NDK2QCQW5H766KR.uasset
bulk-import-or-template-content	??	Content/__ExternalActors__/Cyberpunk/Maps/CyberAlley_WP/6/MK/72VOE5OIITMJMVJ4BZ4DIQ.uasset
bulk-import-or-template-content	??	Content/__ExternalActors__/Cyberpunk/Maps/CyberAlley_WP/6/MQ/MKDVZL41ZA6224ITEN2FY7.uasset
bulk-import-or-template-content	??	Content/__ExternalActors__/Cyberpunk/Maps/CyberAlley_WP/6/MR/0G0ULSCFU0I522L7UORSY9.uasset
bulk-import-or-template-content	??	Content/__ExternalActors__/Cyberpunk/Maps/CyberAlley_WP/6/MV/6WVEN3RBL1VMJHJU8S6LJN.uasset
bulk-import-or-template-content	??	Content/__ExternalActors__/Cyberpunk/Maps/CyberAlley_WP/6/N8/G2NHFPAN37KATSHUQAIRIX.uasset
bulk-import-or-template-content	??	Content/__ExternalActors__/Cyberpunk/Maps/CyberAlley_WP/6/NF/L3AIRD9L1XK67J7TGK6EXZ.uasset
bulk-import-or-template-content	??	Content/__ExternalActors__/Cyberpunk/Maps/CyberAlley_WP/6/NT/R7GZ7FXA7QJJRBKL89A8A0.uasset
bulk-import-or-template-content	??	Content/__ExternalActors__/Cyberpunk/Maps/CyberAlley_WP/6/NW/Q4VNW0IT9HQIIZGHFQ7EBD.uasset
bulk-import-or-template-content	??	Content/__ExternalActors__/Cyberpunk/Maps/CyberAlley_WP/6/O3/6N4IPVXI89M6UBGI1U8L7R.uasset
bulk-import-or-template-content	??	Content/__ExternalActors__/Cyberpunk/Maps/CyberAlley_WP/6/OQ/QXJMMTPHZ1O12KCO1ND1VV.uasset
bulk-import-or-template-content	??	Content/__ExternalActors__/Cyberpunk/Maps/CyberAlley_WP/6/P9/QA5C4OXWG2L2FS64F0KQV3.uasset
bulk-import-or-template-content	??	Content/__ExternalActors__/Cyberpunk/Maps/CyberAlley_WP/6/PP/863W418EL5HV7K8MPCSHCZ.uasset
bulk-import-or-template-content	??	Content/__ExternalActors__/Cyberpunk/Maps/CyberAlley_WP/6/PR/A95GBNJZT4QSQXNZEPOQZ2.uasset
bulk-import-or-template-content	??	Content/__ExternalActors__/Cyberpunk/Maps/CyberAlley_WP/6/PT/JES5XMOA7REZZ0FOZ88I2K.uasset
bulk-import-or-template-content	??	Content/__ExternalActors__/Cyberpunk/Maps/CyberAlley_WP/6/Q1/X293W09ZSSGAHZDNROVPBQ.uasset
bulk-import-or-template-content	??	Content/__ExternalActors__/Cyberpunk/Maps/CyberAlley_WP/6/Q2/1FWHRSGPTPC6R79PQPI6H6.uasset
bulk-import-or-template-content	??	Content/__ExternalActors__/Cyberpunk/Maps/CyberAlley_WP/6/QF/C9HUJQMNFZANOP9S0Q1UYH.uasset
bulk-import-or-template-content	??	Content/__ExternalActors__/Cyberpunk/Maps/CyberAlley_WP/6/R1/09FTOFZOCP0YL60UX8HBIV.uasset
bulk-import-or-template-content	??	Content/__ExternalActors__/Cyberpunk/Maps/CyberAlley_WP/6/R2/TKBICP3KX25CE7DYV0W063.uasset
bulk-import-or-template-content	??	Content/__ExternalActors__/Cyberpunk/Maps/CyberAlley_WP/6/RS/WPVGKMGIFCDONHSX312LE7.uasset
bulk-import-or-template-content	??	Content/__ExternalActors__/Cyberpunk/Maps/CyberAlley_WP/6/S7/K99UNN4WLY60MBQWA4YR9W.uasset
bulk-import-or-template-content	??	Content/__ExternalActors__/Cyberpunk/Maps/CyberAlley_WP/6/SE/IEDKDXCSG696H5B9FSR666.uasset
bulk-import-or-template-content	??	Content/__ExternalActors__/Cyberpunk/Maps/CyberAlley_WP/6/TI/8K8VONY7GB8GHY877IRKRS.uasset
bulk-import-or-template-content	??	Content/__ExternalActors__/Cyberpunk/Maps/CyberAlley_WP/6/TR/O2KZWI0BMB15WSVRYD9YV3.uasset
bulk-import-or-template-content	??	Content/__ExternalActors__/Cyberpunk/Maps/CyberAlley_WP/6/TX/YL8QICDSR63MT9SCX8KQ95.uasset
bulk-import-or-template-content	??	Content/__ExternalActors__/Cyberpunk/Maps/CyberAlley_WP/6/U3/8LTQE94SGJLJ9FMXSCJEAR.uasset
bulk-import-or-template-content	??	Content/__ExternalActors__/Cyberpunk/Maps/CyberAlley_WP/6/U7/G9K1NEBE6CKWJ5VP3J5VWC.uasset
bulk-import-or-template-content	??	Content/__ExternalActors__/Cyberpunk/Maps/CyberAlley_WP/6/UK/8WU4IHXUSTADJALZXLJ5AW.uasset
bulk-import-or-template-content	??	Content/__ExternalActors__/Cyberpunk/Maps/CyberAlley_WP/6/UN/QT78YYJTTP7S9DUCEW3ENM.uasset
bulk-import-or-template-content	??	Content/__ExternalActors__/Cyberpunk/Maps/CyberAlley_WP/6/UV/7O2EZ4GVWWBCQFR991X29L.uasset
bulk-import-or-template-content	??	Content/__ExternalActors__/Cyberpunk/Maps/CyberAlley_WP/6/V7/PLV89Z98N1QEF57S7CVE75.uasset
bulk-import-or-template-content	??	Content/__ExternalActors__/Cyberpunk/Maps/CyberAlley_WP/6/V7/WAPXNCBSSPJJHOZQOCINMT.uasset
bulk-import-or-template-content	??	Content/__ExternalActors__/Cyberpunk/Maps/CyberAlley_WP/6/VQ/95ZLX8QZVMABNOT8UHB0AC.uasset
bulk-import-or-template-content	??	Content/__ExternalActors__/Cyberpunk/Maps/CyberAlley_WP/6/WK/US4H1YK8PBBRA83LI1DYXR.uasset
bulk-import-or-template-content	??	Content/__ExternalActors__/Cyberpunk/Maps/CyberAlley_WP/6/X9/GJI55BOIJRQBTPXP3P1R2F.uasset
bulk-import-or-template-content	??	Content/__ExternalActors__/Cyberpunk/Maps/CyberAlley_WP/6/XB/D4FTIUWUZ8TYEK7WA61CPM.uasset
bulk-import-or-template-content	??	Content/__ExternalActors__/Cyberpunk/Maps/CyberAlley_WP/6/XH/Z96WG42UONYMSMAFDEWKZN.uasset
bulk-import-or-template-content	??	Content/__ExternalActors__/Cyberpunk/Maps/CyberAlley_WP/6/XX/NMVZACIA5RQ24R0LDU4QIR.uasset
bulk-import-or-template-content	??	Content/__ExternalActors__/Cyberpunk/Maps/CyberAlley_WP/6/Y0/62XS5GHMWF3XAR4OX3NLKH.uasset
bulk-import-or-template-content	??	Content/__ExternalActors__/Cyberpunk/Maps/CyberAlley_WP/6/YC/5S7QSF7B1RDVFU278EUTEK.uasset
bulk-import-or-template-content	??	Content/__ExternalActors__/Cyberpunk/Maps/CyberAlley_WP/6/YK/B7ZLF289N2HFJ8VAY9JZO4.uasset
bulk-import-or-template-content	??	Content/__ExternalActors__/Cyberpunk/Maps/CyberAlley_WP/6/YQ/0XF2XIQ644LH06U4S4GPFF.uasset
bulk-import-or-template-content	??	Content/__ExternalActors__/Cyberpunk/Maps/CyberAlley_WP/6/ZL/6U2GHVIGJOONUMKOCUFR7K.uasset
bulk-import-or-template-content	??	Content/__ExternalActors__/Cyberpunk/Maps/CyberAlley_WP/6/ZR/Q1WL4H0C2NHBJR5YH8ZXNE.uasset
bulk-import-or-template-content	??	Content/__ExternalActors__/Cyberpunk/Maps/CyberAlley_WP/6/ZR/QXRFK95KDYDUSTI6VXPS4F.uasset
bulk-import-or-template-content	??	Content/__ExternalActors__/Cyberpunk/Maps/CyberAlley_WP/6/ZY/S6U0L784PKBVEZOMCA511E.uasset
bulk-import-or-template-content	??	Content/__ExternalActors__/Cyberpunk/Maps/CyberAlley_WP/7/08/M2KEH7Y9BESKC7Q96PLW9K.uasset
bulk-import-or-template-content	??	Content/__ExternalActors__/Cyberpunk/Maps/CyberAlley_WP/7/0X/A268OFYET1GHITR4PQ6MFZ.uasset
bulk-import-or-template-content	??	Content/__ExternalActors__/Cyberpunk/Maps/CyberAlley_WP/7/14/59TZ7S8S25VO1PEH4H49IM.uasset
bulk-import-or-template-content	??	Content/__ExternalActors__/Cyberpunk/Maps/CyberAlley_WP/7/14/RN43V8YZF2VUNKDGPD7UCQ.uasset
bulk-import-or-template-content	??	Content/__ExternalActors__/Cyberpunk/Maps/CyberAlley_WP/7/1V/BGGDADPLGKUMX95LJFB7VP.uasset
bulk-import-or-template-content	??	Content/__ExternalActors__/Cyberpunk/Maps/CyberAlley_WP/7/1V/LBJ0IGYJBHBJ9RW9PQ3VRC.uasset
bulk-import-or-template-content	??	Content/__ExternalActors__/Cyberpunk/Maps/CyberAlley_WP/7/1X/05MKW1SACCEXN5M45WPMLJ.uasset
bulk-import-or-template-content	??	Content/__ExternalActors__/Cyberpunk/Maps/CyberAlley_WP/7/2G/EWLKSK921D0YX5YD157SLA.uasset
bulk-import-or-template-content	??	Content/__ExternalActors__/Cyberpunk/Maps/CyberAlley_WP/7/3J/8SJT9QJGRMXWW818TIW2ZT.uasset
bulk-import-or-template-content	??	Content/__ExternalActors__/Cyberpunk/Maps/CyberAlley_WP/7/3T/B0CPMALBS2M3LJIOA0WHKS.uasset
bulk-import-or-template-content	??	Content/__ExternalActors__/Cyberpunk/Maps/CyberAlley_WP/7/3U/072ACYD0CCPV1NC750P3UL.uasset
bulk-import-or-template-content	??	Content/__ExternalActors__/Cyberpunk/Maps/CyberAlley_WP/7/4C/5VBKQI8S0BCEGI686P4UO8.uasset
bulk-import-or-template-content	??	Content/__ExternalActors__/Cyberpunk/Maps/CyberAlley_WP/7/4W/7J202IBIEWSEJY3E2PKZT1.uasset
bulk-import-or-template-content	??	Content/__ExternalActors__/Cyberpunk/Maps/CyberAlley_WP/7/4Y/6YUCWYSDJ5FIJFB9L1VJ0F.uasset
bulk-import-or-template-content	??	Content/__ExternalActors__/Cyberpunk/Maps/CyberAlley_WP/7/55/7OEBY0U3F1AARNX9FFXHF3.uasset
bulk-import-or-template-content	??	Content/__ExternalActors__/Cyberpunk/Maps/CyberAlley_WP/7/57/8HXIQ66AJKAONWDEGFIK92.uasset
bulk-import-or-template-content	??	Content/__ExternalActors__/Cyberpunk/Maps/CyberAlley_WP/7/5F/FLGHS567XJA4OVAHUP91HO.uasset
bulk-import-or-template-content	??	Content/__ExternalActors__/Cyberpunk/Maps/CyberAlley_WP/7/5J/B8XJ8KXO5ADZHHN8T5VSOH.uasset
bulk-import-or-template-content	??	Content/__ExternalActors__/Cyberpunk/Maps/CyberAlley_WP/7/61/8ZFN1FQE5OGQ2FJNVQSES8.uasset
bulk-import-or-template-content	??	Content/__ExternalActors__/Cyberpunk/Maps/CyberAlley_WP/7/63/2UTBMH1RGGVMAX8QD3QQA7.uasset
bulk-import-or-template-content	??	Content/__ExternalActors__/Cyberpunk/Maps/CyberAlley_WP/7/65/48N60B7JL3KAYQ7FI66RAW.uasset
bulk-import-or-template-content	??	Content/__ExternalActors__/Cyberpunk/Maps/CyberAlley_WP/7/6F/TFRJ9PKSZGGQ5DUKG3UNEM.uasset
bulk-import-or-template-content	??	Content/__ExternalActors__/Cyberpunk/Maps/CyberAlley_WP/7/6J/UU4WBAOT2NEFOH2ZBLNNS7.uasset
bulk-import-or-template-content	??	Content/__ExternalActors__/Cyberpunk/Maps/CyberAlley_WP/7/6O/07BAHRUY0Y51MOAV3A0HW8.uasset
bulk-import-or-template-content	??	Content/__ExternalActors__/Cyberpunk/Maps/CyberAlley_WP/7/76/N05RGF75NLC8VCPZZQDLQJ.uasset
bulk-import-or-template-content	??	Content/__ExternalActors__/Cyberpunk/Maps/CyberAlley_WP/7/82/MBY1Z68LX0KH7JNYE562AD.uasset
bulk-import-or-template-content	??	Content/__ExternalActors__/Cyberpunk/Maps/CyberAlley_WP/7/84/9FO5XRMH1ZQOUPIAC883P4.uasset
bulk-import-or-template-content	??	Content/__ExternalActors__/Cyberpunk/Maps/CyberAlley_WP/7/8Y/2IT71CK0U6NPC6VYAB8D2X.uasset
bulk-import-or-template-content	??	Content/__ExternalActors__/Cyberpunk/Maps/CyberAlley_WP/7/8Y/C7U592VNYUVXYDWOE70PCN.uasset
bulk-import-or-template-content	??	Content/__ExternalActors__/Cyberpunk/Maps/CyberAlley_WP/7/96/DZJUJNPZDDJDVQP1NQ4853.uasset
bulk-import-or-template-content	??	Content/__ExternalActors__/Cyberpunk/Maps/CyberAlley_WP/7/9N/STHYFPQYA0J22KO6FL8DBO.uasset
bulk-import-or-template-content	??	Content/__ExternalActors__/Cyberpunk/Maps/CyberAlley_WP/7/9T/TBQY8QJAL6NKA2HRFAHLT2.uasset
bulk-import-or-template-content	??	Content/__ExternalActors__/Cyberpunk/Maps/CyberAlley_WP/7/A2/AEPXP1NKIS97YOJGO4DW70.uasset
bulk-import-or-template-content	??	Content/__ExternalActors__/Cyberpunk/Maps/CyberAlley_WP/7/AU/DSDY9M99SODC8M4K16EAJP.uasset
bulk-import-or-template-content	??	Content/__ExternalActors__/Cyberpunk/Maps/CyberAlley_WP/7/B1/XNXG46D241LOBNAXLQEZX5.uasset
bulk-import-or-template-content	??	Content/__ExternalActors__/Cyberpunk/Maps/CyberAlley_WP/7/C2/RFR7C7QTVMARCXXOZXFD6W.uasset
bulk-import-or-template-content	??	Content/__ExternalActors__/Cyberpunk/Maps/CyberAlley_WP/7/C5/O2R2HQ91X0CQBN94B56IT7.uasset
bulk-import-or-template-content	??	Content/__ExternalActors__/Cyberpunk/Maps/CyberAlley_WP/7/C7/I0X3M9IRL5ZR2DU1SNACQ0.uasset
bulk-import-or-template-content	??	Content/__ExternalActors__/Cyberpunk/Maps/CyberAlley_WP/7/C8/I6HQZ343S53U1ZLWDKPQQT.uasset
bulk-import-or-template-content	??	Content/__ExternalActors__/Cyberpunk/Maps/CyberAlley_WP/7/CC/Y1MSFG5ZOYHJQDMYOYM9SZ.uasset
bulk-import-or-template-content	??	Content/__ExternalActors__/Cyberpunk/Maps/CyberAlley_WP/7/CJ/MK0UIC7G8PNEJIOHBCFXDG.uasset
bulk-import-or-template-content	??	Content/__ExternalActors__/Cyberpunk/Maps/CyberAlley_WP/7/CW/C5Q74F7RLBS604C2JOLUXC.uasset
bulk-import-or-template-content	??	Content/__ExternalActors__/Cyberpunk/Maps/CyberAlley_WP/7/DF/9RE5YSOBA1O7RBX9RNQ6J2.uasset
bulk-import-or-template-content	??	Content/__ExternalActors__/Cyberpunk/Maps/CyberAlley_WP/7/DI/30TJ3KJA4P6WCPFRDPQJYS.uasset
bulk-import-or-template-content	??	Content/__ExternalActors__/Cyberpunk/Maps/CyberAlley_WP/7/DS/LKO2YC8SX42ZC3H1W0UL62.uasset
bulk-import-or-template-content	??	Content/__ExternalActors__/Cyberpunk/Maps/CyberAlley_WP/7/DX/80OEI4AFZ0DVO53RMWLK5G.uasset
bulk-import-or-template-content	??	Content/__ExternalActors__/Cyberpunk/Maps/CyberAlley_WP/7/ED/GITLQEQEHMMWDLKNDM8J2D.uasset
bulk-import-or-template-content	??	Content/__ExternalActors__/Cyberpunk/Maps/CyberAlley_WP/7/EO/234CEFZB3BPZOI0HI7DIJI.uasset
bulk-import-or-template-content	??	Content/__ExternalActors__/Cyberpunk/Maps/CyberAlley_WP/7/EY/CYQWYSMUGI1L5A231VRHUR.uasset
bulk-import-or-template-content	??	Content/__ExternalActors__/Cyberpunk/Maps/CyberAlley_WP/7/EZ/1ZH7JK5FXVUEMEMGAA645V.uasset
bulk-import-or-template-content	??	Content/__ExternalActors__/Cyberpunk/Maps/CyberAlley_WP/7/F0/NLI92UFBUNJJ1DMLB7KVN3.uasset
bulk-import-or-template-content	??	Content/__ExternalActors__/Cyberpunk/Maps/CyberAlley_WP/7/F1/XJ0VS4UL17FNLN6TMTHAIF.uasset
bulk-import-or-template-content	??	Content/__ExternalActors__/Cyberpunk/Maps/CyberAlley_WP/7/FE/MJZQS2NPLO486U8VQEHESF.uasset
bulk-import-or-template-content	??	Content/__ExternalActors__/Cyberpunk/Maps/CyberAlley_WP/7/FL/YF39TD15R3OMFNVH6YXKH7.uasset
bulk-import-or-template-content	??	Content/__ExternalActors__/Cyberpunk/Maps/CyberAlley_WP/7/G1/3V4UOJNN6AP0TX1X4QIRMN.uasset
bulk-import-or-template-content	??	Content/__ExternalActors__/Cyberpunk/Maps/CyberAlley_WP/7/GN/WFWH9R4ZFAFDTA8WNVI7A2.uasset
bulk-import-or-template-content	??	Content/__ExternalActors__/Cyberpunk/Maps/CyberAlley_WP/7/HE/69PMI3MDNL271HUUH8QIQF.uasset
bulk-import-or-template-content	??	Content/__ExternalActors__/Cyberpunk/Maps/CyberAlley_WP/7/IB/775798C4NJVR04ZUCOWIJP.uasset
bulk-import-or-template-content	??	Content/__ExternalActors__/Cyberpunk/Maps/CyberAlley_WP/7/IE/RJZM0D1SSGGT86CDXZIBBS.uasset
bulk-import-or-template-content	??	Content/__ExternalActors__/Cyberpunk/Maps/CyberAlley_WP/7/J0/HDI70Q61N7D7LHBCHW3M02.uasset
bulk-import-or-template-content	??	Content/__ExternalActors__/Cyberpunk/Maps/CyberAlley_WP/7/J9/JJ31OHEYX7QFZWDIGTU0XY.uasset
bulk-import-or-template-content	??	Content/__ExternalActors__/Cyberpunk/Maps/CyberAlley_WP/7/JG/ZBN1KHDHDX4XNW42RV6GXR.uasset
bulk-import-or-template-content	??	Content/__ExternalActors__/Cyberpunk/Maps/CyberAlley_WP/7/JN/MWV8LF95KFG3UY944W3PVV.uasset
bulk-import-or-template-content	??	Content/__ExternalActors__/Cyberpunk/Maps/CyberAlley_WP/7/K2/MOW8E2HT63053QN36AZ71K.uasset
bulk-import-or-template-content	??	Content/__ExternalActors__/Cyberpunk/Maps/CyberAlley_WP/7/KT/B7PRLCITFP1J9Q7SO04RBZ.uasset
bulk-import-or-template-content	??	Content/__ExternalActors__/Cyberpunk/Maps/CyberAlley_WP/7/L0/ESGF0GMUFCMAWH0INU40TL.uasset
bulk-import-or-template-content	??	Content/__ExternalActors__/Cyberpunk/Maps/CyberAlley_WP/7/LD/AOXB3UZ2PLXTBVNA5JELC2.uasset
bulk-import-or-template-content	??	Content/__ExternalActors__/Cyberpunk/Maps/CyberAlley_WP/7/LQ/7PZROQZHKND01SHC3JQTSM.uasset
bulk-import-or-template-content	??	Content/__ExternalActors__/Cyberpunk/Maps/CyberAlley_WP/7/LS/FRGY1U421IEFPM0Z288WVT.uasset
bulk-import-or-template-content	??	Content/__ExternalActors__/Cyberpunk/Maps/CyberAlley_WP/7/LV/W2YY8I6LECA0UIL0IROOBK.uasset
bulk-import-or-template-content	??	Content/__ExternalActors__/Cyberpunk/Maps/CyberAlley_WP/7/M0/SA2H8TGLZ8N05743G3PWYA.uasset
bulk-import-or-template-content	??	Content/__ExternalActors__/Cyberpunk/Maps/CyberAlley_WP/7/MD/JSIPA2X0PTNDR36DP0RPX2.uasset
bulk-import-or-template-content	??	Content/__ExternalActors__/Cyberpunk/Maps/CyberAlley_WP/7/MG/L058E9D3J6QI7G49RWRQIA.uasset
bulk-import-or-template-content	??	Content/__ExternalActors__/Cyberpunk/Maps/CyberAlley_WP/7/MQ/IS2C0UNWNJM7GS85HLAHK5.uasset
bulk-import-or-template-content	??	Content/__ExternalActors__/Cyberpunk/Maps/CyberAlley_WP/7/NO/H4VL9WXZ6U7UT35Z3Q60FQ.uasset
bulk-import-or-template-content	??	Content/__ExternalActors__/Cyberpunk/Maps/CyberAlley_WP/7/OP/5ACD5YV0PEBRMIIP3PKUGS.uasset
bulk-import-or-template-content	??	Content/__ExternalActors__/Cyberpunk/Maps/CyberAlley_WP/7/OU/Q03GP7JWDQXOK2S6QWVMNU.uasset
bulk-import-or-template-content	??	Content/__ExternalActors__/Cyberpunk/Maps/CyberAlley_WP/7/OY/IHKZVUIVRFL5N9XQ6DREZS.uasset
bulk-import-or-template-content	??	Content/__ExternalActors__/Cyberpunk/Maps/CyberAlley_WP/7/P9/AS67M0QBUCB8Y1ILFK20DR.uasset
bulk-import-or-template-content	??	Content/__ExternalActors__/Cyberpunk/Maps/CyberAlley_WP/7/PC/GU48V96JQX00UAU2I6ZW9L.uasset
bulk-import-or-template-content	??	Content/__ExternalActors__/Cyberpunk/Maps/CyberAlley_WP/7/PC/SKS72ESWD23X8XVZKK6PV1.uasset
bulk-import-or-template-content	??	Content/__ExternalActors__/Cyberpunk/Maps/CyberAlley_WP/7/PJ/6UHY850N7SYKR1IUFY6UD9.uasset
bulk-import-or-template-content	??	Content/__ExternalActors__/Cyberpunk/Maps/CyberAlley_WP/7/PJ/OPXTP97C3VFXJMKUKGAZLY.uasset
bulk-import-or-template-content	??	Content/__ExternalActors__/Cyberpunk/Maps/CyberAlley_WP/7/PY/X634VC9DH5QT8FNCKIT7Y0.uasset
bulk-import-or-template-content	??	Content/__ExternalActors__/Cyberpunk/Maps/CyberAlley_WP/7/Q2/TBEZ40PTGVEU0FYN2OX6FY.uasset
bulk-import-or-template-content	??	Content/__ExternalActors__/Cyberpunk/Maps/CyberAlley_WP/7/Q7/L4GAYCLTO9TYDRU1PC7PKO.uasset
bulk-import-or-template-content	??	Content/__ExternalActors__/Cyberpunk/Maps/CyberAlley_WP/7/QM/4P7B532ZQU0DKT84EX4MQL.uasset
bulk-import-or-template-content	??	Content/__ExternalActors__/Cyberpunk/Maps/CyberAlley_WP/7/QP/61TF5I0O3DPPP2QPZFYFXT.uasset
bulk-import-or-template-content	??	Content/__ExternalActors__/Cyberpunk/Maps/CyberAlley_WP/7/R8/S8RTUQC1EQKQD90G1UD565.uasset
bulk-import-or-template-content	??	Content/__ExternalActors__/Cyberpunk/Maps/CyberAlley_WP/7/RY/9U8LSZ11KQH59D07MOLZLJ.uasset
bulk-import-or-template-content	??	Content/__ExternalActors__/Cyberpunk/Maps/CyberAlley_WP/7/RZ/EHKKTV4SMIOGGYGLT61ZHK.uasset
bulk-import-or-template-content	??	Content/__ExternalActors__/Cyberpunk/Maps/CyberAlley_WP/7/S7/I2TW6MEQJ6UPA3J0YD11PC.uasset
bulk-import-or-template-content	??	Content/__ExternalActors__/Cyberpunk/Maps/CyberAlley_WP/7/SF/KA2OUXZK4GRV99OWZ30K0F.uasset
bulk-import-or-template-content	??	Content/__ExternalActors__/Cyberpunk/Maps/CyberAlley_WP/7/SW/FA35LWO8FY3L5T3ZV5FWRW.uasset
bulk-import-or-template-content	??	Content/__ExternalActors__/Cyberpunk/Maps/CyberAlley_WP/7/TP/WLWPEWCH3WWRSQI1JDL8I3.uasset
bulk-import-or-template-content	??	Content/__ExternalActors__/Cyberpunk/Maps/CyberAlley_WP/7/TX/3VGH1XT3WO5DJMLL5XIE7Y.uasset
bulk-import-or-template-content	??	Content/__ExternalActors__/Cyberpunk/Maps/CyberAlley_WP/7/U3/R0KL1LMS5XLXJ3FEZ3LFNV.uasset
bulk-import-or-template-content	??	Content/__ExternalActors__/Cyberpunk/Maps/CyberAlley_WP/7/U9/ULERFXE3KJO637HDS8YR4S.uasset
bulk-import-or-template-content	??	Content/__ExternalActors__/Cyberpunk/Maps/CyberAlley_WP/7/UR/N64M9BKXG8YHOXI3IGQPRP.uasset
bulk-import-or-template-content	??	Content/__ExternalActors__/Cyberpunk/Maps/CyberAlley_WP/7/V6/RWUWS7TVJADIE138N3CQYD.uasset
bulk-import-or-template-content	??	Content/__ExternalActors__/Cyberpunk/Maps/CyberAlley_WP/7/VF/70IQXFANAQGYHQG1U4RV4S.uasset
bulk-import-or-template-content	??	Content/__ExternalActors__/Cyberpunk/Maps/CyberAlley_WP/7/VT/TVRYR1YL42R16CD6OOYQIP.uasset
bulk-import-or-template-content	??	Content/__ExternalActors__/Cyberpunk/Maps/CyberAlley_WP/7/W2/0HNSBS9OPHPTS7STX731AG.uasset
bulk-import-or-template-content	??	Content/__ExternalActors__/Cyberpunk/Maps/CyberAlley_WP/7/W6/MM2J0AVCI3KV64017LQKXG.uasset
bulk-import-or-template-content	??	Content/__ExternalActors__/Cyberpunk/Maps/CyberAlley_WP/7/W9/2E9HYY2J63AJKBW2ZOTXU7.uasset
bulk-import-or-template-content	??	Content/__ExternalActors__/Cyberpunk/Maps/CyberAlley_WP/7/WC/4FM9ARTRZDY2ITMPFMKFBP.uasset
bulk-import-or-template-content	??	Content/__ExternalActors__/Cyberpunk/Maps/CyberAlley_WP/7/WC/IGO52LRUTZSUJ4DC0GIJL6.uasset
bulk-import-or-template-content	??	Content/__ExternalActors__/Cyberpunk/Maps/CyberAlley_WP/7/WD/NT0AL1EA2X7PXM12ASI6VE.uasset
bulk-import-or-template-content	??	Content/__ExternalActors__/Cyberpunk/Maps/CyberAlley_WP/7/X0/4KW62MLFFRR14UF3A3WS3H.uasset
bulk-import-or-template-content	??	Content/__ExternalActors__/Cyberpunk/Maps/CyberAlley_WP/7/X9/NM7OG4VWZTB0UGNEMDD5UU.uasset
bulk-import-or-template-content	??	Content/__ExternalActors__/Cyberpunk/Maps/CyberAlley_WP/7/XM/FAHK2FOFFGI37U14Y3HC60.uasset
bulk-import-or-template-content	??	Content/__ExternalActors__/Cyberpunk/Maps/CyberAlley_WP/7/Y5/KI2PQ8A9R2V454XA0LG76T.uasset
bulk-import-or-template-content	??	Content/__ExternalActors__/Cyberpunk/Maps/CyberAlley_WP/7/YE/WXFZ0FSFKFPNGTZI7K66GN.uasset
bulk-import-or-template-content	??	Content/__ExternalActors__/Cyberpunk/Maps/CyberAlley_WP/8/00/815MUFDZDXAC3DF9622AZ4.uasset
bulk-import-or-template-content	??	Content/__ExternalActors__/Cyberpunk/Maps/CyberAlley_WP/8/09/F1NURCDOR79BK4XEA8N7YE.uasset
bulk-import-or-template-content	??	Content/__ExternalActors__/Cyberpunk/Maps/CyberAlley_WP/8/0D/1X4GS3YUZ07QIA6BH95S56.uasset
bulk-import-or-template-content	??	Content/__ExternalActors__/Cyberpunk/Maps/CyberAlley_WP/8/0E/5HBB3ZCQILDWKYSU31DNL0.uasset
bulk-import-or-template-content	??	Content/__ExternalActors__/Cyberpunk/Maps/CyberAlley_WP/8/0P/IDJISWLLMWDQEDS80B22IC.uasset
bulk-import-or-template-content	??	Content/__ExternalActors__/Cyberpunk/Maps/CyberAlley_WP/8/1A/7LKWSK5DCHOR9FXUY2JN0H.uasset
bulk-import-or-template-content	??	Content/__ExternalActors__/Cyberpunk/Maps/CyberAlley_WP/8/1Q/EOYPJLTBCBPYKIYMLZSD6V.uasset
bulk-import-or-template-content	??	Content/__ExternalActors__/Cyberpunk/Maps/CyberAlley_WP/8/1U/Q0C6TJX4OMRU1GWF58OFI8.uasset
bulk-import-or-template-content	??	Content/__ExternalActors__/Cyberpunk/Maps/CyberAlley_WP/8/1Y/V8FCENUC1GRLBIHRY1MD9Z.uasset
bulk-import-or-template-content	??	Content/__ExternalActors__/Cyberpunk/Maps/CyberAlley_WP/8/1Z/AR3FSXCFJZZ1PZ5N617RTQ.uasset
bulk-import-or-template-content	??	Content/__ExternalActors__/Cyberpunk/Maps/CyberAlley_WP/8/22/Y9ZW95IER4YLBGS21HD6FV.uasset
bulk-import-or-template-content	??	Content/__ExternalActors__/Cyberpunk/Maps/CyberAlley_WP/8/2O/KO35IF2SL7U4KZIYQLYY77.uasset
bulk-import-or-template-content	??	Content/__ExternalActors__/Cyberpunk/Maps/CyberAlley_WP/8/2W/C2GYVDIP5JSF3DUOU321VQ.uasset
bulk-import-or-template-content	??	Content/__ExternalActors__/Cyberpunk/Maps/CyberAlley_WP/8/2W/LPMMGMWQRUU2GF0PW5WKZS.uasset
bulk-import-or-template-content	??	Content/__ExternalActors__/Cyberpunk/Maps/CyberAlley_WP/8/3M/5PFNIELESND8DYFW7VCJHK.uasset
bulk-import-or-template-content	??	Content/__ExternalActors__/Cyberpunk/Maps/CyberAlley_WP/8/3X/13GB70Z2FFYGOR1SMWN5E9.uasset
bulk-import-or-template-content	??	Content/__ExternalActors__/Cyberpunk/Maps/CyberAlley_WP/8/4A/U4CB9YUMBWQOQERF3C4UN1.uasset
bulk-import-or-template-content	??	Content/__ExternalActors__/Cyberpunk/Maps/CyberAlley_WP/8/5H/Z28ML75Q1DTB0UT81GTUZ6.uasset
bulk-import-or-template-content	??	Content/__ExternalActors__/Cyberpunk/Maps/CyberAlley_WP/8/64/TT058TER7TQ63FOM1DWKRN.uasset
bulk-import-or-template-content	??	Content/__ExternalActors__/Cyberpunk/Maps/CyberAlley_WP/8/6H/8YZHTLBJU8YJ1Z8J3GWGAR.uasset
bulk-import-or-template-content	??	Content/__ExternalActors__/Cyberpunk/Maps/CyberAlley_WP/8/6K/HYJ7PDH35JDTB16XYNIQ9C.uasset
bulk-import-or-template-content	??	Content/__ExternalActors__/Cyberpunk/Maps/CyberAlley_WP/8/6P/4M3PS7GNH42ABBGMKMJ26Y.uasset
bulk-import-or-template-content	??	Content/__ExternalActors__/Cyberpunk/Maps/CyberAlley_WP/8/6U/X7KNJSAB0W2OHZ0W4CBD70.uasset
bulk-import-or-template-content	??	Content/__ExternalActors__/Cyberpunk/Maps/CyberAlley_WP/8/7F/RRQJA6MOPA71ZYOYWZ7LVK.uasset
bulk-import-or-template-content	??	Content/__ExternalActors__/Cyberpunk/Maps/CyberAlley_WP/8/7H/HXLAUU5E2U1WDFC8PWP96P.uasset
bulk-import-or-template-content	??	Content/__ExternalActors__/Cyberpunk/Maps/CyberAlley_WP/8/7J/55STYL38U4BUWGBWMT2E0Z.uasset
bulk-import-or-template-content	??	Content/__ExternalActors__/Cyberpunk/Maps/CyberAlley_WP/8/7S/O5QSO51X1KNZ0NTSMXY9Q8.uasset
bulk-import-or-template-content	??	Content/__ExternalActors__/Cyberpunk/Maps/CyberAlley_WP/8/8H/5DAD6UG3UE379HLP0RDM34.uasset
bulk-import-or-template-content	??	Content/__ExternalActors__/Cyberpunk/Maps/CyberAlley_WP/8/8L/EU24W3TEF9PNPY37D6QS5V.uasset
bulk-import-or-template-content	??	Content/__ExternalActors__/Cyberpunk/Maps/CyberAlley_WP/8/8M/QKWKE6TAD2LOG9UTF8LPO8.uasset
bulk-import-or-template-content	??	Content/__ExternalActors__/Cyberpunk/Maps/CyberAlley_WP/8/9J/VDY341PW11JLJTJFKIUU34.uasset
bulk-import-or-template-content	??	Content/__ExternalActors__/Cyberpunk/Maps/CyberAlley_WP/8/9Q/8STP9W39XEQ7HP4QFZYLCH.uasset
bulk-import-or-template-content	??	Content/__ExternalActors__/Cyberpunk/Maps/CyberAlley_WP/8/AV/0P753JWOE8SR3PTXFGHNGY.uasset
bulk-import-or-template-content	??	Content/__ExternalActors__/Cyberpunk/Maps/CyberAlley_WP/8/B1/7K3EKC5NE7GNUCJIEH04FF.uasset
bulk-import-or-template-content	??	Content/__ExternalActors__/Cyberpunk/Maps/CyberAlley_WP/8/B8/18RHMS8BAEA6G05T059OAR.uasset
bulk-import-or-template-content	??	Content/__ExternalActors__/Cyberpunk/Maps/CyberAlley_WP/8/BJ/AS4EVHZYK73X8JLL0XZIHO.uasset
bulk-import-or-template-content	??	Content/__ExternalActors__/Cyberpunk/Maps/CyberAlley_WP/8/BU/C8SYLU7TSADQ6PYT5VMT6O.uasset
bulk-import-or-template-content	??	Content/__ExternalActors__/Cyberpunk/Maps/CyberAlley_WP/8/CB/WXY2QAWWMPFVAGAN22A3XL.uasset
bulk-import-or-template-content	??	Content/__ExternalActors__/Cyberpunk/Maps/CyberAlley_WP/8/CK/XAX6S3W6CUMX85W7KQCX8Z.uasset
bulk-import-or-template-content	??	Content/__ExternalActors__/Cyberpunk/Maps/CyberAlley_WP/8/D2/EQK2GQVS8RMJCN0VEW1AKF.uasset
bulk-import-or-template-content	??	Content/__ExternalActors__/Cyberpunk/Maps/CyberAlley_WP/8/DS/0P4B1G97XZ081PY9ABKVYR.uasset
bulk-import-or-template-content	??	Content/__ExternalActors__/Cyberpunk/Maps/CyberAlley_WP/8/DW/Z8WX872EWLF5B4LS4I4LCF.uasset
bulk-import-or-template-content	??	Content/__ExternalActors__/Cyberpunk/Maps/CyberAlley_WP/8/DY/GREQ53AEJBBIIZZL74ZEAW.uasset
bulk-import-or-template-content	??	Content/__ExternalActors__/Cyberpunk/Maps/CyberAlley_WP/8/ED/EWCNTTFI7R6YYQU1JN3UUV.uasset
bulk-import-or-template-content	??	Content/__ExternalActors__/Cyberpunk/Maps/CyberAlley_WP/8/ED/T8RAJNNBR9XP5R4WMMA2UT.uasset
bulk-import-or-template-content	??	Content/__ExternalActors__/Cyberpunk/Maps/CyberAlley_WP/8/EQ/TKW2I0PG6A280JQ3VGPAEQ.uasset
bulk-import-or-template-content	??	Content/__ExternalActors__/Cyberpunk/Maps/CyberAlley_WP/8/F1/IW1F05N5N649TG7ODW25W5.uasset
bulk-import-or-template-content	??	Content/__ExternalActors__/Cyberpunk/Maps/CyberAlley_WP/8/F6/Q9TFS1I461BL53PPEYM7Z8.uasset
bulk-import-or-template-content	??	Content/__ExternalActors__/Cyberpunk/Maps/CyberAlley_WP/8/FH/GRNR0APSTC6MDP3GUW9K4F.uasset
bulk-import-or-template-content	??	Content/__ExternalActors__/Cyberpunk/Maps/CyberAlley_WP/8/FI/7Y2X3AW22XW365FL1DD6NL.uasset
bulk-import-or-template-content	??	Content/__ExternalActors__/Cyberpunk/Maps/CyberAlley_WP/8/FT/GI0A6DH1NMCXRXHRYW3RVO.uasset
bulk-import-or-template-content	??	Content/__ExternalActors__/Cyberpunk/Maps/CyberAlley_WP/8/G2/LHFKFTWTH3ZR9X7WSSNNA6.uasset
bulk-import-or-template-content	??	Content/__ExternalActors__/Cyberpunk/Maps/CyberAlley_WP/8/G7/CQ6X4K96IPXALEXFFUUS5F.uasset
bulk-import-or-template-content	??	Content/__ExternalActors__/Cyberpunk/Maps/CyberAlley_WP/8/GJ/KZB1MSFPTFXB09ACTST6C7.uasset
bulk-import-or-template-content	??	Content/__ExternalActors__/Cyberpunk/Maps/CyberAlley_WP/8/GJ/MZXUO30L2R2FB8O957FNGC.uasset
bulk-import-or-template-content	??	Content/__ExternalActors__/Cyberpunk/Maps/CyberAlley_WP/8/GM/44HFWXZQVWBXB4S9CESWSX.uasset
bulk-import-or-template-content	??	Content/__ExternalActors__/Cyberpunk/Maps/CyberAlley_WP/8/H4/8SOB78C7BKWPV0KCQRSOZI.uasset
bulk-import-or-template-content	??	Content/__ExternalActors__/Cyberpunk/Maps/CyberAlley_WP/8/H8/W6AV5UAHX372OIB33MF9IL.uasset
bulk-import-or-template-content	??	Content/__ExternalActors__/Cyberpunk/Maps/CyberAlley_WP/8/HJ/SHD7S8G0LQD1DONNJXJ4OD.uasset
bulk-import-or-template-content	??	Content/__ExternalActors__/Cyberpunk/Maps/CyberAlley_WP/8/K6/URNA0K6I48FW3E1D18WO7Y.uasset
bulk-import-or-template-content	??	Content/__ExternalActors__/Cyberpunk/Maps/CyberAlley_WP/8/L0/46J8LUJ64YOA003M27YEF5.uasset
bulk-import-or-template-content	??	Content/__ExternalActors__/Cyberpunk/Maps/CyberAlley_WP/8/M3/Z413RC04KCF1SDJH8EGXOC.uasset
bulk-import-or-template-content	??	Content/__ExternalActors__/Cyberpunk/Maps/CyberAlley_WP/8/MX/5V1FRM7H9GZWHGB4FY7II2.uasset
bulk-import-or-template-content	??	Content/__ExternalActors__/Cyberpunk/Maps/CyberAlley_WP/8/ND/UD551ZQK1X17MYFQPOS7P6.uasset
bulk-import-or-template-content	??	Content/__ExternalActors__/Cyberpunk/Maps/CyberAlley_WP/8/NU/FMEE45L2M97ZCUUBP4D73V.uasset
bulk-import-or-template-content	??	Content/__ExternalActors__/Cyberpunk/Maps/CyberAlley_WP/8/O4/GX53H54UE6FQWOO4GMH4MT.uasset
bulk-import-or-template-content	??	Content/__ExternalActors__/Cyberpunk/Maps/CyberAlley_WP/8/OA/7VC4W81HWT7WD51LND68X6.uasset
bulk-import-or-template-content	??	Content/__ExternalActors__/Cyberpunk/Maps/CyberAlley_WP/8/P6/C0FP5DSZI2JXWJMOWG25GE.uasset
bulk-import-or-template-content	??	Content/__ExternalActors__/Cyberpunk/Maps/CyberAlley_WP/8/PC/1LENMDCY7N7STYIYRHUTM7.uasset
bulk-import-or-template-content	??	Content/__ExternalActors__/Cyberpunk/Maps/CyberAlley_WP/8/PD/5YBANR9531X8AYAXEN2RMK.uasset
bulk-import-or-template-content	??	Content/__ExternalActors__/Cyberpunk/Maps/CyberAlley_WP/8/PK/G0QXT2ZKVD8E3W05TDAJ37.uasset
bulk-import-or-template-content	??	Content/__ExternalActors__/Cyberpunk/Maps/CyberAlley_WP/8/PP/XZT50JMLZ0GP1ITI06ND75.uasset
bulk-import-or-template-content	??	Content/__ExternalActors__/Cyberpunk/Maps/CyberAlley_WP/8/Q0/HQPVPFY5ERWPI57M6FBZ77.uasset
bulk-import-or-template-content	??	Content/__ExternalActors__/Cyberpunk/Maps/CyberAlley_WP/8/QD/UAITEFIF7IPRBR2PDNVF0K.uasset
bulk-import-or-template-content	??	Content/__ExternalActors__/Cyberpunk/Maps/CyberAlley_WP/8/QV/TTQBZM2C0XOM73WE2ODUJD.uasset
bulk-import-or-template-content	??	Content/__ExternalActors__/Cyberpunk/Maps/CyberAlley_WP/8/QZ/5ZEG1BRO6YYQTM5D0K5GAK.uasset
bulk-import-or-template-content	??	Content/__ExternalActors__/Cyberpunk/Maps/CyberAlley_WP/8/RI/V3DJC33I493M3VHZBONI16.uasset
bulk-import-or-template-content	??	Content/__ExternalActors__/Cyberpunk/Maps/CyberAlley_WP/8/RT/T568XDZ2V6KKSHOP6NWNE1.uasset
bulk-import-or-template-content	??	Content/__ExternalActors__/Cyberpunk/Maps/CyberAlley_WP/8/RV/XFA9Y28SH2DEOOYYPMZ289.uasset
bulk-import-or-template-content	??	Content/__ExternalActors__/Cyberpunk/Maps/CyberAlley_WP/8/SG/VV5YW9LNFXAUPRM8P7LP2V.uasset
bulk-import-or-template-content	??	Content/__ExternalActors__/Cyberpunk/Maps/CyberAlley_WP/8/T4/FLE5M60A9WG6PGYJBKGADQ.uasset
bulk-import-or-template-content	??	Content/__ExternalActors__/Cyberpunk/Maps/CyberAlley_WP/8/TQ/1XV7GFMHI0ZUNSMF5NCY3D.uasset
bulk-import-or-template-content	??	Content/__ExternalActors__/Cyberpunk/Maps/CyberAlley_WP/8/U0/ZMQT3ZSDJ7VN6MXD5IGSY4.uasset
bulk-import-or-template-content	??	Content/__ExternalActors__/Cyberpunk/Maps/CyberAlley_WP/8/UH/3ZEN0DAUEL31L7A6Q63IIX.uasset
bulk-import-or-template-content	??	Content/__ExternalActors__/Cyberpunk/Maps/CyberAlley_WP/8/UI/EWS81ZC8DBWFBLHPZRIQXF.uasset
bulk-import-or-template-content	??	Content/__ExternalActors__/Cyberpunk/Maps/CyberAlley_WP/8/V6/0APIPC08GOMFBQ7Z33WDXA.uasset
bulk-import-or-template-content	??	Content/__ExternalActors__/Cyberpunk/Maps/CyberAlley_WP/8/VG/AQKB3606BEZMPSTJQ2HK23.uasset
bulk-import-or-template-content	??	Content/__ExternalActors__/Cyberpunk/Maps/CyberAlley_WP/8/W0/U0IUAARHTG50BM2WQ1WLJB.uasset
bulk-import-or-template-content	??	Content/__ExternalActors__/Cyberpunk/Maps/CyberAlley_WP/8/W9/57M2UWVW0P47458SU0KCTK.uasset
bulk-import-or-template-content	??	Content/__ExternalActors__/Cyberpunk/Maps/CyberAlley_WP/8/WD/80PB73CP8MXQH5AFZT1WIE.uasset
bulk-import-or-template-content	??	Content/__ExternalActors__/Cyberpunk/Maps/CyberAlley_WP/8/WO/RIQIYEGUY1IFTTCGUU6ZEM.uasset
bulk-import-or-template-content	??	Content/__ExternalActors__/Cyberpunk/Maps/CyberAlley_WP/8/WU/JUTD3V9WX7YQY19HEYINPC.uasset
bulk-import-or-template-content	??	Content/__ExternalActors__/Cyberpunk/Maps/CyberAlley_WP/8/WY/2JMF4RE9Y122F8MYWR4PQA.uasset
bulk-import-or-template-content	??	Content/__ExternalActors__/Cyberpunk/Maps/CyberAlley_WP/8/X1/GED6DRLH0ZWGG2YGAVM85D.uasset
bulk-import-or-template-content	??	Content/__ExternalActors__/Cyberpunk/Maps/CyberAlley_WP/8/XE/K6Z1Y0QZ7TOTGCNG6KYNWE.uasset
bulk-import-or-template-content	??	Content/__ExternalActors__/Cyberpunk/Maps/CyberAlley_WP/8/XP/PY9EW7CFNMQ9CMCEL9G3R7.uasset
bulk-import-or-template-content	??	Content/__ExternalActors__/Cyberpunk/Maps/CyberAlley_WP/8/XU/MKHZVE8SQLGXKPYMCB8XMK.uasset
bulk-import-or-template-content	??	Content/__ExternalActors__/Cyberpunk/Maps/CyberAlley_WP/8/Y5/8NEKY0LM0BFI4DOOAM8FNV.uasset
bulk-import-or-template-content	??	Content/__ExternalActors__/Cyberpunk/Maps/CyberAlley_WP/8/Y8/MGK2B06H5MLF96XLFBE04Q.uasset
bulk-import-or-template-content	??	Content/__ExternalActors__/Cyberpunk/Maps/CyberAlley_WP/8/YW/C6LJJG6FQ1ODKGCTC6DOEE.uasset
bulk-import-or-template-content	??	Content/__ExternalActors__/Cyberpunk/Maps/CyberAlley_WP/8/YX/FN50ERWQWVTGJR0R2MG9AV.uasset
bulk-import-or-template-content	??	Content/__ExternalActors__/Cyberpunk/Maps/CyberAlley_WP/8/ZN/BU4ZHFHB3WHJL9WU131431.uasset
bulk-import-or-template-content	??	Content/__ExternalActors__/Cyberpunk/Maps/CyberAlley_WP/8/ZT/7EM6WP7EFJW61UQ94BVQAS.uasset
bulk-import-or-template-content	??	Content/__ExternalActors__/Cyberpunk/Maps/CyberAlley_WP/9/04/7RQ45ZZYV8BBJ8D1CHFKG0.uasset
bulk-import-or-template-content	??	Content/__ExternalActors__/Cyberpunk/Maps/CyberAlley_WP/9/0P/M0MFK1HAGTVWQUYMBAQ1ZS.uasset
bulk-import-or-template-content	??	Content/__ExternalActors__/Cyberpunk/Maps/CyberAlley_WP/9/15/P6K9L2TDCCFS8EHFO85TRO.uasset
bulk-import-or-template-content	??	Content/__ExternalActors__/Cyberpunk/Maps/CyberAlley_WP/9/1O/6AEIHFGXAEE3NOZKHENAXY.uasset
bulk-import-or-template-content	??	Content/__ExternalActors__/Cyberpunk/Maps/CyberAlley_WP/9/2O/BOWVK05O7CC4XNPQGDKUX9.uasset
bulk-import-or-template-content	??	Content/__ExternalActors__/Cyberpunk/Maps/CyberAlley_WP/9/3B/F6MMKJXLLM87SPRCJVKUED.uasset
bulk-import-or-template-content	??	Content/__ExternalActors__/Cyberpunk/Maps/CyberAlley_WP/9/3C/6QEFMS33BQJR98HNB5UL0X.uasset
bulk-import-or-template-content	??	Content/__ExternalActors__/Cyberpunk/Maps/CyberAlley_WP/9/3M/VNKW4ZOE6KNFF8ENBAUZMU.uasset
bulk-import-or-template-content	??	Content/__ExternalActors__/Cyberpunk/Maps/CyberAlley_WP/9/3R/V1SIW3TDGNLYETW0QXRN9C.uasset
bulk-import-or-template-content	??	Content/__ExternalActors__/Cyberpunk/Maps/CyberAlley_WP/9/4F/F5RIIOON2R3YEMOE9LT4VW.uasset
bulk-import-or-template-content	??	Content/__ExternalActors__/Cyberpunk/Maps/CyberAlley_WP/9/4T/569JS2302M332GTOOTVY2M.uasset
bulk-import-or-template-content	??	Content/__ExternalActors__/Cyberpunk/Maps/CyberAlley_WP/9/4T/ADI6XX38TM9H8RV0X6Q5VO.uasset
bulk-import-or-template-content	??	Content/__ExternalActors__/Cyberpunk/Maps/CyberAlley_WP/9/4Y/1VNCHVQ0RIJGPDCFPO1KPN.uasset
bulk-import-or-template-content	??	Content/__ExternalActors__/Cyberpunk/Maps/CyberAlley_WP/9/5D/C1LHACNX5OT27LIMHW0IOI.uasset
bulk-import-or-template-content	??	Content/__ExternalActors__/Cyberpunk/Maps/CyberAlley_WP/9/5M/J30FQ11I89LXWAXYZP9B91.uasset
bulk-import-or-template-content	??	Content/__ExternalActors__/Cyberpunk/Maps/CyberAlley_WP/9/5N/XZBA7D0ROE8JT82CS0UY3H.uasset
bulk-import-or-template-content	??	Content/__ExternalActors__/Cyberpunk/Maps/CyberAlley_WP/9/5Q/DQ2S73PZRLJ5ZDY8K6RKQU.uasset
bulk-import-or-template-content	??	Content/__ExternalActors__/Cyberpunk/Maps/CyberAlley_WP/9/60/6WW4YS8X3HXKUWX4KXDAN0.uasset
bulk-import-or-template-content	??	Content/__ExternalActors__/Cyberpunk/Maps/CyberAlley_WP/9/6A/A9E0U6I31OQT89GMA5MQ6C.uasset
bulk-import-or-template-content	??	Content/__ExternalActors__/Cyberpunk/Maps/CyberAlley_WP/9/6A/NT80RV6CL8229UGMA45CL9.uasset
bulk-import-or-template-content	??	Content/__ExternalActors__/Cyberpunk/Maps/CyberAlley_WP/9/6B/IC0JPSF3Q6A125DCBHRMQZ.uasset
bulk-import-or-template-content	??	Content/__ExternalActors__/Cyberpunk/Maps/CyberAlley_WP/9/6Q/3S6I6ST8DSBU22B0UB7ILG.uasset
bulk-import-or-template-content	??	Content/__ExternalActors__/Cyberpunk/Maps/CyberAlley_WP/9/72/QYM8OWR1KSEZE6KZNT1SBC.uasset
bulk-import-or-template-content	??	Content/__ExternalActors__/Cyberpunk/Maps/CyberAlley_WP/9/80/QYHHYX2IWVD1F42AM4NIO5.uasset
bulk-import-or-template-content	??	Content/__ExternalActors__/Cyberpunk/Maps/CyberAlley_WP/9/82/PLDBJWA5EGZK6KXE0634P2.uasset
bulk-import-or-template-content	??	Content/__ExternalActors__/Cyberpunk/Maps/CyberAlley_WP/9/84/EIKDWW0KMQ0839968C8AH6.uasset
bulk-import-or-template-content	??	Content/__ExternalActors__/Cyberpunk/Maps/CyberAlley_WP/9/87/4Q1VI23KDG283J35WO7W8T.uasset
bulk-import-or-template-content	??	Content/__ExternalActors__/Cyberpunk/Maps/CyberAlley_WP/9/8G/0YXAISEZ0CZS6YC029HS60.uasset
bulk-import-or-template-content	??	Content/__ExternalActors__/Cyberpunk/Maps/CyberAlley_WP/9/8U/I2NMBYXYQSK2OBWVWUWGOW.uasset
bulk-import-or-template-content	??	Content/__ExternalActors__/Cyberpunk/Maps/CyberAlley_WP/9/9C/L2TOGW91RS84PBAQ33LJIK.uasset
bulk-import-or-template-content	??	Content/__ExternalActors__/Cyberpunk/Maps/CyberAlley_WP/9/A1/NE133IAHEDYMSQNQ84QESF.uasset
bulk-import-or-template-content	??	Content/__ExternalActors__/Cyberpunk/Maps/CyberAlley_WP/9/AZ/MQS4P7FCOUHCYYCLQWKRFU.uasset
bulk-import-or-template-content	??	Content/__ExternalActors__/Cyberpunk/Maps/CyberAlley_WP/9/B1/L18ZBH4NVIWOSVK28K5J82.uasset
bulk-import-or-template-content	??	Content/__ExternalActors__/Cyberpunk/Maps/CyberAlley_WP/9/B3/9HV4ZTKVR7MJH3QS6M0SEK.uasset
bulk-import-or-template-content	??	Content/__ExternalActors__/Cyberpunk/Maps/CyberAlley_WP/9/B5/JMCMWHQC9AWJAPB5E11WA1.uasset
bulk-import-or-template-content	??	Content/__ExternalActors__/Cyberpunk/Maps/CyberAlley_WP/9/BA/WFJRKJTIYPP0TUTT7WIQCI.uasset
bulk-import-or-template-content	??	Content/__ExternalActors__/Cyberpunk/Maps/CyberAlley_WP/9/BF/PTJPHTBIGWRIPRIBUT2P5U.uasset
bulk-import-or-template-content	??	Content/__ExternalActors__/Cyberpunk/Maps/CyberAlley_WP/9/BH/OJC8B6WHQ2UP130TMYUGV1.uasset
bulk-import-or-template-content	??	Content/__ExternalActors__/Cyberpunk/Maps/CyberAlley_WP/9/BN/HRJBL5QKWWN627OD7AU5X7.uasset
bulk-import-or-template-content	??	Content/__ExternalActors__/Cyberpunk/Maps/CyberAlley_WP/9/C3/CV87JF8JPVCI98Q31HB3JD.uasset
bulk-import-or-template-content	??	Content/__ExternalActors__/Cyberpunk/Maps/CyberAlley_WP/9/CW/7Q7SYPXKGXLYNBZFCP0COK.uasset
bulk-import-or-template-content	??	Content/__ExternalActors__/Cyberpunk/Maps/CyberAlley_WP/9/D2/CG0M72TFTZFPYJETIF2KMN.uasset
bulk-import-or-template-content	??	Content/__ExternalActors__/Cyberpunk/Maps/CyberAlley_WP/9/D5/PKSCSQ5XPL4JEDELIQCSEX.uasset
bulk-import-or-template-content	??	Content/__ExternalActors__/Cyberpunk/Maps/CyberAlley_WP/9/DA/TZ8MW4MYVOYWC8QCIOER6J.uasset
bulk-import-or-template-content	??	Content/__ExternalActors__/Cyberpunk/Maps/CyberAlley_WP/9/DF/KIC84XLZVUOC74X2MKI2C0.uasset
bulk-import-or-template-content	??	Content/__ExternalActors__/Cyberpunk/Maps/CyberAlley_WP/9/DH/GGN503SP8Z7E6FVL7OHR59.uasset
bulk-import-or-template-content	??	Content/__ExternalActors__/Cyberpunk/Maps/CyberAlley_WP/9/E4/S4369MFEKCVKY6PNXS6SP4.uasset
bulk-import-or-template-content	??	Content/__ExternalActors__/Cyberpunk/Maps/CyberAlley_WP/9/E5/X2F4VUEFGM077IWB6AYB3S.uasset
bulk-import-or-template-content	??	Content/__ExternalActors__/Cyberpunk/Maps/CyberAlley_WP/9/E9/AZFJBX3IZWXYBDLS7RL74C.uasset
bulk-import-or-template-content	??	Content/__ExternalActors__/Cyberpunk/Maps/CyberAlley_WP/9/EE/K4L0HFNWZJZLZVMZW1ECU0.uasset
bulk-import-or-template-content	??	Content/__ExternalActors__/Cyberpunk/Maps/CyberAlley_WP/9/EU/ERJEBRATI84QARDRZWXHGA.uasset
bulk-import-or-template-content	??	Content/__ExternalActors__/Cyberpunk/Maps/CyberAlley_WP/9/FC/DRPPWM2ACKT403ET7VUFJS.uasset
bulk-import-or-template-content	??	Content/__ExternalActors__/Cyberpunk/Maps/CyberAlley_WP/9/FU/CNW4E6PBAB69VMBP1CXYGR.uasset
bulk-import-or-template-content	??	Content/__ExternalActors__/Cyberpunk/Maps/CyberAlley_WP/9/G1/39L01G9VG30BJR22NSSE1K.uasset
bulk-import-or-template-content	??	Content/__ExternalActors__/Cyberpunk/Maps/CyberAlley_WP/9/G7/KIVBLNIJC38LGREK3TUFLO.uasset
bulk-import-or-template-content	??	Content/__ExternalActors__/Cyberpunk/Maps/CyberAlley_WP/9/G9/BT52CF38M4FS1C2QNVEBGM.uasset
bulk-import-or-template-content	??	Content/__ExternalActors__/Cyberpunk/Maps/CyberAlley_WP/9/GV/UCQYNVLFI149UEGUONNZYF.uasset
bulk-import-or-template-content	??	Content/__ExternalActors__/Cyberpunk/Maps/CyberAlley_WP/9/HD/MOEJFW89HUCMV6O0XWTK5A.uasset
bulk-import-or-template-content	??	Content/__ExternalActors__/Cyberpunk/Maps/CyberAlley_WP/9/HJ/TMO83IM7RD4UTQ6RJ0HORC.uasset
bulk-import-or-template-content	??	Content/__ExternalActors__/Cyberpunk/Maps/CyberAlley_WP/9/HR/IIJ7AK2NO43VPUU97JOPUG.uasset
bulk-import-or-template-content	??	Content/__ExternalActors__/Cyberpunk/Maps/CyberAlley_WP/9/HY/0YPEQZRQBP7WFE0I8MB31M.uasset
bulk-import-or-template-content	??	Content/__ExternalActors__/Cyberpunk/Maps/CyberAlley_WP/9/I7/T5PF82LUDM821RUTGWN984.uasset
bulk-import-or-template-content	??	Content/__ExternalActors__/Cyberpunk/Maps/CyberAlley_WP/9/IV/G8X1B2WYXBFJMFPU35G9A3.uasset
bulk-import-or-template-content	??	Content/__ExternalActors__/Cyberpunk/Maps/CyberAlley_WP/9/K3/0CNUFM1PXOSGS991MXLRIZ.uasset
bulk-import-or-template-content	??	Content/__ExternalActors__/Cyberpunk/Maps/CyberAlley_WP/9/K7/VJIQ1AJVP7II6FLCOEPWBH.uasset
bulk-import-or-template-content	??	Content/__ExternalActors__/Cyberpunk/Maps/CyberAlley_WP/9/KA/4E19QJNPAQXD5GN9V7AJUR.uasset
bulk-import-or-template-content	??	Content/__ExternalActors__/Cyberpunk/Maps/CyberAlley_WP/9/KG/N863BSME8DGC4HK2CMV90G.uasset
bulk-import-or-template-content	??	Content/__ExternalActors__/Cyberpunk/Maps/CyberAlley_WP/9/KK/U3OAAMNK6521HD5OODQYKQ.uasset
bulk-import-or-template-content	??	Content/__ExternalActors__/Cyberpunk/Maps/CyberAlley_WP/9/KO/H2MJF3C65M7WCQ18M5BA1X.uasset
bulk-import-or-template-content	??	Content/__ExternalActors__/Cyberpunk/Maps/CyberAlley_WP/9/LF/YSAPZHIP1J9ETOZHUSN07B.uasset
bulk-import-or-template-content	??	Content/__ExternalActors__/Cyberpunk/Maps/CyberAlley_WP/9/LJ/PYMM2I6F8D0NMZXCUU7NBV.uasset
bulk-import-or-template-content	??	Content/__ExternalActors__/Cyberpunk/Maps/CyberAlley_WP/9/LM/Q6903RWPDDG6OX31K2XRZH.uasset
bulk-import-or-template-content	??	Content/__ExternalActors__/Cyberpunk/Maps/CyberAlley_WP/9/LW/RAKN0QC3RG9DO42FOEFEBR.uasset
bulk-import-or-template-content	??	Content/__ExternalActors__/Cyberpunk/Maps/CyberAlley_WP/9/MU/LDU3WKYK3MFBEBQ5POEQAS.uasset
bulk-import-or-template-content	??	Content/__ExternalActors__/Cyberpunk/Maps/CyberAlley_WP/9/N9/6IBFUG3PIFQGGKO0EH4XFJ.uasset
bulk-import-or-template-content	??	Content/__ExternalActors__/Cyberpunk/Maps/CyberAlley_WP/9/NC/HZ3X6EKZ73N9X7VIOUJ564.uasset
bulk-import-or-template-content	??	Content/__ExternalActors__/Cyberpunk/Maps/CyberAlley_WP/9/NU/6IMKY6GR3GKQJTLM9ZHJ10.uasset
bulk-import-or-template-content	??	Content/__ExternalActors__/Cyberpunk/Maps/CyberAlley_WP/9/NZ/5DY3SC1PMGFBJB9T8OEHIJ.uasset
bulk-import-or-template-content	??	Content/__ExternalActors__/Cyberpunk/Maps/CyberAlley_WP/9/P1/WWGCC0MVEERGMZP1PZKVLJ.uasset
bulk-import-or-template-content	??	Content/__ExternalActors__/Cyberpunk/Maps/CyberAlley_WP/9/P3/291DF2D2UIPZGUD1QQOI6Z.uasset
bulk-import-or-template-content	??	Content/__ExternalActors__/Cyberpunk/Maps/CyberAlley_WP/9/P3/7K8B8KGJ0KGF221ID1U2O6.uasset
bulk-import-or-template-content	??	Content/__ExternalActors__/Cyberpunk/Maps/CyberAlley_WP/9/P9/1WWSQQY1BWSTG4450CCXR3.uasset
bulk-import-or-template-content	??	Content/__ExternalActors__/Cyberpunk/Maps/CyberAlley_WP/9/PI/D2O2BMMJMMF20RZQ0EXV9I.uasset
bulk-import-or-template-content	??	Content/__ExternalActors__/Cyberpunk/Maps/CyberAlley_WP/9/PK/VV0SWFA7XCSWYLQW1B0U04.uasset
bulk-import-or-template-content	??	Content/__ExternalActors__/Cyberpunk/Maps/CyberAlley_WP/9/PL/SDW4NW6DXNPLNE5FJM5WR3.uasset
bulk-import-or-template-content	??	Content/__ExternalActors__/Cyberpunk/Maps/CyberAlley_WP/9/PQ/989QDEPIBMAPBET5LNDITX.uasset
bulk-import-or-template-content	??	Content/__ExternalActors__/Cyberpunk/Maps/CyberAlley_WP/9/PT/R3A0OP0BLV3OIC88O97Y93.uasset
bulk-import-or-template-content	??	Content/__ExternalActors__/Cyberpunk/Maps/CyberAlley_WP/9/Q2/G1DRZFANUV4P48DTC2V9B3.uasset
bulk-import-or-template-content	??	Content/__ExternalActors__/Cyberpunk/Maps/CyberAlley_WP/9/QE/XEYEZKY3M9L9R1JYZYWHC2.uasset
bulk-import-or-template-content	??	Content/__ExternalActors__/Cyberpunk/Maps/CyberAlley_WP/9/QM/AL1U7X3RD1O7DQHJHMHRAP.uasset
bulk-import-or-template-content	??	Content/__ExternalActors__/Cyberpunk/Maps/CyberAlley_WP/9/R9/W0OWL078UUF1THK1A9MZC8.uasset
bulk-import-or-template-content	??	Content/__ExternalActors__/Cyberpunk/Maps/CyberAlley_WP/9/RH/8KCR151066WK0WG15AX8DP.uasset
bulk-import-or-template-content	??	Content/__ExternalActors__/Cyberpunk/Maps/CyberAlley_WP/9/RM/BV1IUQ3U5JXZ9T1PSSD79J.uasset
bulk-import-or-template-content	??	Content/__ExternalActors__/Cyberpunk/Maps/CyberAlley_WP/9/SD/ECNPBF62JA9KB0MJFZC07Q.uasset
bulk-import-or-template-content	??	Content/__ExternalActors__/Cyberpunk/Maps/CyberAlley_WP/9/TC/S0OH5K1ONNLD26R33BRLMC.uasset
bulk-import-or-template-content	??	Content/__ExternalActors__/Cyberpunk/Maps/CyberAlley_WP/9/TQ/NUNGFLF3UZ2DNBUFKY22FM.uasset
bulk-import-or-template-content	??	Content/__ExternalActors__/Cyberpunk/Maps/CyberAlley_WP/9/TV/XMI8QF5K00ALU7EEC9Z86B.uasset
bulk-import-or-template-content	??	Content/__ExternalActors__/Cyberpunk/Maps/CyberAlley_WP/9/U0/KK24VMG90L8I31B0AY1YHC.uasset
bulk-import-or-template-content	??	Content/__ExternalActors__/Cyberpunk/Maps/CyberAlley_WP/9/U5/II3B6THAV8V8GZ3DL3F30F.uasset
bulk-import-or-template-content	??	Content/__ExternalActors__/Cyberpunk/Maps/CyberAlley_WP/9/UG/T5JYS1ZR8671LBBYNUGD4X.uasset
bulk-import-or-template-content	??	Content/__ExternalActors__/Cyberpunk/Maps/CyberAlley_WP/9/UO/1PIKBYL0Q1GNGM6OOE349A.uasset
bulk-import-or-template-content	??	Content/__ExternalActors__/Cyberpunk/Maps/CyberAlley_WP/9/V9/6D9EDNVF7TH7A9VJ0XWY3J.uasset
bulk-import-or-template-content	??	Content/__ExternalActors__/Cyberpunk/Maps/CyberAlley_WP/9/W4/UR2GD2KV4Z2FLXNC522PFV.uasset
bulk-import-or-template-content	??	Content/__ExternalActors__/Cyberpunk/Maps/CyberAlley_WP/9/WL/DUUF2VUJGYJE0TF706JM04.uasset
bulk-import-or-template-content	??	Content/__ExternalActors__/Cyberpunk/Maps/CyberAlley_WP/9/WM/JKO46G4K2MB4QF1A1JI0B2.uasset
bulk-import-or-template-content	??	Content/__ExternalActors__/Cyberpunk/Maps/CyberAlley_WP/9/WT/M3BYIPGB2JFPKYPACDWO9L.uasset
bulk-import-or-template-content	??	Content/__ExternalActors__/Cyberpunk/Maps/CyberAlley_WP/9/XN/RFJM0QWHOP8ZBC0IVLO11F.uasset
bulk-import-or-template-content	??	Content/__ExternalActors__/Cyberpunk/Maps/CyberAlley_WP/9/XT/CNKJ41CRQE6AZ38DASTXAI.uasset
bulk-import-or-template-content	??	Content/__ExternalActors__/Cyberpunk/Maps/CyberAlley_WP/9/XW/IFR538Z7JM1PPPF6NPMH0J.uasset
bulk-import-or-template-content	??	Content/__ExternalActors__/Cyberpunk/Maps/CyberAlley_WP/9/XX/FEG6PLH3FDC58V3WD9ZFXJ.uasset
bulk-import-or-template-content	??	Content/__ExternalActors__/Cyberpunk/Maps/CyberAlley_WP/9/ZB/WIRXB0XKOD3WFVASZNRUE5.uasset
bulk-import-or-template-content	??	Content/__ExternalActors__/Cyberpunk/Maps/CyberAlley_WP/9/ZQ/DDK035J3VPX49F0MPUZIES.uasset
bulk-import-or-template-content	??	Content/__ExternalActors__/Cyberpunk/Maps/CyberAlley_WP/A/02/DC9VAQQ77LLBJDZVD9OV37.uasset
bulk-import-or-template-content	??	Content/__ExternalActors__/Cyberpunk/Maps/CyberAlley_WP/A/0C/B0I5G1169TQSUMWQ9JCSZY.uasset
bulk-import-or-template-content	??	Content/__ExternalActors__/Cyberpunk/Maps/CyberAlley_WP/A/0H/034E311FFT6DLQ8S5XMR5X.uasset
bulk-import-or-template-content	??	Content/__ExternalActors__/Cyberpunk/Maps/CyberAlley_WP/A/0M/APN5L1YZSCPN8W699O6AN1.uasset
bulk-import-or-template-content	??	Content/__ExternalActors__/Cyberpunk/Maps/CyberAlley_WP/A/0O/8LWB5ANT3T4YUAS7GOYNMV.uasset
bulk-import-or-template-content	??	Content/__ExternalActors__/Cyberpunk/Maps/CyberAlley_WP/A/12/23MYY45QHZSQI9PUV6BFXR.uasset
bulk-import-or-template-content	??	Content/__ExternalActors__/Cyberpunk/Maps/CyberAlley_WP/A/1F/ZS9QAQBRG2XU8BZ0YCXY96.uasset
bulk-import-or-template-content	??	Content/__ExternalActors__/Cyberpunk/Maps/CyberAlley_WP/A/1I/TUYQ1ZZMFHK8C7UBZSHY17.uasset
bulk-import-or-template-content	??	Content/__ExternalActors__/Cyberpunk/Maps/CyberAlley_WP/A/1K/K7TLQB2L7P7SFE1OW6MIGH.uasset
bulk-import-or-template-content	??	Content/__ExternalActors__/Cyberpunk/Maps/CyberAlley_WP/A/20/O07R6X7C0Q9UH58NQBT3JU.uasset
bulk-import-or-template-content	??	Content/__ExternalActors__/Cyberpunk/Maps/CyberAlley_WP/A/2E/KE5KZAV94A6BIDGICOZXKZ.uasset
bulk-import-or-template-content	??	Content/__ExternalActors__/Cyberpunk/Maps/CyberAlley_WP/A/2Z/BWVCM6T6CRGK210RYXPMZW.uasset
bulk-import-or-template-content	??	Content/__ExternalActors__/Cyberpunk/Maps/CyberAlley_WP/A/30/NHJG6S2B904VHFLWVKATHV.uasset
bulk-import-or-template-content	??	Content/__ExternalActors__/Cyberpunk/Maps/CyberAlley_WP/A/3S/CTOQ7QYAMLJETASADZ1HE1.uasset
bulk-import-or-template-content	??	Content/__ExternalActors__/Cyberpunk/Maps/CyberAlley_WP/A/42/Q5VAIBNEXBGCH3GTL3FGOZ.uasset
bulk-import-or-template-content	??	Content/__ExternalActors__/Cyberpunk/Maps/CyberAlley_WP/A/4H/10EFUJFGHUM3K3HOTHAVP2.uasset
bulk-import-or-template-content	??	Content/__ExternalActors__/Cyberpunk/Maps/CyberAlley_WP/A/4K/4NU644TYA9SF9OBI3JGPOO.uasset
bulk-import-or-template-content	??	Content/__ExternalActors__/Cyberpunk/Maps/CyberAlley_WP/A/4R/QKDEDZXCHPUSOY18H4HMFF.uasset
bulk-import-or-template-content	??	Content/__ExternalActors__/Cyberpunk/Maps/CyberAlley_WP/A/4Y/A6LR3CV54IKEPQMBMAYSQ3.uasset
bulk-import-or-template-content	??	Content/__ExternalActors__/Cyberpunk/Maps/CyberAlley_WP/A/56/T8DPCPL7ZCD4P6DCMNOXPX.uasset
bulk-import-or-template-content	??	Content/__ExternalActors__/Cyberpunk/Maps/CyberAlley_WP/A/5O/E7CZV1I493DVAJHR0330KZ.uasset
bulk-import-or-template-content	??	Content/__ExternalActors__/Cyberpunk/Maps/CyberAlley_WP/A/6E/B2FZLWC1RL1OXTMXDXC1U3.uasset
bulk-import-or-template-content	??	Content/__ExternalActors__/Cyberpunk/Maps/CyberAlley_WP/A/6G/XWO7F90MY4PPPDGB6WFJEH.uasset
bulk-import-or-template-content	??	Content/__ExternalActors__/Cyberpunk/Maps/CyberAlley_WP/A/78/XWP8TNNQNGACZF4B3WF90I.uasset
bulk-import-or-template-content	??	Content/__ExternalActors__/Cyberpunk/Maps/CyberAlley_WP/A/7M/M8G0LWFB653GIOTSLD2ACE.uasset
bulk-import-or-template-content	??	Content/__ExternalActors__/Cyberpunk/Maps/CyberAlley_WP/A/7Q/PEX6IS0DLS870ALRHMRHJ1.uasset
bulk-import-or-template-content	??	Content/__ExternalActors__/Cyberpunk/Maps/CyberAlley_WP/A/81/AZY0AZDDO6BN6XMMY3L4FT.uasset
bulk-import-or-template-content	??	Content/__ExternalActors__/Cyberpunk/Maps/CyberAlley_WP/A/90/GBRJM433V47FZ8W3WSVDGU.uasset
bulk-import-or-template-content	??	Content/__ExternalActors__/Cyberpunk/Maps/CyberAlley_WP/A/93/EBHW64BYLB5BXYZO9N9ROZ.uasset
bulk-import-or-template-content	??	Content/__ExternalActors__/Cyberpunk/Maps/CyberAlley_WP/A/97/Z0MVL64HDYQW28A4DKD7ZW.uasset
bulk-import-or-template-content	??	Content/__ExternalActors__/Cyberpunk/Maps/CyberAlley_WP/A/9J/AO8ID173OW8Y27K4ODAKT5.uasset
bulk-import-or-template-content	??	Content/__ExternalActors__/Cyberpunk/Maps/CyberAlley_WP/A/9L/7QV1LTLJJ4C25RK24JCU4S.uasset
bulk-import-or-template-content	??	Content/__ExternalActors__/Cyberpunk/Maps/CyberAlley_WP/A/9L/NDJBFW8X1KPNG0FY12J1MO.uasset
bulk-import-or-template-content	??	Content/__ExternalActors__/Cyberpunk/Maps/CyberAlley_WP/A/9W/CGS8PH8PTZ14HHMHXGZMPN.uasset
bulk-import-or-template-content	??	Content/__ExternalActors__/Cyberpunk/Maps/CyberAlley_WP/A/AX/2W3G77T6JGER8F1ZWGT664.uasset
bulk-import-or-template-content	??	Content/__ExternalActors__/Cyberpunk/Maps/CyberAlley_WP/A/B0/18M97URLJ9PEZNQSVG3NMV.uasset
bulk-import-or-template-content	??	Content/__ExternalActors__/Cyberpunk/Maps/CyberAlley_WP/A/B1/N3MO9FEJPZP97EDJZYAM03.uasset
bulk-import-or-template-content	??	Content/__ExternalActors__/Cyberpunk/Maps/CyberAlley_WP/A/B7/Q1IT1YBGTC4ZB1WWLUKD1U.uasset
bulk-import-or-template-content	??	Content/__ExternalActors__/Cyberpunk/Maps/CyberAlley_WP/A/B8/1OVMX7P278S5QEE43IC7BV.uasset
bulk-import-or-template-content	??	Content/__ExternalActors__/Cyberpunk/Maps/CyberAlley_WP/A/BM/F4Y0DJMC526C9E240NSY8G.uasset
bulk-import-or-template-content	??	Content/__ExternalActors__/Cyberpunk/Maps/CyberAlley_WP/A/BS/FISE3HI8YOOSRHXIEMM6QQ.uasset
bulk-import-or-template-content	??	Content/__ExternalActors__/Cyberpunk/Maps/CyberAlley_WP/A/C6/RAIO3330TX34R5392U5ZQT.uasset
bulk-import-or-template-content	??	Content/__ExternalActors__/Cyberpunk/Maps/CyberAlley_WP/A/CG/5FB383N4PBHF5D72WK7UYD.uasset
bulk-import-or-template-content	??	Content/__ExternalActors__/Cyberpunk/Maps/CyberAlley_WP/A/CG/VKGNVIBKOTU0M5KBG7GGYH.uasset
bulk-import-or-template-content	??	Content/__ExternalActors__/Cyberpunk/Maps/CyberAlley_WP/A/CP/XWHMXU030N3X0WZDL3WC7P.uasset
bulk-import-or-template-content	??	Content/__ExternalActors__/Cyberpunk/Maps/CyberAlley_WP/A/CW/JBNWFQMGDRTIMVFGRXA43H.uasset
bulk-import-or-template-content	??	Content/__ExternalActors__/Cyberpunk/Maps/CyberAlley_WP/A/CX/BX65FT7FZ8OGSVS9OD7FZM.uasset
bulk-import-or-template-content	??	Content/__ExternalActors__/Cyberpunk/Maps/CyberAlley_WP/A/D1/W53VSN7OOPLW2CK7YQEO92.uasset
bulk-import-or-template-content	??	Content/__ExternalActors__/Cyberpunk/Maps/CyberAlley_WP/A/D5/8BMD63DHPDHVM2S9QYSQSF.uasset
bulk-import-or-template-content	??	Content/__ExternalActors__/Cyberpunk/Maps/CyberAlley_WP/A/DF/D92IICNCULV207I1ZERFYK.uasset
bulk-import-or-template-content	??	Content/__ExternalActors__/Cyberpunk/Maps/CyberAlley_WP/A/DK/UKKNS1ZW58UHQNSX3HQBT3.uasset
bulk-import-or-template-content	??	Content/__ExternalActors__/Cyberpunk/Maps/CyberAlley_WP/A/DL/DC7SWM21606FAROAM9ICGZ.uasset
bulk-import-or-template-content	??	Content/__ExternalActors__/Cyberpunk/Maps/CyberAlley_WP/A/EC/HWMZE1GCO2VJW7I5VJAE4M.uasset
bulk-import-or-template-content	??	Content/__ExternalActors__/Cyberpunk/Maps/CyberAlley_WP/A/EE/8SQ6WHRW2PWFLJDN6DYE5N.uasset
bulk-import-or-template-content	??	Content/__ExternalActors__/Cyberpunk/Maps/CyberAlley_WP/A/EL/ZQQVVB2LHLJGXKGI8X5TEJ.uasset
bulk-import-or-template-content	??	Content/__ExternalActors__/Cyberpunk/Maps/CyberAlley_WP/A/EN/PIL83NA6WENIWJJJN7AW70.uasset
bulk-import-or-template-content	??	Content/__ExternalActors__/Cyberpunk/Maps/CyberAlley_WP/A/EP/2CBDIRM1FXL39VJWV6DXZP.uasset
bulk-import-or-template-content	??	Content/__ExternalActors__/Cyberpunk/Maps/CyberAlley_WP/A/F9/55NBP6WL2ZILK8MTRQ2C3B.uasset
bulk-import-or-template-content	??	Content/__ExternalActors__/Cyberpunk/Maps/CyberAlley_WP/A/F9/5R2GO8AX3W4D7J33IHVGQC.uasset
bulk-import-or-template-content	??	Content/__ExternalActors__/Cyberpunk/Maps/CyberAlley_WP/A/FP/2RZRSX1NHCNLBJGAON2J8A.uasset
bulk-import-or-template-content	??	Content/__ExternalActors__/Cyberpunk/Maps/CyberAlley_WP/A/FV/PP0YFCV9UQ066IK5TPD1TO.uasset
bulk-import-or-template-content	??	Content/__ExternalActors__/Cyberpunk/Maps/CyberAlley_WP/A/G1/3GLTR7HE6X0XFXCYFGW3PM.uasset
bulk-import-or-template-content	??	Content/__ExternalActors__/Cyberpunk/Maps/CyberAlley_WP/A/G3/2USDED11GDJUOBIZ418D2O.uasset
bulk-import-or-template-content	??	Content/__ExternalActors__/Cyberpunk/Maps/CyberAlley_WP/A/G3/73RSMHRCYTWV7R3P6EDJRA.uasset
bulk-import-or-template-content	??	Content/__ExternalActors__/Cyberpunk/Maps/CyberAlley_WP/A/G3/8AEVTILUO56U4UN88STA5A.uasset
bulk-import-or-template-content	??	Content/__ExternalActors__/Cyberpunk/Maps/CyberAlley_WP/A/GA/GCI1US7RG34IHVMFQ9JSNG.uasset
bulk-import-or-template-content	??	Content/__ExternalActors__/Cyberpunk/Maps/CyberAlley_WP/A/GL/HQXS771O7ZT3NK1Z9J1ZQA.uasset
bulk-import-or-template-content	??	Content/__ExternalActors__/Cyberpunk/Maps/CyberAlley_WP/A/GO/NFGRMUJR2USCA3EJIOSQ2Q.uasset
bulk-import-or-template-content	??	Content/__ExternalActors__/Cyberpunk/Maps/CyberAlley_WP/A/GR/F0PKG2NTLU2U70MR1MUR9E.uasset
bulk-import-or-template-content	??	Content/__ExternalActors__/Cyberpunk/Maps/CyberAlley_WP/A/H0/BGS9ZE7A9B8ONPRMO27XI1.uasset
bulk-import-or-template-content	??	Content/__ExternalActors__/Cyberpunk/Maps/CyberAlley_WP/A/HF/41EEGFW2NQ4HGRXX7154L3.uasset
bulk-import-or-template-content	??	Content/__ExternalActors__/Cyberpunk/Maps/CyberAlley_WP/A/HP/UN2P8OZ7H2USHV9AKF3J1T.uasset
bulk-import-or-template-content	??	Content/__ExternalActors__/Cyberpunk/Maps/CyberAlley_WP/A/HR/5CJLESAWQWTYYI7OKLDUWI.uasset
bulk-import-or-template-content	??	Content/__ExternalActors__/Cyberpunk/Maps/CyberAlley_WP/A/HT/8AKID9CLBMNG010DM8UMP3.uasset
bulk-import-or-template-content	??	Content/__ExternalActors__/Cyberpunk/Maps/CyberAlley_WP/A/IG/88PZI8Y6X48KZKIUKCU9QH.uasset
bulk-import-or-template-content	??	Content/__ExternalActors__/Cyberpunk/Maps/CyberAlley_WP/A/IJ/8EZ4LAESBB0V458CQKFVDE.uasset
bulk-import-or-template-content	??	Content/__ExternalActors__/Cyberpunk/Maps/CyberAlley_WP/A/IN/21EA45UO27RIXBXDPT2OT7.uasset
bulk-import-or-template-content	??	Content/__ExternalActors__/Cyberpunk/Maps/CyberAlley_WP/A/J2/KZMYM395Y4X8HJ768Z9LYO.uasset
bulk-import-or-template-content	??	Content/__ExternalActors__/Cyberpunk/Maps/CyberAlley_WP/A/JF/HJXZZCNZP3Z657SWYINC3J.uasset
bulk-import-or-template-content	??	Content/__ExternalActors__/Cyberpunk/Maps/CyberAlley_WP/A/KF/4Z4MFQ151CRWIY5HW1REOO.uasset
bulk-import-or-template-content	??	Content/__ExternalActors__/Cyberpunk/Maps/CyberAlley_WP/A/KI/U4P9X4FNKCFER6SYNR3EC4.uasset
bulk-import-or-template-content	??	Content/__ExternalActors__/Cyberpunk/Maps/CyberAlley_WP/A/KJ/BCJCC12BKOF258XBSTE6AF.uasset
bulk-import-or-template-content	??	Content/__ExternalActors__/Cyberpunk/Maps/CyberAlley_WP/A/KO/0DCU6UCM3PA0DBWCSAAEB1.uasset
bulk-import-or-template-content	??	Content/__ExternalActors__/Cyberpunk/Maps/CyberAlley_WP/A/KX/KUT79WFJC3Z8YRZCLJ7ILB.uasset
bulk-import-or-template-content	??	Content/__ExternalActors__/Cyberpunk/Maps/CyberAlley_WP/A/L3/7JXHCB2MJE34NR8OYD8KXK.uasset
bulk-import-or-template-content	??	Content/__ExternalActors__/Cyberpunk/Maps/CyberAlley_WP/A/L5/ILPEULQHCIZRLNQIKZVKZF.uasset
bulk-import-or-template-content	??	Content/__ExternalActors__/Cyberpunk/Maps/CyberAlley_WP/A/MF/SQBHCA6MQX0YKKRF3QXMT5.uasset
bulk-import-or-template-content	??	Content/__ExternalActors__/Cyberpunk/Maps/CyberAlley_WP/A/MH/EPMXVKQ2PSNHWVIBCRY2U0.uasset
bulk-import-or-template-content	??	Content/__ExternalActors__/Cyberpunk/Maps/CyberAlley_WP/A/MN/DOOA9QX5TIA8U84JZUAU7U.uasset
bulk-import-or-template-content	??	Content/__ExternalActors__/Cyberpunk/Maps/CyberAlley_WP/A/N0/9FBYM8Z2U5ZWXQZIQLRKLO.uasset
bulk-import-or-template-content	??	Content/__ExternalActors__/Cyberpunk/Maps/CyberAlley_WP/A/N1/O3G98L7753WRIRU4QOSKRO.uasset
bulk-import-or-template-content	??	Content/__ExternalActors__/Cyberpunk/Maps/CyberAlley_WP/A/NK/KW9ICQK60990BFC5Q9NJMO.uasset
bulk-import-or-template-content	??	Content/__ExternalActors__/Cyberpunk/Maps/CyberAlley_WP/A/NS/NWGUZ714YHGLRZEJEEPB2O.uasset
bulk-import-or-template-content	??	Content/__ExternalActors__/Cyberpunk/Maps/CyberAlley_WP/A/NV/EB3W8FOA41JSP4C29TSAHS.uasset
bulk-import-or-template-content	??	Content/__ExternalActors__/Cyberpunk/Maps/CyberAlley_WP/A/O3/DBRQ3XZ1G826UI7PXNRY8R.uasset
bulk-import-or-template-content	??	Content/__ExternalActors__/Cyberpunk/Maps/CyberAlley_WP/A/O5/JWRD88ASMV0G9YBIL5OVJ9.uasset
bulk-import-or-template-content	??	Content/__ExternalActors__/Cyberpunk/Maps/CyberAlley_WP/A/O9/MJLVS053DAV5MQ33V8B1G5.uasset
bulk-import-or-template-content	??	Content/__ExternalActors__/Cyberpunk/Maps/CyberAlley_WP/A/P7/QOQJL87CSP24GMS1KUR31R.uasset
bulk-import-or-template-content	??	Content/__ExternalActors__/Cyberpunk/Maps/CyberAlley_WP/A/PH/1B9Y6CR7OHDU8HUZ5RDW2E.uasset
bulk-import-or-template-content	??	Content/__ExternalActors__/Cyberpunk/Maps/CyberAlley_WP/A/PS/X7TSR9XW6WGMBYEOTW4OQS.uasset
bulk-import-or-template-content	??	Content/__ExternalActors__/Cyberpunk/Maps/CyberAlley_WP/A/Q4/0WGAK8Y0DF832ZSICAKTVK.uasset
bulk-import-or-template-content	??	Content/__ExternalActors__/Cyberpunk/Maps/CyberAlley_WP/A/QB/6L80UDESXFGJVGF5OGITC4.uasset
bulk-import-or-template-content	??	Content/__ExternalActors__/Cyberpunk/Maps/CyberAlley_WP/A/QO/8LBCJYL9T7FY1M1BFTU5I5.uasset
bulk-import-or-template-content	??	Content/__ExternalActors__/Cyberpunk/Maps/CyberAlley_WP/A/R1/QTZO1FKEICFVK74OQ84FH7.uasset
bulk-import-or-template-content	??	Content/__ExternalActors__/Cyberpunk/Maps/CyberAlley_WP/A/RA/TEWKMF4PJ23NF31NHVNMA7.uasset
bulk-import-or-template-content	??	Content/__ExternalActors__/Cyberpunk/Maps/CyberAlley_WP/A/RF/RRVYT1RGB67GBJWMFQ8CDD.uasset
bulk-import-or-template-content	??	Content/__ExternalActors__/Cyberpunk/Maps/CyberAlley_WP/A/RP/85IIWR1EXX7BLI3OB8B5ZX.uasset
bulk-import-or-template-content	??	Content/__ExternalActors__/Cyberpunk/Maps/CyberAlley_WP/A/RY/XW24M6DJY77K4831XB4M68.uasset
bulk-import-or-template-content	??	Content/__ExternalActors__/Cyberpunk/Maps/CyberAlley_WP/A/S1/EWRXL1A8371E10QN00BCQJ.uasset
bulk-import-or-template-content	??	Content/__ExternalActors__/Cyberpunk/Maps/CyberAlley_WP/A/S2/0CJZJAFBPI9NZ83KDB3BU4.uasset
bulk-import-or-template-content	??	Content/__ExternalActors__/Cyberpunk/Maps/CyberAlley_WP/A/S2/H9CES4YS01HS5GR0F02PF0.uasset
bulk-import-or-template-content	??	Content/__ExternalActors__/Cyberpunk/Maps/CyberAlley_WP/A/SN/55XVTFKP753VTU7F2TBMPI.uasset
bulk-import-or-template-content	??	Content/__ExternalActors__/Cyberpunk/Maps/CyberAlley_WP/A/SY/VHV15MBITACX3JHLYN6IKT.uasset
bulk-import-or-template-content	??	Content/__ExternalActors__/Cyberpunk/Maps/CyberAlley_WP/A/TK/LACURPBN7VJQS9QDZMJTCO.uasset
bulk-import-or-template-content	??	Content/__ExternalActors__/Cyberpunk/Maps/CyberAlley_WP/A/TQ/X8HFOQQG4TNDWVK89GATIX.uasset
bulk-import-or-template-content	??	Content/__ExternalActors__/Cyberpunk/Maps/CyberAlley_WP/A/TX/CTBIHSU54BGOFVT6ULH377.uasset
bulk-import-or-template-content	??	Content/__ExternalActors__/Cyberpunk/Maps/CyberAlley_WP/A/UD/LQ1Z7TVYPPOJTKN67TAXWP.uasset
bulk-import-or-template-content	??	Content/__ExternalActors__/Cyberpunk/Maps/CyberAlley_WP/A/UU/KVKRY3IJWEMZN77SCD175C.uasset
bulk-import-or-template-content	??	Content/__ExternalActors__/Cyberpunk/Maps/CyberAlley_WP/A/UW/JWJZBGLE5M5LSPWP8TCRAF.uasset
bulk-import-or-template-content	??	Content/__ExternalActors__/Cyberpunk/Maps/CyberAlley_WP/A/UX/WTOHNMSM1Y9RR0C41E9DE5.uasset
bulk-import-or-template-content	??	Content/__ExternalActors__/Cyberpunk/Maps/CyberAlley_WP/A/VK/VRU2HMTJNOKOWG4RQ1KCQH.uasset
bulk-import-or-template-content	??	Content/__ExternalActors__/Cyberpunk/Maps/CyberAlley_WP/A/VQ/6SKYXB6A0S6E4ON0NPESLN.uasset
bulk-import-or-template-content	??	Content/__ExternalActors__/Cyberpunk/Maps/CyberAlley_WP/A/VQ/PKC2WT4D4HYFW8U5J6MHNE.uasset
bulk-import-or-template-content	??	Content/__ExternalActors__/Cyberpunk/Maps/CyberAlley_WP/A/W2/V6RTJC2MRCA0KJM4MLHQDH.uasset
bulk-import-or-template-content	??	Content/__ExternalActors__/Cyberpunk/Maps/CyberAlley_WP/A/W3/KF6EURW23H49EP1XJWMT84.uasset
bulk-import-or-template-content	??	Content/__ExternalActors__/Cyberpunk/Maps/CyberAlley_WP/A/W5/GFRIH54CSV9MIOIUS0TZTT.uasset
bulk-import-or-template-content	??	Content/__ExternalActors__/Cyberpunk/Maps/CyberAlley_WP/A/XF/O2XOT7Z5GC24PAIVKXLLOH.uasset
bulk-import-or-template-content	??	Content/__ExternalActors__/Cyberpunk/Maps/CyberAlley_WP/A/XL/NEV07H1JANGU5R2TUFB4TT.uasset
bulk-import-or-template-content	??	Content/__ExternalActors__/Cyberpunk/Maps/CyberAlley_WP/A/XM/AYH830WX0W7T8H9ZLBS907.uasset
bulk-import-or-template-content	??	Content/__ExternalActors__/Cyberpunk/Maps/CyberAlley_WP/A/XQ/0EIDE9LKLDH1JUS9BY8T7O.uasset
bulk-import-or-template-content	??	Content/__ExternalActors__/Cyberpunk/Maps/CyberAlley_WP/A/XY/MTWUVMU8OMCCLUGW262X1T.uasset
bulk-import-or-template-content	??	Content/__ExternalActors__/Cyberpunk/Maps/CyberAlley_WP/A/Y4/ZVXROQYCRDRRH4W3X36OTU.uasset
bulk-import-or-template-content	??	Content/__ExternalActors__/Cyberpunk/Maps/CyberAlley_WP/A/YA/GP7M2K31WW1U6TGWU0TSDV.uasset
bulk-import-or-template-content	??	Content/__ExternalActors__/Cyberpunk/Maps/CyberAlley_WP/A/YB/43GT7QHIGDA5VIHVC46FTX.uasset
bulk-import-or-template-content	??	Content/__ExternalActors__/Cyberpunk/Maps/CyberAlley_WP/A/Z0/FZ95782WIKLFBYGYE23UHO.uasset
bulk-import-or-template-content	??	Content/__ExternalActors__/Cyberpunk/Maps/CyberAlley_WP/A/Z3/C7RVHG1V3195L9PTWDXUYC.uasset
bulk-import-or-template-content	??	Content/__ExternalActors__/Cyberpunk/Maps/CyberAlley_WP/A/Z5/8GTQ5XYAKA66Q3F7DSUX6U.uasset
bulk-import-or-template-content	??	Content/__ExternalActors__/Cyberpunk/Maps/CyberAlley_WP/A/ZA/4R28NESK4PUI311MVRUTJ8.uasset
bulk-import-or-template-content	??	Content/__ExternalActors__/Cyberpunk/Maps/CyberAlley_WP/A/ZK/OY5S3F2BSNAT2TUDON0PDM.uasset
bulk-import-or-template-content	??	Content/__ExternalActors__/Cyberpunk/Maps/CyberAlley_WP/A/ZU/QKABYJOWCAZAB2D6G9V4DA.uasset
bulk-import-or-template-content	??	Content/__ExternalActors__/Cyberpunk/Maps/CyberAlley_WP/A/ZW/7WV6DY9Y7DAPYEYX25RSXZ.uasset
bulk-import-or-template-content	??	Content/__ExternalActors__/Cyberpunk/Maps/CyberAlley_WP/B/05/V99KPBYGW95UGPP6K7CGTL.uasset
bulk-import-or-template-content	??	Content/__ExternalActors__/Cyberpunk/Maps/CyberAlley_WP/B/0F/CBK8650D4XIGG4MIEPF0YC.uasset
bulk-import-or-template-content	??	Content/__ExternalActors__/Cyberpunk/Maps/CyberAlley_WP/B/14/XN26GAZPPV7X8HRU0I6R50.uasset
bulk-import-or-template-content	??	Content/__ExternalActors__/Cyberpunk/Maps/CyberAlley_WP/B/1E/74ABSQARWJFD9M6D21W103.uasset
bulk-import-or-template-content	??	Content/__ExternalActors__/Cyberpunk/Maps/CyberAlley_WP/B/1Q/2CQ5NPOW4IZMI5CBCVG1T8.uasset
bulk-import-or-template-content	??	Content/__ExternalActors__/Cyberpunk/Maps/CyberAlley_WP/B/21/SQRM8MBH8M9TVMUU0171O1.uasset
bulk-import-or-template-content	??	Content/__ExternalActors__/Cyberpunk/Maps/CyberAlley_WP/B/35/BS20C8L01RWBQYYQHII6IL.uasset
bulk-import-or-template-content	??	Content/__ExternalActors__/Cyberpunk/Maps/CyberAlley_WP/B/3I/HO0AQUS3VXAUIMUEG9DJQ8.uasset
bulk-import-or-template-content	??	Content/__ExternalActors__/Cyberpunk/Maps/CyberAlley_WP/B/3Q/VLRQI8MTRD28FBIFE7P7LM.uasset
bulk-import-or-template-content	??	Content/__ExternalActors__/Cyberpunk/Maps/CyberAlley_WP/B/3U/R60L5MB27SN5GZOF1N10MN.uasset
bulk-import-or-template-content	??	Content/__ExternalActors__/Cyberpunk/Maps/CyberAlley_WP/B/4G/I27IDD60FZAO3XE9L52CTP.uasset
bulk-import-or-template-content	??	Content/__ExternalActors__/Cyberpunk/Maps/CyberAlley_WP/B/4L/Z6W539I0Z63IZ6MEOGVLUU.uasset
bulk-import-or-template-content	??	Content/__ExternalActors__/Cyberpunk/Maps/CyberAlley_WP/B/4M/ISIC1XRT11P82CWV8NEY7P.uasset
bulk-import-or-template-content	??	Content/__ExternalActors__/Cyberpunk/Maps/CyberAlley_WP/B/4V/DNOAHNC11KDHP5XM8KJIBF.uasset
bulk-import-or-template-content	??	Content/__ExternalActors__/Cyberpunk/Maps/CyberAlley_WP/B/4W/BPTQT3KCCUC974VD4HHX3L.uasset
bulk-import-or-template-content	??	Content/__ExternalActors__/Cyberpunk/Maps/CyberAlley_WP/B/5G/SQX4D61E7OY14FYB4P6WZK.uasset
bulk-import-or-template-content	??	Content/__ExternalActors__/Cyberpunk/Maps/CyberAlley_WP/B/6H/3P3VNG4OOBXRGZQ2LP0XUS.uasset
bulk-import-or-template-content	??	Content/__ExternalActors__/Cyberpunk/Maps/CyberAlley_WP/B/80/R15MOKG3HTLPECSNXJNBFV.uasset
bulk-import-or-template-content	??	Content/__ExternalActors__/Cyberpunk/Maps/CyberAlley_WP/B/83/BHGRBGWEUQA6F1JGEDIJVM.uasset
bulk-import-or-template-content	??	Content/__ExternalActors__/Cyberpunk/Maps/CyberAlley_WP/B/86/LD6IZ6BWQWNZ38B1IGCKR7.uasset
bulk-import-or-template-content	??	Content/__ExternalActors__/Cyberpunk/Maps/CyberAlley_WP/B/8H/V9SMAM3NOT7ETBHOT3ZCZX.uasset
bulk-import-or-template-content	??	Content/__ExternalActors__/Cyberpunk/Maps/CyberAlley_WP/B/8T/7DNEZKZNTHREBXX0PA52C6.uasset
bulk-import-or-template-content	??	Content/__ExternalActors__/Cyberpunk/Maps/CyberAlley_WP/B/95/5LJ5I1JKDI7634OUDEZG2M.uasset
bulk-import-or-template-content	??	Content/__ExternalActors__/Cyberpunk/Maps/CyberAlley_WP/B/98/T1QWIF8UFW354B9RRAX2HY.uasset
bulk-import-or-template-content	??	Content/__ExternalActors__/Cyberpunk/Maps/CyberAlley_WP/B/9F/MQJSX8D4KSN19LX5ORW9YF.uasset
bulk-import-or-template-content	??	Content/__ExternalActors__/Cyberpunk/Maps/CyberAlley_WP/B/9K/QLL3BMLE3RU3VK7BKMS867.uasset
bulk-import-or-template-content	??	Content/__ExternalActors__/Cyberpunk/Maps/CyberAlley_WP/B/9P/741XP57JVPHY84SXEXBKAH.uasset
bulk-import-or-template-content	??	Content/__ExternalActors__/Cyberpunk/Maps/CyberAlley_WP/B/9U/F45BBO9PFJ3OLDAU9CPRSV.uasset
bulk-import-or-template-content	??	Content/__ExternalActors__/Cyberpunk/Maps/CyberAlley_WP/B/9V/AXAZ3TVAGEQTCEJSYZM8MI.uasset
bulk-import-or-template-content	??	Content/__ExternalActors__/Cyberpunk/Maps/CyberAlley_WP/B/A7/VEFVY792XYZ060QPOLJX3Z.uasset
bulk-import-or-template-content	??	Content/__ExternalActors__/Cyberpunk/Maps/CyberAlley_WP/B/AC/BPAERMA1I3AWFF4VG5Y6W6.uasset
bulk-import-or-template-content	??	Content/__ExternalActors__/Cyberpunk/Maps/CyberAlley_WP/B/AD/ECBUTM8WHZBM8G9GT7OL94.uasset
bulk-import-or-template-content	??	Content/__ExternalActors__/Cyberpunk/Maps/CyberAlley_WP/B/AX/WD61K63EA2Z50WOB9JBN7C.uasset
bulk-import-or-template-content	??	Content/__ExternalActors__/Cyberpunk/Maps/CyberAlley_WP/B/B8/2J52T3OEE7MJIHTC8F0XFQ.uasset
bulk-import-or-template-content	??	Content/__ExternalActors__/Cyberpunk/Maps/CyberAlley_WP/B/B9/H4P0OS8AHJIR5H2RXAM6LV.uasset
bulk-import-or-template-content	??	Content/__ExternalActors__/Cyberpunk/Maps/CyberAlley_WP/B/BT/3WFTXR81RR2J4643DLGE8C.uasset
bulk-import-or-template-content	??	Content/__ExternalActors__/Cyberpunk/Maps/CyberAlley_WP/B/CK/8OOPIZL5RDDY9X78MMOZFJ.uasset
bulk-import-or-template-content	??	Content/__ExternalActors__/Cyberpunk/Maps/CyberAlley_WP/B/CM/ZY3JF18KOYLLGB44MPNQHY.uasset
bulk-import-or-template-content	??	Content/__ExternalActors__/Cyberpunk/Maps/CyberAlley_WP/B/D1/PKT4YZSIKEKDH82V2Z4VPF.uasset
bulk-import-or-template-content	??	Content/__ExternalActors__/Cyberpunk/Maps/CyberAlley_WP/B/D3/QL4N9G035YIDTFZWQ12J8H.uasset
bulk-import-or-template-content	??	Content/__ExternalActors__/Cyberpunk/Maps/CyberAlley_WP/B/DD/C5FP2EJ2ZJSOGFYEGSUVB9.uasset
bulk-import-or-template-content	??	Content/__ExternalActors__/Cyberpunk/Maps/CyberAlley_WP/B/DT/CMETH79DMA1LUTV45A46CD.uasset
bulk-import-or-template-content	??	Content/__ExternalActors__/Cyberpunk/Maps/CyberAlley_WP/B/E8/PAESW8H80H6DE22USZHTGP.uasset
bulk-import-or-template-content	??	Content/__ExternalActors__/Cyberpunk/Maps/CyberAlley_WP/B/ER/2INT2W00KO5TG0PH6HCL9Z.uasset
bulk-import-or-template-content	??	Content/__ExternalActors__/Cyberpunk/Maps/CyberAlley_WP/B/FL/OKOFKOHMNDHR9OMY5YJCJ1.uasset
bulk-import-or-template-content	??	Content/__ExternalActors__/Cyberpunk/Maps/CyberAlley_WP/B/FX/E7IUBB7397Y2Y2IALOBCSM.uasset
bulk-import-or-template-content	??	Content/__ExternalActors__/Cyberpunk/Maps/CyberAlley_WP/B/FZ/5R1TTPOVVCV80DT996ZROE.uasset
bulk-import-or-template-content	??	Content/__ExternalActors__/Cyberpunk/Maps/CyberAlley_WP/B/G5/ASNTO3AT8G3DTQZGJMO2SG.uasset
bulk-import-or-template-content	??	Content/__ExternalActors__/Cyberpunk/Maps/CyberAlley_WP/B/GG/220J0CSQQMG422T535EXLI.uasset
bulk-import-or-template-content	??	Content/__ExternalActors__/Cyberpunk/Maps/CyberAlley_WP/B/GI/MCBO7L53U6GLBX45HYEU0M.uasset
bulk-import-or-template-content	??	Content/__ExternalActors__/Cyberpunk/Maps/CyberAlley_WP/B/GK/UUT2M12VVKDTEDT9595489.uasset
bulk-import-or-template-content	??	Content/__ExternalActors__/Cyberpunk/Maps/CyberAlley_WP/B/H3/11ZJFELH2YXKN4FX0S1E1U.uasset
bulk-import-or-template-content	??	Content/__ExternalActors__/Cyberpunk/Maps/CyberAlley_WP/B/H3/629BXTE572SAQ3EBGLHGA5.uasset
bulk-import-or-template-content	??	Content/__ExternalActors__/Cyberpunk/Maps/CyberAlley_WP/B/HE/31S73956L2QV7EFKBTCCYZ.uasset
bulk-import-or-template-content	??	Content/__ExternalActors__/Cyberpunk/Maps/CyberAlley_WP/B/HF/7BGQW8XZETLW9AFJ2QSDK2.uasset
bulk-import-or-template-content	??	Content/__ExternalActors__/Cyberpunk/Maps/CyberAlley_WP/B/HG/PQGSAHWLSZXU1LGIKGESRB.uasset
bulk-import-or-template-content	??	Content/__ExternalActors__/Cyberpunk/Maps/CyberAlley_WP/B/HJ/N49GLZC1E1NXW4VM9P2UMH.uasset
bulk-import-or-template-content	??	Content/__ExternalActors__/Cyberpunk/Maps/CyberAlley_WP/B/HT/4YOL1G86V4Q54HNINB02QK.uasset
bulk-import-or-template-content	??	Content/__ExternalActors__/Cyberpunk/Maps/CyberAlley_WP/B/I7/453LF09TUGSPYI36ANDU79.uasset
bulk-import-or-template-content	??	Content/__ExternalActors__/Cyberpunk/Maps/CyberAlley_WP/B/IR/R8SGHOHVW48PCWY8GERN56.uasset
bulk-import-or-template-content	??	Content/__ExternalActors__/Cyberpunk/Maps/CyberAlley_WP/B/IS/8IT2YYN0OQ9NGJX7QO66Y5.uasset
bulk-import-or-template-content	??	Content/__ExternalActors__/Cyberpunk/Maps/CyberAlley_WP/B/IU/O1PTKOVRJM0CH54PAM9H17.uasset
bulk-import-or-template-content	??	Content/__ExternalActors__/Cyberpunk/Maps/CyberAlley_WP/B/IX/IM1LJ1DWGMYK9JTNGNCWDA.uasset
bulk-import-or-template-content	??	Content/__ExternalActors__/Cyberpunk/Maps/CyberAlley_WP/B/J2/XXKLSK7DILSQP7JWHXGF23.uasset
bulk-import-or-template-content	??	Content/__ExternalActors__/Cyberpunk/Maps/CyberAlley_WP/B/JA/H69H13T1WJCRMSZ2JNAUAY.uasset
bulk-import-or-template-content	??	Content/__ExternalActors__/Cyberpunk/Maps/CyberAlley_WP/B/K5/5FYMH6CXVHE6JPWXAJO1ED.uasset
bulk-import-or-template-content	??	Content/__ExternalActors__/Cyberpunk/Maps/CyberAlley_WP/B/K6/2NP5JEZLJMO3EVRTXNQJGX.uasset
bulk-import-or-template-content	??	Content/__ExternalActors__/Cyberpunk/Maps/CyberAlley_WP/B/KX/1CIDVE3ZGJMWTK1E7HTWE3.uasset
bulk-import-or-template-content	??	Content/__ExternalActors__/Cyberpunk/Maps/CyberAlley_WP/B/L5/TX19D0KX80HBGR51PU392F.uasset
bulk-import-or-template-content	??	Content/__ExternalActors__/Cyberpunk/Maps/CyberAlley_WP/B/L7/P8Y4B4WQWCMU5P8OA5WZV1.uasset
bulk-import-or-template-content	??	Content/__ExternalActors__/Cyberpunk/Maps/CyberAlley_WP/B/L8/5RMGMIK0ZUMJ76GZM2KPZ2.uasset
bulk-import-or-template-content	??	Content/__ExternalActors__/Cyberpunk/Maps/CyberAlley_WP/B/LJ/HRFFJRRB59CFMBV175JU26.uasset
bulk-import-or-template-content	??	Content/__ExternalActors__/Cyberpunk/Maps/CyberAlley_WP/B/LL/JBYG8YMBWC7RJ7J29OSAHK.uasset
bulk-import-or-template-content	??	Content/__ExternalActors__/Cyberpunk/Maps/CyberAlley_WP/B/MJ/XDMT7SWNVAOUI3N9ZL5EWX.uasset
bulk-import-or-template-content	??	Content/__ExternalActors__/Cyberpunk/Maps/CyberAlley_WP/B/ML/ZX9197OST2C3DITHJ5XKCJ.uasset
bulk-import-or-template-content	??	Content/__ExternalActors__/Cyberpunk/Maps/CyberAlley_WP/B/MP/JT0O9Q4DHYT35UU1FC5WB0.uasset
bulk-import-or-template-content	??	Content/__ExternalActors__/Cyberpunk/Maps/CyberAlley_WP/B/MV/N4RZKUM6PGH6LPG2A3ZWP2.uasset
bulk-import-or-template-content	??	Content/__ExternalActors__/Cyberpunk/Maps/CyberAlley_WP/B/ND/D0F3GWFE5STT4GBRGFECUY.uasset
bulk-import-or-template-content	??	Content/__ExternalActors__/Cyberpunk/Maps/CyberAlley_WP/B/NE/K0NMWVG6RJRK44BLFU1GOJ.uasset
bulk-import-or-template-content	??	Content/__ExternalActors__/Cyberpunk/Maps/CyberAlley_WP/B/NI/HAKG19IDQZR3LKNUML6VNF.uasset
bulk-import-or-template-content	??	Content/__ExternalActors__/Cyberpunk/Maps/CyberAlley_WP/B/NO/40KOQK3W6HTE8QFBQDYDDR.uasset
bulk-import-or-template-content	??	Content/__ExternalActors__/Cyberpunk/Maps/CyberAlley_WP/B/OO/M2VI1OE5GYFUB5ORHINWPH.uasset
bulk-import-or-template-content	??	Content/__ExternalActors__/Cyberpunk/Maps/CyberAlley_WP/B/P7/S3L84VKE8CTL0EQCLPQWZ1.uasset
bulk-import-or-template-content	??	Content/__ExternalActors__/Cyberpunk/Maps/CyberAlley_WP/B/PF/TZNLM1L9X5YOV79ZKU203Z.uasset
bulk-import-or-template-content	??	Content/__ExternalActors__/Cyberpunk/Maps/CyberAlley_WP/B/PH/BL9YEVWQOF5F7FBDX3PUN8.uasset
bulk-import-or-template-content	??	Content/__ExternalActors__/Cyberpunk/Maps/CyberAlley_WP/B/PK/DSOYOO1CM7ZLH2D9F8K1JY.uasset
bulk-import-or-template-content	??	Content/__ExternalActors__/Cyberpunk/Maps/CyberAlley_WP/B/PM/1RLO7S3GF57WOLQ18GJBNG.uasset
bulk-import-or-template-content	??	Content/__ExternalActors__/Cyberpunk/Maps/CyberAlley_WP/B/PM/NUGAJ4SHVU55U7SFU3EQTY.uasset
bulk-import-or-template-content	??	Content/__ExternalActors__/Cyberpunk/Maps/CyberAlley_WP/B/QH/PT6R4DNUMYL1N5ATX249XI.uasset
bulk-import-or-template-content	??	Content/__ExternalActors__/Cyberpunk/Maps/CyberAlley_WP/B/R7/YHWT23CR14UXVELT3HZM01.uasset
bulk-import-or-template-content	??	Content/__ExternalActors__/Cyberpunk/Maps/CyberAlley_WP/B/RA/2UOY1DF4RBA8Q1AOFZSLPU.uasset
bulk-import-or-template-content	??	Content/__ExternalActors__/Cyberpunk/Maps/CyberAlley_WP/B/SE/6RITIUL5TT1G8XUBLBEJGP.uasset
bulk-import-or-template-content	??	Content/__ExternalActors__/Cyberpunk/Maps/CyberAlley_WP/B/SJ/RHJTONBFBI5AJ0HLUK3KVB.uasset
bulk-import-or-template-content	??	Content/__ExternalActors__/Cyberpunk/Maps/CyberAlley_WP/B/SW/9U21LU8U1ZAFICO2W6M9GQ.uasset
bulk-import-or-template-content	??	Content/__ExternalActors__/Cyberpunk/Maps/CyberAlley_WP/B/TA/DR1O3F3JVPVO261UE27FDD.uasset
bulk-import-or-template-content	??	Content/__ExternalActors__/Cyberpunk/Maps/CyberAlley_WP/B/TE/J68GAZ6SNHWRXCZ6WKTBED.uasset
bulk-import-or-template-content	??	Content/__ExternalActors__/Cyberpunk/Maps/CyberAlley_WP/B/TH/DPEJOKYUN0VH7G3KZHQZT4.uasset
bulk-import-or-template-content	??	Content/__ExternalActors__/Cyberpunk/Maps/CyberAlley_WP/B/U3/EXEWHMXYZY1B0KX48RJUWD.uasset
bulk-import-or-template-content	??	Content/__ExternalActors__/Cyberpunk/Maps/CyberAlley_WP/B/UA/4XFRDF7EHVCO042RRE8WIC.uasset
bulk-import-or-template-content	??	Content/__ExternalActors__/Cyberpunk/Maps/CyberAlley_WP/B/UM/7JE4O5NWRX4LPTCARB13JC.uasset
bulk-import-or-template-content	??	Content/__ExternalActors__/Cyberpunk/Maps/CyberAlley_WP/B/V5/RNK07RYAIUEH1V749AUSD4.uasset
bulk-import-or-template-content	??	Content/__ExternalActors__/Cyberpunk/Maps/CyberAlley_WP/B/VN/1DOLCGPNV88O5QOGN8WXX3.uasset
bulk-import-or-template-content	??	Content/__ExternalActors__/Cyberpunk/Maps/CyberAlley_WP/B/W2/VMNGKSHUKT1UJRVNN9WW81.uasset
bulk-import-or-template-content	??	Content/__ExternalActors__/Cyberpunk/Maps/CyberAlley_WP/B/WE/BX2GGIBAMQB5M4NYHIXHCZ.uasset
bulk-import-or-template-content	??	Content/__ExternalActors__/Cyberpunk/Maps/CyberAlley_WP/B/WG/OMNV1NR2XUHAP2XKL4YHD6.uasset
bulk-import-or-template-content	??	Content/__ExternalActors__/Cyberpunk/Maps/CyberAlley_WP/B/WU/51VU439TCUOO4TM0RHT9JB.uasset
bulk-import-or-template-content	??	Content/__ExternalActors__/Cyberpunk/Maps/CyberAlley_WP/B/X1/NHD8TQW8HNF76BM6U28E9W.uasset
bulk-import-or-template-content	??	Content/__ExternalActors__/Cyberpunk/Maps/CyberAlley_WP/B/XE/URZ7GZFU0A60NZDPBJ82FW.uasset
bulk-import-or-template-content	??	Content/__ExternalActors__/Cyberpunk/Maps/CyberAlley_WP/B/XK/GLNJFF2R5UQJESBZXVDQY8.uasset
bulk-import-or-template-content	??	Content/__ExternalActors__/Cyberpunk/Maps/CyberAlley_WP/B/Y4/T48I5XH10PNHFXLHQ4VO10.uasset
bulk-import-or-template-content	??	Content/__ExternalActors__/Cyberpunk/Maps/CyberAlley_WP/B/Y6/LQZ3S9ZZZ4BNV77AWOKJ80.uasset
bulk-import-or-template-content	??	Content/__ExternalActors__/Cyberpunk/Maps/CyberAlley_WP/B/YX/ODRSYV77GY5QCOSAOWIYLP.uasset
bulk-import-or-template-content	??	Content/__ExternalActors__/Cyberpunk/Maps/CyberAlley_WP/B/Z0/4HSVACW8G3X7DVHHZ0ZP33.uasset
bulk-import-or-template-content	??	Content/__ExternalActors__/Cyberpunk/Maps/CyberAlley_WP/B/Z1/BG54PMF9UEYRNAEEXHUV1U.uasset
bulk-import-or-template-content	??	Content/__ExternalActors__/Cyberpunk/Maps/CyberAlley_WP/B/Z4/UB9KCJKCZ7DXYU7BQRA4IA.uasset
bulk-import-or-template-content	??	Content/__ExternalActors__/Cyberpunk/Maps/CyberAlley_WP/B/ZG/SZCED89OEZTTB90RX5KBN4.uasset
bulk-import-or-template-content	??	Content/__ExternalActors__/Cyberpunk/Maps/CyberAlley_WP/B/ZP/YNQFOIGVF991AWL0CH9WEM.uasset
bulk-import-or-template-content	??	Content/__ExternalActors__/Cyberpunk/Maps/CyberAlley_WP/C/03/1RTVIN6E5M3D1JIW0WRDEI.uasset
bulk-import-or-template-content	??	Content/__ExternalActors__/Cyberpunk/Maps/CyberAlley_WP/C/06/O48ZCDYL2JEHCI3A780S30.uasset
bulk-import-or-template-content	??	Content/__ExternalActors__/Cyberpunk/Maps/CyberAlley_WP/C/0M/9BV8RJ2M2Z9LS6PUI9Y41T.uasset
bulk-import-or-template-content	??	Content/__ExternalActors__/Cyberpunk/Maps/CyberAlley_WP/C/11/VY6CRW7OJMN25M7XCDCQLA.uasset
bulk-import-or-template-content	??	Content/__ExternalActors__/Cyberpunk/Maps/CyberAlley_WP/C/1P/FLH9PIHR6TQQR58EXNPSEV.uasset
bulk-import-or-template-content	??	Content/__ExternalActors__/Cyberpunk/Maps/CyberAlley_WP/C/24/J7IMLSVTYCQJZFQ0J66WCH.uasset
bulk-import-or-template-content	??	Content/__ExternalActors__/Cyberpunk/Maps/CyberAlley_WP/C/2C/T9B0LJNAPMOU288DFVZLWP.uasset
bulk-import-or-template-content	??	Content/__ExternalActors__/Cyberpunk/Maps/CyberAlley_WP/C/2D/N31TDI76FD7AKNQERKGGAF.uasset
bulk-import-or-template-content	??	Content/__ExternalActors__/Cyberpunk/Maps/CyberAlley_WP/C/2F/4VSMGQ8PD4H2FCTMMEPEMZ.uasset
bulk-import-or-template-content	??	Content/__ExternalActors__/Cyberpunk/Maps/CyberAlley_WP/C/2H/KU6ENRZPLUIXK6LB82DPG9.uasset
bulk-import-or-template-content	??	Content/__ExternalActors__/Cyberpunk/Maps/CyberAlley_WP/C/2O/6C63AT9VJDHFTVZVHW0XHV.uasset
bulk-import-or-template-content	??	Content/__ExternalActors__/Cyberpunk/Maps/CyberAlley_WP/C/2Q/SNHWQAAKHU2JH4778O8DIR.uasset
bulk-import-or-template-content	??	Content/__ExternalActors__/Cyberpunk/Maps/CyberAlley_WP/C/2X/RW0I483ID3C7LJLC1D7NYC.uasset
bulk-import-or-template-content	??	Content/__ExternalActors__/Cyberpunk/Maps/CyberAlley_WP/C/3E/XANB6G1OQ4DG4K4GPX71TU.uasset
bulk-import-or-template-content	??	Content/__ExternalActors__/Cyberpunk/Maps/CyberAlley_WP/C/40/PJID5XQZMSTURW3J8HC7YJ.uasset
bulk-import-or-template-content	??	Content/__ExternalActors__/Cyberpunk/Maps/CyberAlley_WP/C/4O/CLUMN4NTAFB67UYAZIPRUF.uasset
bulk-import-or-template-content	??	Content/__ExternalActors__/Cyberpunk/Maps/CyberAlley_WP/C/4R/3UNF7E0F5BYGKCPYHZ5Z5Z.uasset
bulk-import-or-template-content	??	Content/__ExternalActors__/Cyberpunk/Maps/CyberAlley_WP/C/4W/PEKSCFDLCHXZSJYWU00B8R.uasset
bulk-import-or-template-content	??	Content/__ExternalActors__/Cyberpunk/Maps/CyberAlley_WP/C/54/0J2XZR4CIXNMN63WWMO82O.uasset
bulk-import-or-template-content	??	Content/__ExternalActors__/Cyberpunk/Maps/CyberAlley_WP/C/55/EFO9LNAUD5PTEOY5S8KK5H.uasset
bulk-import-or-template-content	??	Content/__ExternalActors__/Cyberpunk/Maps/CyberAlley_WP/C/5K/1K5G0ZSRBXDE5HGBVMY6I0.uasset
bulk-import-or-template-content	??	Content/__ExternalActors__/Cyberpunk/Maps/CyberAlley_WP/C/5M/1CBM4MHH5WF54ARZ1OKYO3.uasset
bulk-import-or-template-content	??	Content/__ExternalActors__/Cyberpunk/Maps/CyberAlley_WP/C/5T/WVYV3LWA4S4F72OJ4DHNC9.uasset
bulk-import-or-template-content	??	Content/__ExternalActors__/Cyberpunk/Maps/CyberAlley_WP/C/6A/JMKDQFDJATIKW1UORECEPP.uasset
bulk-import-or-template-content	??	Content/__ExternalActors__/Cyberpunk/Maps/CyberAlley_WP/C/6L/OB3OFXY4E0RSAA8YB2KVQL.uasset
bulk-import-or-template-content	??	Content/__ExternalActors__/Cyberpunk/Maps/CyberAlley_WP/C/7H/3FU8JVQK6HFLNMZLDHI8MJ.uasset
bulk-import-or-template-content	??	Content/__ExternalActors__/Cyberpunk/Maps/CyberAlley_WP/C/7Q/2XULRSY7NJNDI1YOSS0PCU.uasset
bulk-import-or-template-content	??	Content/__ExternalActors__/Cyberpunk/Maps/CyberAlley_WP/C/8E/3YE6H6DAU5IS1C9UOB4G5P.uasset
bulk-import-or-template-content	??	Content/__ExternalActors__/Cyberpunk/Maps/CyberAlley_WP/C/8F/C85SNR94SKDOIUC7YWZRSZ.uasset
bulk-import-or-template-content	??	Content/__ExternalActors__/Cyberpunk/Maps/CyberAlley_WP/C/8J/09UR7EJHSYWQPXHHB9RLPU.uasset
bulk-import-or-template-content	??	Content/__ExternalActors__/Cyberpunk/Maps/CyberAlley_WP/C/8N/K29UUBIVTDIIAUW8NLQV7S.uasset
bulk-import-or-template-content	??	Content/__ExternalActors__/Cyberpunk/Maps/CyberAlley_WP/C/8T/F25GZK9PI1ZLBAPVWYMGRG.uasset
bulk-import-or-template-content	??	Content/__ExternalActors__/Cyberpunk/Maps/CyberAlley_WP/C/8W/3CBAPAKONYRZK4E4U5JIK6.uasset
bulk-import-or-template-content	??	Content/__ExternalActors__/Cyberpunk/Maps/CyberAlley_WP/C/9E/XN009TML7R3QO03DYASSLB.uasset
bulk-import-or-template-content	??	Content/__ExternalActors__/Cyberpunk/Maps/CyberAlley_WP/C/9N/YABSF89XVV9Z3WN5EWJ11F.uasset
bulk-import-or-template-content	??	Content/__ExternalActors__/Cyberpunk/Maps/CyberAlley_WP/C/A0/I5A57ZH3W7VEG4W35J8AZU.uasset
bulk-import-or-template-content	??	Content/__ExternalActors__/Cyberpunk/Maps/CyberAlley_WP/C/A1/YG36MXHOBL8O44FG6JO4JB.uasset
bulk-import-or-template-content	??	Content/__ExternalActors__/Cyberpunk/Maps/CyberAlley_WP/C/B9/3CC4W0U4N8OIZFRUWU4E1C.uasset
bulk-import-or-template-content	??	Content/__ExternalActors__/Cyberpunk/Maps/CyberAlley_WP/C/BB/1U97BNZAJB4PHEDKHKTE8G.uasset
bulk-import-or-template-content	??	Content/__ExternalActors__/Cyberpunk/Maps/CyberAlley_WP/C/BC/5JT4O5UK87KN8OBKHUK8S5.uasset
bulk-import-or-template-content	??	Content/__ExternalActors__/Cyberpunk/Maps/CyberAlley_WP/C/BE/2RRBLUO0YH750EFEVRQE5K.uasset
bulk-import-or-template-content	??	Content/__ExternalActors__/Cyberpunk/Maps/CyberAlley_WP/C/CH/6J5RBET3ML7JOZACBMJK35.uasset
bulk-import-or-template-content	??	Content/__ExternalActors__/Cyberpunk/Maps/CyberAlley_WP/C/D7/SVF97CZ5J57K0Y1DM4WBI1.uasset
bulk-import-or-template-content	??	Content/__ExternalActors__/Cyberpunk/Maps/CyberAlley_WP/C/D8/JMCO8ACXSMYL5ZNYBZA3P0.uasset
bulk-import-or-template-content	??	Content/__ExternalActors__/Cyberpunk/Maps/CyberAlley_WP/C/DB/6BIHL2U55PC4CUQAAHQ392.uasset
bulk-import-or-template-content	??	Content/__ExternalActors__/Cyberpunk/Maps/CyberAlley_WP/C/DM/IE862RHU09XV0DQFOX7KS1.uasset
bulk-import-or-template-content	??	Content/__ExternalActors__/Cyberpunk/Maps/CyberAlley_WP/C/DV/DK5WWC247450HGJKGA1S1U.uasset
bulk-import-or-template-content	??	Content/__ExternalActors__/Cyberpunk/Maps/CyberAlley_WP/C/ED/1D7CQI4KODL4ILHVYPVVEN.uasset
bulk-import-or-template-content	??	Content/__ExternalActors__/Cyberpunk/Maps/CyberAlley_WP/C/EG/F0L1ZC7FFUDI7EK9FPI9X4.uasset
bulk-import-or-template-content	??	Content/__ExternalActors__/Cyberpunk/Maps/CyberAlley_WP/C/ES/82Y1688DZS19EJEYU7TTUB.uasset
bulk-import-or-template-content	??	Content/__ExternalActors__/Cyberpunk/Maps/CyberAlley_WP/C/FD/B8MUHVM3Y36P8NFJ0GKVZ7.uasset
bulk-import-or-template-content	??	Content/__ExternalActors__/Cyberpunk/Maps/CyberAlley_WP/C/FH/3LB6SRX35VPQ1U9M7NQ0VN.uasset
bulk-import-or-template-content	??	Content/__ExternalActors__/Cyberpunk/Maps/CyberAlley_WP/C/FI/RQ1S6TGBQP3A00II51R86D.uasset
bulk-import-or-template-content	??	Content/__ExternalActors__/Cyberpunk/Maps/CyberAlley_WP/C/FV/U0GC0ELPSAR4OOMP02L77X.uasset
bulk-import-or-template-content	??	Content/__ExternalActors__/Cyberpunk/Maps/CyberAlley_WP/C/FZ/3Z3COBM5JQ8BBIEV3CJ2LJ.uasset
bulk-import-or-template-content	??	Content/__ExternalActors__/Cyberpunk/Maps/CyberAlley_WP/C/GA/OWD4WC7IUXBMTS13Z68NNB.uasset
bulk-import-or-template-content	??	Content/__ExternalActors__/Cyberpunk/Maps/CyberAlley_WP/C/GD/TRMFFJNIAANRFRS6MPL0UY.uasset
bulk-import-or-template-content	??	Content/__ExternalActors__/Cyberpunk/Maps/CyberAlley_WP/C/GQ/JKV48Y5FAZC48RX3Z1VK7W.uasset
bulk-import-or-template-content	??	Content/__ExternalActors__/Cyberpunk/Maps/CyberAlley_WP/C/H0/2SC33ZYHMMSZ4J9FLKENUT.uasset
bulk-import-or-template-content	??	Content/__ExternalActors__/Cyberpunk/Maps/CyberAlley_WP/C/H2/EXYP3Z05SWD1B7OFL7JCE6.uasset
bulk-import-or-template-content	??	Content/__ExternalActors__/Cyberpunk/Maps/CyberAlley_WP/C/HC/7SQZUN3W00H741FNC7LLLI.uasset
bulk-import-or-template-content	??	Content/__ExternalActors__/Cyberpunk/Maps/CyberAlley_WP/C/HR/TA1PI23VC3E0I04XAYXD2Q.uasset
bulk-import-or-template-content	??	Content/__ExternalActors__/Cyberpunk/Maps/CyberAlley_WP/C/ID/SAQT8YL64ADUR4C0HSLHR2.uasset
bulk-import-or-template-content	??	Content/__ExternalActors__/Cyberpunk/Maps/CyberAlley_WP/C/IN/47X5FOE48HUCOO6M7H4BL1.uasset
bulk-import-or-template-content	??	Content/__ExternalActors__/Cyberpunk/Maps/CyberAlley_WP/C/IP/C31HXXYS4ODQ2ZDRZ8ON7F.uasset
bulk-import-or-template-content	??	Content/__ExternalActors__/Cyberpunk/Maps/CyberAlley_WP/C/IR/BYINIQQSD1U867MJ0XTPPQ.uasset
bulk-import-or-template-content	??	Content/__ExternalActors__/Cyberpunk/Maps/CyberAlley_WP/C/J2/S0XJZOAOVLRQP2ED0K78W8.uasset
bulk-import-or-template-content	??	Content/__ExternalActors__/Cyberpunk/Maps/CyberAlley_WP/C/J9/SESRVR260XW6BA2IKUEBFJ.uasset
bulk-import-or-template-content	??	Content/__ExternalActors__/Cyberpunk/Maps/CyberAlley_WP/C/JI/SR2YANYNCRVYBX9SGFDEFV.uasset
bulk-import-or-template-content	??	Content/__ExternalActors__/Cyberpunk/Maps/CyberAlley_WP/C/KY/XMO3SDHU17GDV29OYKFWKM.uasset
bulk-import-or-template-content	??	Content/__ExternalActors__/Cyberpunk/Maps/CyberAlley_WP/C/L3/XSLJO78XNDCILRX2SD002B.uasset
bulk-import-or-template-content	??	Content/__ExternalActors__/Cyberpunk/Maps/CyberAlley_WP/C/LA/09ZZQDO4I4JH7T0EXEXM57.uasset
bulk-import-or-template-content	??	Content/__ExternalActors__/Cyberpunk/Maps/CyberAlley_WP/C/LG/9SL067TZ9K6F9CZ0LONV1P.uasset
bulk-import-or-template-content	??	Content/__ExternalActors__/Cyberpunk/Maps/CyberAlley_WP/C/LW/L7NDI2ZT8WJDIT58ZHLBY4.uasset
bulk-import-or-template-content	??	Content/__ExternalActors__/Cyberpunk/Maps/CyberAlley_WP/C/M4/MXNCG571XJN168TW4APSPU.uasset
bulk-import-or-template-content	??	Content/__ExternalActors__/Cyberpunk/Maps/CyberAlley_WP/C/M7/QEROHHGFPVQPK3TWRV7T08.uasset
bulk-import-or-template-content	??	Content/__ExternalActors__/Cyberpunk/Maps/CyberAlley_WP/C/MH/Q9J84A6PJ0QPYUJZRNTUP1.uasset
bulk-import-or-template-content	??	Content/__ExternalActors__/Cyberpunk/Maps/CyberAlley_WP/C/MQ/7NFH98XCPGY7CJ06B557XQ.uasset
bulk-import-or-template-content	??	Content/__ExternalActors__/Cyberpunk/Maps/CyberAlley_WP/C/MW/V15YWX27R06JUV32R6ZZWD.uasset
bulk-import-or-template-content	??	Content/__ExternalActors__/Cyberpunk/Maps/CyberAlley_WP/C/NJ/E86Y8F46EU06GSBL5OHGI7.uasset
bulk-import-or-template-content	??	Content/__ExternalActors__/Cyberpunk/Maps/CyberAlley_WP/C/NL/7CD7KNGKS2KA9ETN64KA32.uasset
bulk-import-or-template-content	??	Content/__ExternalActors__/Cyberpunk/Maps/CyberAlley_WP/C/NM/6L7LT1N9SWQ4H41ODX3O1V.uasset
bulk-import-or-template-content	??	Content/__ExternalActors__/Cyberpunk/Maps/CyberAlley_WP/C/NT/WRM6DB33KQAIGPSFA7X0VQ.uasset
bulk-import-or-template-content	??	Content/__ExternalActors__/Cyberpunk/Maps/CyberAlley_WP/C/O9/KHS0B8RGJ96CAYMQK60Z19.uasset
bulk-import-or-template-content	??	Content/__ExternalActors__/Cyberpunk/Maps/CyberAlley_WP/C/P6/OC17NSFKJ9T4NQ5LF32J6X.uasset
bulk-import-or-template-content	??	Content/__ExternalActors__/Cyberpunk/Maps/CyberAlley_WP/C/PZ/2RPTXACAFQYVHUKD7WISLQ.uasset
bulk-import-or-template-content	??	Content/__ExternalActors__/Cyberpunk/Maps/CyberAlley_WP/C/QS/BD6PVGAWDC11NR2NWIC7E9.uasset
bulk-import-or-template-content	??	Content/__ExternalActors__/Cyberpunk/Maps/CyberAlley_WP/C/QT/3YFCK0ZLL7489CTF5SFZ4O.uasset
bulk-import-or-template-content	??	Content/__ExternalActors__/Cyberpunk/Maps/CyberAlley_WP/C/RC/K2V2470VHXYBWHVWGGAC62.uasset
bulk-import-or-template-content	??	Content/__ExternalActors__/Cyberpunk/Maps/CyberAlley_WP/C/RG/QV3X2FWUXSO19VLWIARU65.uasset
bulk-import-or-template-content	??	Content/__ExternalActors__/Cyberpunk/Maps/CyberAlley_WP/C/RK/H41ATPZNMBAKOG340NYIGF.uasset
bulk-import-or-template-content	??	Content/__ExternalActors__/Cyberpunk/Maps/CyberAlley_WP/C/RW/DY1VTBOMF4M1PL35BELQQR.uasset
bulk-import-or-template-content	??	Content/__ExternalActors__/Cyberpunk/Maps/CyberAlley_WP/C/RY/VTHOAECG25NYI5CN1XJC7R.uasset
bulk-import-or-template-content	??	Content/__ExternalActors__/Cyberpunk/Maps/CyberAlley_WP/C/S6/TXCSR3LRU0E6KVYZEZZ96Z.uasset
bulk-import-or-template-content	??	Content/__ExternalActors__/Cyberpunk/Maps/CyberAlley_WP/C/T6/5542PVM2UQ3FZWYT5KOWZH.uasset
bulk-import-or-template-content	??	Content/__ExternalActors__/Cyberpunk/Maps/CyberAlley_WP/C/UD/GIKVRXNDGTCS4F7HH7FNTL.uasset
bulk-import-or-template-content	??	Content/__ExternalActors__/Cyberpunk/Maps/CyberAlley_WP/C/UF/TYJLJ2NCHI3F9RPFAOK90G.uasset
bulk-import-or-template-content	??	Content/__ExternalActors__/Cyberpunk/Maps/CyberAlley_WP/C/UQ/CMVBCO5MWQ10TH853H9XMD.uasset
bulk-import-or-template-content	??	Content/__ExternalActors__/Cyberpunk/Maps/CyberAlley_WP/C/UV/F0XKRFDPGY65KLYZ2MRAGH.uasset
bulk-import-or-template-content	??	Content/__ExternalActors__/Cyberpunk/Maps/CyberAlley_WP/C/VM/WT588CF5NX2WCK72JQXEMC.uasset
bulk-import-or-template-content	??	Content/__ExternalActors__/Cyberpunk/Maps/CyberAlley_WP/C/VO/Y38MZEU1UI6HF5DJB54A29.uasset
bulk-import-or-template-content	??	Content/__ExternalActors__/Cyberpunk/Maps/CyberAlley_WP/C/W5/0RE0PKF2F53R551V3REJTB.uasset
bulk-import-or-template-content	??	Content/__ExternalActors__/Cyberpunk/Maps/CyberAlley_WP/C/W7/T9ESXQD1AWHUVC49L6V2WT.uasset
bulk-import-or-template-content	??	Content/__ExternalActors__/Cyberpunk/Maps/CyberAlley_WP/C/WQ/TEIV6TC0R2PE80NFKOPUOQ.uasset
bulk-import-or-template-content	??	Content/__ExternalActors__/Cyberpunk/Maps/CyberAlley_WP/C/WQ/WA9QGUQCVDUW5YD3X8PIBG.uasset
bulk-import-or-template-content	??	Content/__ExternalActors__/Cyberpunk/Maps/CyberAlley_WP/C/WR/FOCFR5L613JP5Z5PMB4M2F.uasset
bulk-import-or-template-content	??	Content/__ExternalActors__/Cyberpunk/Maps/CyberAlley_WP/C/X0/RQZNECINNJ51P62JU2QUSL.uasset
bulk-import-or-template-content	??	Content/__ExternalActors__/Cyberpunk/Maps/CyberAlley_WP/C/XJ/82361KUS7AHQ30XX65803Q.uasset
bulk-import-or-template-content	??	Content/__ExternalActors__/Cyberpunk/Maps/CyberAlley_WP/C/XP/WG2F7G53E7S6FZFOGOV2FS.uasset
bulk-import-or-template-content	??	Content/__ExternalActors__/Cyberpunk/Maps/CyberAlley_WP/C/XQ/76QH678PVM6SAM2X5X7YZE.uasset
bulk-import-or-template-content	??	Content/__ExternalActors__/Cyberpunk/Maps/CyberAlley_WP/C/XZ/RT79XW4O1ZSYBOBUPPOS4Q.uasset
bulk-import-or-template-content	??	Content/__ExternalActors__/Cyberpunk/Maps/CyberAlley_WP/C/Y8/EHKAPT7CXQC0DTKAEI817X.uasset
bulk-import-or-template-content	??	Content/__ExternalActors__/Cyberpunk/Maps/CyberAlley_WP/C/YF/RHLSVQXPGWFKAZICQCYROP.uasset
bulk-import-or-template-content	??	Content/__ExternalActors__/Cyberpunk/Maps/CyberAlley_WP/C/YH/VALJGYP80XHST7D4KIDGM0.uasset
bulk-import-or-template-content	??	Content/__ExternalActors__/Cyberpunk/Maps/CyberAlley_WP/C/YU/MQI80UESBDPUGGX5ILEVLH.uasset
bulk-import-or-template-content	??	Content/__ExternalActors__/Cyberpunk/Maps/CyberAlley_WP/C/YX/4VRGV0IVMCXZGBQVN0VN3F.uasset
bulk-import-or-template-content	??	Content/__ExternalActors__/Cyberpunk/Maps/CyberAlley_WP/C/YX/YLVG2ETMHXCAUY3V1RMAIH.uasset
bulk-import-or-template-content	??	Content/__ExternalActors__/Cyberpunk/Maps/CyberAlley_WP/C/ZH/UOAGNPU7X3Z6I1YPI8PKH7.uasset
bulk-import-or-template-content	??	Content/__ExternalActors__/Cyberpunk/Maps/CyberAlley_WP/C/ZI/1W2KPROUPWSO1T135SN2ZI.uasset
bulk-import-or-template-content	??	Content/__ExternalActors__/Cyberpunk/Maps/CyberAlley_WP/C/ZZ/CZN8W1ZZL83VG7ZI2N5EUM.uasset
bulk-import-or-template-content	??	Content/__ExternalActors__/Cyberpunk/Maps/CyberAlley_WP/D/15/6643KJ40UNUO9WMMWZG2YH.uasset
bulk-import-or-template-content	??	Content/__ExternalActors__/Cyberpunk/Maps/CyberAlley_WP/D/17/YNPL4EY5UD2NUNTDUZK2OV.uasset
bulk-import-or-template-content	??	Content/__ExternalActors__/Cyberpunk/Maps/CyberAlley_WP/D/1A/1OFJ4JDEB50UDCQFS778K7.uasset
bulk-import-or-template-content	??	Content/__ExternalActors__/Cyberpunk/Maps/CyberAlley_WP/D/1M/VSZJ80R6A8AVL6P0196AAY.uasset
bulk-import-or-template-content	??	Content/__ExternalActors__/Cyberpunk/Maps/CyberAlley_WP/D/1Q/A2T4VJGDOA2POADFEZB4DZ.uasset
bulk-import-or-template-content	??	Content/__ExternalActors__/Cyberpunk/Maps/CyberAlley_WP/D/20/0932JIRG493813UN3DU9WL.uasset
bulk-import-or-template-content	??	Content/__ExternalActors__/Cyberpunk/Maps/CyberAlley_WP/D/25/ZCZ65Q1DHV9KAC9THED7VO.uasset
bulk-import-or-template-content	??	Content/__ExternalActors__/Cyberpunk/Maps/CyberAlley_WP/D/2M/69PURFI576RWTQRZDDCZU6.uasset
bulk-import-or-template-content	??	Content/__ExternalActors__/Cyberpunk/Maps/CyberAlley_WP/D/2P/JIW68KJF4OL1P7EZ6TIKGG.uasset
bulk-import-or-template-content	??	Content/__ExternalActors__/Cyberpunk/Maps/CyberAlley_WP/D/3R/Q2GFTQRGQ6PRLUEHSGQE6J.uasset
bulk-import-or-template-content	??	Content/__ExternalActors__/Cyberpunk/Maps/CyberAlley_WP/D/3T/CK70IMIUXBMQKNZY7OLICM.uasset
bulk-import-or-template-content	??	Content/__ExternalActors__/Cyberpunk/Maps/CyberAlley_WP/D/43/YP75FTYJ556ROTTBJFJO11.uasset
bulk-import-or-template-content	??	Content/__ExternalActors__/Cyberpunk/Maps/CyberAlley_WP/D/49/F7GXKTXYBDHXLEYPF8FEQB.uasset
bulk-import-or-template-content	??	Content/__ExternalActors__/Cyberpunk/Maps/CyberAlley_WP/D/4F/AIJVGS9SS9ZPNCXTT4LVV5.uasset
bulk-import-or-template-content	??	Content/__ExternalActors__/Cyberpunk/Maps/CyberAlley_WP/D/4J/9UNH02AMKKQERKF1092TB5.uasset
bulk-import-or-template-content	??	Content/__ExternalActors__/Cyberpunk/Maps/CyberAlley_WP/D/4L/1I36S2DVKZ8N2T2TTSYT3K.uasset
bulk-import-or-template-content	??	Content/__ExternalActors__/Cyberpunk/Maps/CyberAlley_WP/D/5C/KI26A85IOEAJ6DVZXA23U2.uasset
bulk-import-or-template-content	??	Content/__ExternalActors__/Cyberpunk/Maps/CyberAlley_WP/D/5H/NCSTJ1UT0SGZZZ6K9A4MHC.uasset
bulk-import-or-template-content	??	Content/__ExternalActors__/Cyberpunk/Maps/CyberAlley_WP/D/5Y/S0EALU71X264FF1C3WTT5K.uasset
bulk-import-or-template-content	??	Content/__ExternalActors__/Cyberpunk/Maps/CyberAlley_WP/D/67/QKFCTPEKD996O93IMP47KE.uasset
bulk-import-or-template-content	??	Content/__ExternalActors__/Cyberpunk/Maps/CyberAlley_WP/D/69/3QTR0YH4074T7NNMVMZVZC.uasset
bulk-import-or-template-content	??	Content/__ExternalActors__/Cyberpunk/Maps/CyberAlley_WP/D/6C/9THAFZATFTBYXPIJ911NPW.uasset
bulk-import-or-template-content	??	Content/__ExternalActors__/Cyberpunk/Maps/CyberAlley_WP/D/6N/AGA4O0BLZ4GS5M4KXL7UFV.uasset
bulk-import-or-template-content	??	Content/__ExternalActors__/Cyberpunk/Maps/CyberAlley_WP/D/7G/SA21699431OYVDYFWCE84R.uasset
bulk-import-or-template-content	??	Content/__ExternalActors__/Cyberpunk/Maps/CyberAlley_WP/D/7G/UYPNUCY4TFDASC504ECMMJ.uasset
bulk-import-or-template-content	??	Content/__ExternalActors__/Cyberpunk/Maps/CyberAlley_WP/D/7R/TRTV01950LGX3PWDJU8LYK.uasset
bulk-import-or-template-content	??	Content/__ExternalActors__/Cyberpunk/Maps/CyberAlley_WP/D/8L/RI53TXN03TY2RT52KINZK0.uasset
bulk-import-or-template-content	??	Content/__ExternalActors__/Cyberpunk/Maps/CyberAlley_WP/D/9H/FC2S4FYWW9KXVM4KPLU77K.uasset
bulk-import-or-template-content	??	Content/__ExternalActors__/Cyberpunk/Maps/CyberAlley_WP/D/9T/ETRON937TLHVON9CINCBQU.uasset
bulk-import-or-template-content	??	Content/__ExternalActors__/Cyberpunk/Maps/CyberAlley_WP/D/9T/T2CQU3KPUYOO28WNSW7DNZ.uasset
bulk-import-or-template-content	??	Content/__ExternalActors__/Cyberpunk/Maps/CyberAlley_WP/D/9Y/ZDEX3WSOUP4EXSRLQG1E64.uasset
bulk-import-or-template-content	??	Content/__ExternalActors__/Cyberpunk/Maps/CyberAlley_WP/D/AB/JLLNHU77QSSEFTS0USCT7Z.uasset
bulk-import-or-template-content	??	Content/__ExternalActors__/Cyberpunk/Maps/CyberAlley_WP/D/AF/Q9IDMI8CVEUSR7PIPA5THE.uasset
bulk-import-or-template-content	??	Content/__ExternalActors__/Cyberpunk/Maps/CyberAlley_WP/D/AP/CAMIVXJ0HK6QGVTR8APZ9H.uasset
bulk-import-or-template-content	??	Content/__ExternalActors__/Cyberpunk/Maps/CyberAlley_WP/D/CE/L9Z7T5WGX7VNFKCNSL7EGP.uasset
bulk-import-or-template-content	??	Content/__ExternalActors__/Cyberpunk/Maps/CyberAlley_WP/D/CK/CKFB0WHNS464T47TNEHCYU.uasset
bulk-import-or-template-content	??	Content/__ExternalActors__/Cyberpunk/Maps/CyberAlley_WP/D/CS/GM9E6DEJY8J7VX5HM4QXPE.uasset
bulk-import-or-template-content	??	Content/__ExternalActors__/Cyberpunk/Maps/CyberAlley_WP/D/D2/L0A3KQHKWG3LHD91MZ5R5K.uasset
bulk-import-or-template-content	??	Content/__ExternalActors__/Cyberpunk/Maps/CyberAlley_WP/D/DH/B4ZVHVNI06F7DTSXQJ4KDV.uasset
bulk-import-or-template-content	??	Content/__ExternalActors__/Cyberpunk/Maps/CyberAlley_WP/D/DL/BP7KPD7JE94LK3AEOQ8PPO.uasset
bulk-import-or-template-content	??	Content/__ExternalActors__/Cyberpunk/Maps/CyberAlley_WP/D/DL/QEH168YY5LSD2SGFSW454I.uasset
bulk-import-or-template-content	??	Content/__ExternalActors__/Cyberpunk/Maps/CyberAlley_WP/D/DT/SAYC16SJUEQBMZK8FW5NYD.uasset
bulk-import-or-template-content	??	Content/__ExternalActors__/Cyberpunk/Maps/CyberAlley_WP/D/EO/ERJY16JI8UP101OWSVYMC1.uasset
bulk-import-or-template-content	??	Content/__ExternalActors__/Cyberpunk/Maps/CyberAlley_WP/D/EP/8V2GNJ0BSQEUH5INGQ135J.uasset
bulk-import-or-template-content	??	Content/__ExternalActors__/Cyberpunk/Maps/CyberAlley_WP/D/EV/X243H47H0ACY3HZVEDGJ5T.uasset
bulk-import-or-template-content	??	Content/__ExternalActors__/Cyberpunk/Maps/CyberAlley_WP/D/EY/GEAUU9A24ON5LFRPF6WA1P.uasset
bulk-import-or-template-content	??	Content/__ExternalActors__/Cyberpunk/Maps/CyberAlley_WP/D/EY/V6T5FBZEDROQISMPMJ5T0Z.uasset
bulk-import-or-template-content	??	Content/__ExternalActors__/Cyberpunk/Maps/CyberAlley_WP/D/F5/MDVY677AUFGY4RNR65RD4D.uasset
bulk-import-or-template-content	??	Content/__ExternalActors__/Cyberpunk/Maps/CyberAlley_WP/D/F8/5UN0QOIC4C9797CKNT194J.uasset
bulk-import-or-template-content	??	Content/__ExternalActors__/Cyberpunk/Maps/CyberAlley_WP/D/FI/7X1CE60O47H8F70JUNXXWO.uasset
bulk-import-or-template-content	??	Content/__ExternalActors__/Cyberpunk/Maps/CyberAlley_WP/D/H7/AOME6PGN5S16XRUHD67NXZ.uasset
bulk-import-or-template-content	??	Content/__ExternalActors__/Cyberpunk/Maps/CyberAlley_WP/D/HL/THBFHABHXDZ7IEHDOQ65K5.uasset
bulk-import-or-template-content	??	Content/__ExternalActors__/Cyberpunk/Maps/CyberAlley_WP/D/I6/DKP5Y5PTIDXUNMCC9X7WSV.uasset
bulk-import-or-template-content	??	Content/__ExternalActors__/Cyberpunk/Maps/CyberAlley_WP/D/IH/0WX4V1J2M1D5ZELJZQCK7H.uasset
bulk-import-or-template-content	??	Content/__ExternalActors__/Cyberpunk/Maps/CyberAlley_WP/D/IH/2U65U4Z2PPTG2W7B2DOQJG.uasset
bulk-import-or-template-content	??	Content/__ExternalActors__/Cyberpunk/Maps/CyberAlley_WP/D/IV/Y8K2CCRH56SYZ7MLROVHMO.uasset
bulk-import-or-template-content	??	Content/__ExternalActors__/Cyberpunk/Maps/CyberAlley_WP/D/IW/LJ9O7I1Y4BIEL4UAR1W82V.uasset
bulk-import-or-template-content	??	Content/__ExternalActors__/Cyberpunk/Maps/CyberAlley_WP/D/IX/JXP1AAKCRDDXT1AJEU9LA3.uasset
bulk-import-or-template-content	??	Content/__ExternalActors__/Cyberpunk/Maps/CyberAlley_WP/D/JC/IP3UHQB8R1VKXYDAIJAQQV.uasset
bulk-import-or-template-content	??	Content/__ExternalActors__/Cyberpunk/Maps/CyberAlley_WP/D/JI/AYR4NN64ZIWK15O6YNLP2X.uasset
bulk-import-or-template-content	??	Content/__ExternalActors__/Cyberpunk/Maps/CyberAlley_WP/D/JT/Z5THP0UGL4OIF3BQC1KN4I.uasset
bulk-import-or-template-content	??	Content/__ExternalActors__/Cyberpunk/Maps/CyberAlley_WP/D/KD/33C67RBFB1I1GPC4TC8PK6.uasset
bulk-import-or-template-content	??	Content/__ExternalActors__/Cyberpunk/Maps/CyberAlley_WP/D/KU/5BPOSH0O75F3J7XEZN1CS1.uasset
bulk-import-or-template-content	??	Content/__ExternalActors__/Cyberpunk/Maps/CyberAlley_WP/D/KV/0DXKRQXS31OQ3VCPBCJ1CN.uasset
bulk-import-or-template-content	??	Content/__ExternalActors__/Cyberpunk/Maps/CyberAlley_WP/D/L4/D3SQE7MZ3R3AOOKWG719P5.uasset
bulk-import-or-template-content	??	Content/__ExternalActors__/Cyberpunk/Maps/CyberAlley_WP/D/LS/43JMW5S41A444BNC6GYQLO.uasset
bulk-import-or-template-content	??	Content/__ExternalActors__/Cyberpunk/Maps/CyberAlley_WP/D/M4/UL8K91V53CRVU6U1NF7RJ9.uasset
bulk-import-or-template-content	??	Content/__ExternalActors__/Cyberpunk/Maps/CyberAlley_WP/D/M8/LRRRKWCX5OC7OLZQEFMABD.uasset
bulk-import-or-template-content	??	Content/__ExternalActors__/Cyberpunk/Maps/CyberAlley_WP/D/MO/CXIH7Y4ERQHA9BRLYVF227.uasset
bulk-import-or-template-content	??	Content/__ExternalActors__/Cyberpunk/Maps/CyberAlley_WP/D/MU/NJTHUUAS274BTR0G8KTX65.uasset
bulk-import-or-template-content	??	Content/__ExternalActors__/Cyberpunk/Maps/CyberAlley_WP/D/MW/VZ1KO1J2MBKFHDJ0QUBCIO.uasset
bulk-import-or-template-content	??	Content/__ExternalActors__/Cyberpunk/Maps/CyberAlley_WP/D/NT/BV5N540MY56CP5GAXKRWDZ.uasset
bulk-import-or-template-content	??	Content/__ExternalActors__/Cyberpunk/Maps/CyberAlley_WP/D/OD/WD0ONMG1WNVBOD3Y9EA4CY.uasset
bulk-import-or-template-content	??	Content/__ExternalActors__/Cyberpunk/Maps/CyberAlley_WP/D/OE/4RNCMLJX2O7IWOQM0ZWM0S.uasset
bulk-import-or-template-content	??	Content/__ExternalActors__/Cyberpunk/Maps/CyberAlley_WP/D/P1/FEMPU5UECMFZM6LYTZ2M58.uasset
bulk-import-or-template-content	??	Content/__ExternalActors__/Cyberpunk/Maps/CyberAlley_WP/D/PC/5J7HJPYAADOTJDFULQ9545.uasset
bulk-import-or-template-content	??	Content/__ExternalActors__/Cyberpunk/Maps/CyberAlley_WP/D/PC/JJS79DROXHNLIITE361B5X.uasset
bulk-import-or-template-content	??	Content/__ExternalActors__/Cyberpunk/Maps/CyberAlley_WP/D/PD/RIKBDA8VSCF8JUANM87MTW.uasset
bulk-import-or-template-content	??	Content/__ExternalActors__/Cyberpunk/Maps/CyberAlley_WP/D/PF/DZ8WU0LMKHBUULODZOZF08.uasset
bulk-import-or-template-content	??	Content/__ExternalActors__/Cyberpunk/Maps/CyberAlley_WP/D/QD/73KU2ZNSV9HUDY8UL5QND0.uasset
bulk-import-or-template-content	??	Content/__ExternalActors__/Cyberpunk/Maps/CyberAlley_WP/D/QN/YB9BFMGQDYQL0FLBEIK2M3.uasset
bulk-import-or-template-content	??	Content/__ExternalActors__/Cyberpunk/Maps/CyberAlley_WP/D/RD/83IJ4WL7O6XY2UI72S5CCX.uasset
bulk-import-or-template-content	??	Content/__ExternalActors__/Cyberpunk/Maps/CyberAlley_WP/D/RL/GCOCVMDDYPLD10C5658GNO.uasset
bulk-import-or-template-content	??	Content/__ExternalActors__/Cyberpunk/Maps/CyberAlley_WP/D/RW/8OLJP8LX88F7D3ONFJ2LDP.uasset
bulk-import-or-template-content	??	Content/__ExternalActors__/Cyberpunk/Maps/CyberAlley_WP/D/S4/3OX1OH0U8PAOAPN0JUIUM0.uasset
bulk-import-or-template-content	??	Content/__ExternalActors__/Cyberpunk/Maps/CyberAlley_WP/D/S4/QFH7EPI6A9ZGOXSPK8TV00.uasset
bulk-import-or-template-content	??	Content/__ExternalActors__/Cyberpunk/Maps/CyberAlley_WP/D/T6/0RQU7HBRNUVKCMPH6TZNRY.uasset
bulk-import-or-template-content	??	Content/__ExternalActors__/Cyberpunk/Maps/CyberAlley_WP/D/TM/2LJ28N2GIUOTNE2BJ74E7Y.uasset
bulk-import-or-template-content	??	Content/__ExternalActors__/Cyberpunk/Maps/CyberAlley_WP/D/TQ/WK4NU1NTVPEKBE7Q9MFF7E.uasset
bulk-import-or-template-content	??	Content/__ExternalActors__/Cyberpunk/Maps/CyberAlley_WP/D/TY/4DR7BVYS6QC6MY9MHHQK4F.uasset
bulk-import-or-template-content	??	Content/__ExternalActors__/Cyberpunk/Maps/CyberAlley_WP/D/U4/MEQZ357Q5UA8G065CXGDLJ.uasset
bulk-import-or-template-content	??	Content/__ExternalActors__/Cyberpunk/Maps/CyberAlley_WP/D/UN/S2EHGLAQK5F4N8N5U2UUDK.uasset
bulk-import-or-template-content	??	Content/__ExternalActors__/Cyberpunk/Maps/CyberAlley_WP/D/W0/4ISO5XK9E5NUM16ES6BPYA.uasset
bulk-import-or-template-content	??	Content/__ExternalActors__/Cyberpunk/Maps/CyberAlley_WP/D/W2/KGELTCZB7X190T2TNIRTUF.uasset
bulk-import-or-template-content	??	Content/__ExternalActors__/Cyberpunk/Maps/CyberAlley_WP/D/WB/XIKT1D481RRE3OR4SZBVHU.uasset
bulk-import-or-template-content	??	Content/__ExternalActors__/Cyberpunk/Maps/CyberAlley_WP/D/WN/FXI9O2C9OJAJ60T7EQEUBZ.uasset
bulk-import-or-template-content	??	Content/__ExternalActors__/Cyberpunk/Maps/CyberAlley_WP/D/WS/H187UDUMOGF4057UWDDJ0U.uasset
bulk-import-or-template-content	??	Content/__ExternalActors__/Cyberpunk/Maps/CyberAlley_WP/D/WT/LHHBVSY8D8NP7U423DJCFT.uasset
bulk-import-or-template-content	??	Content/__ExternalActors__/Cyberpunk/Maps/CyberAlley_WP/D/WV/J6OK6IZ2IMHHVMNXOWM0IP.uasset
bulk-import-or-template-content	??	Content/__ExternalActors__/Cyberpunk/Maps/CyberAlley_WP/D/WV/P3S90E815GSM2J3YIZA31U.uasset
bulk-import-or-template-content	??	Content/__ExternalActors__/Cyberpunk/Maps/CyberAlley_WP/D/XX/XE3ADI2ECUKKQ5EBSMBZ0S.uasset
bulk-import-or-template-content	??	Content/__ExternalActors__/Cyberpunk/Maps/CyberAlley_WP/D/Y0/JOX55Q49FQQJO3T1ZMN9XU.uasset
bulk-import-or-template-content	??	Content/__ExternalActors__/Cyberpunk/Maps/CyberAlley_WP/D/Y6/VZEURCTMUJZLIJ70SQFG99.uasset
bulk-import-or-template-content	??	Content/__ExternalActors__/Cyberpunk/Maps/CyberAlley_WP/D/Z0/7VTLAVW8S1NIEQXYI6I8TV.uasset
bulk-import-or-template-content	??	Content/__ExternalActors__/Cyberpunk/Maps/CyberAlley_WP/D/Z8/X0WN1SE3AQ0YDJWT2DVOFL.uasset
bulk-import-or-template-content	??	Content/__ExternalActors__/Cyberpunk/Maps/CyberAlley_WP/D/ZE/U3RXKT4K56JPTQES0QUWVE.uasset
bulk-import-or-template-content	??	Content/__ExternalActors__/Cyberpunk/Maps/CyberAlley_WP/D/ZQ/U2GGSB7VV8V8BKCJ5Q40JS.uasset
bulk-import-or-template-content	??	Content/__ExternalActors__/Cyberpunk/Maps/CyberAlley_WP/D/ZT/JKCS8J3GGETDXRH6RYDG26.uasset
bulk-import-or-template-content	??	Content/__ExternalActors__/Cyberpunk/Maps/CyberAlley_WP/E/01/X7L2FYJNP69JZ9UG4FVQVH.uasset
bulk-import-or-template-content	??	Content/__ExternalActors__/Cyberpunk/Maps/CyberAlley_WP/E/03/I61R7DIQEZHVOQU9QGDUXK.uasset
bulk-import-or-template-content	??	Content/__ExternalActors__/Cyberpunk/Maps/CyberAlley_WP/E/0Q/XTEHDHJDD5C7PG8QAME8A7.uasset
bulk-import-or-template-content	??	Content/__ExternalActors__/Cyberpunk/Maps/CyberAlley_WP/E/0S/WU6MJ6RQDYBUXSFGWOCCF9.uasset
bulk-import-or-template-content	??	Content/__ExternalActors__/Cyberpunk/Maps/CyberAlley_WP/E/12/MIGBCAPVWQ84613DWBGL41.uasset
bulk-import-or-template-content	??	Content/__ExternalActors__/Cyberpunk/Maps/CyberAlley_WP/E/19/6MV17VQTZW3ED35P0Z9XBL.uasset
bulk-import-or-template-content	??	Content/__ExternalActors__/Cyberpunk/Maps/CyberAlley_WP/E/1G/MAGWN5WS08579N4EERGRV7.uasset
bulk-import-or-template-content	??	Content/__ExternalActors__/Cyberpunk/Maps/CyberAlley_WP/E/1N/LKFN84A3GEMJMMBWPET2CJ.uasset
bulk-import-or-template-content	??	Content/__ExternalActors__/Cyberpunk/Maps/CyberAlley_WP/E/1Z/CRSM6FWVKH55R29DBC249E.uasset
bulk-import-or-template-content	??	Content/__ExternalActors__/Cyberpunk/Maps/CyberAlley_WP/E/2J/2J4WNL656K0TCXJX5XUQRC.uasset
bulk-import-or-template-content	??	Content/__ExternalActors__/Cyberpunk/Maps/CyberAlley_WP/E/2Q/T3FX6I4D83P19TBWAKX5US.uasset
bulk-import-or-template-content	??	Content/__ExternalActors__/Cyberpunk/Maps/CyberAlley_WP/E/2X/FXMRXNDPO2WPNKC5M7R65W.uasset
bulk-import-or-template-content	??	Content/__ExternalActors__/Cyberpunk/Maps/CyberAlley_WP/E/34/ESPDAB0FU95VU8GIHRYASL.uasset
bulk-import-or-template-content	??	Content/__ExternalActors__/Cyberpunk/Maps/CyberAlley_WP/E/3C/BA3PIQS1RASCUIVSRVIQFC.uasset
bulk-import-or-template-content	??	Content/__ExternalActors__/Cyberpunk/Maps/CyberAlley_WP/E/3G/NGVNJIHY8NQZP7OTZCXK41.uasset
bulk-import-or-template-content	??	Content/__ExternalActors__/Cyberpunk/Maps/CyberAlley_WP/E/3O/B67F04INKL7X7XECCYDRYZ.uasset
bulk-import-or-template-content	??	Content/__ExternalActors__/Cyberpunk/Maps/CyberAlley_WP/E/3P/P792YE349D29AO8JTNHHAT.uasset
bulk-import-or-template-content	??	Content/__ExternalActors__/Cyberpunk/Maps/CyberAlley_WP/E/42/Y4DQ9T82EDA3QNYM8464FG.uasset
bulk-import-or-template-content	??	Content/__ExternalActors__/Cyberpunk/Maps/CyberAlley_WP/E/45/PEI8KT9QLOJ4G2G5TCG3FO.uasset
bulk-import-or-template-content	??	Content/__ExternalActors__/Cyberpunk/Maps/CyberAlley_WP/E/4M/PLPUN7CHQ06TJ0NVDSGQCR.uasset
bulk-import-or-template-content	??	Content/__ExternalActors__/Cyberpunk/Maps/CyberAlley_WP/E/4R/D9WMFZ3EADYZSLAI0WJPLL.uasset
bulk-import-or-template-content	??	Content/__ExternalActors__/Cyberpunk/Maps/CyberAlley_WP/E/4T/601II5SE6V5NV0QP7TTU5U.uasset
bulk-import-or-template-content	??	Content/__ExternalActors__/Cyberpunk/Maps/CyberAlley_WP/E/53/0FUJ2GE7M6RF4W9GR3ORC5.uasset
bulk-import-or-template-content	??	Content/__ExternalActors__/Cyberpunk/Maps/CyberAlley_WP/E/59/VIDIP1N4WS2YGVLMB9N9W9.uasset
bulk-import-or-template-content	??	Content/__ExternalActors__/Cyberpunk/Maps/CyberAlley_WP/E/5D/OSDD4QV6G1UN4ARZX03C4U.uasset
bulk-import-or-template-content	??	Content/__ExternalActors__/Cyberpunk/Maps/CyberAlley_WP/E/5F/HEF5POAOIHGY2K7K2DS5JQ.uasset
bulk-import-or-template-content	??	Content/__ExternalActors__/Cyberpunk/Maps/CyberAlley_WP/E/5G/MXLFNB3TMB39IZ5RAHZCNI.uasset
bulk-import-or-template-content	??	Content/__ExternalActors__/Cyberpunk/Maps/CyberAlley_WP/E/5P/STEEUBD85VHUL8IFC0E1PD.uasset
bulk-import-or-template-content	??	Content/__ExternalActors__/Cyberpunk/Maps/CyberAlley_WP/E/5T/OU51PI0DF4WS12ZE0IUQD4.uasset
bulk-import-or-template-content	??	Content/__ExternalActors__/Cyberpunk/Maps/CyberAlley_WP/E/60/ILSKKC1UPRPLSJZZ8L4LMH.uasset
bulk-import-or-template-content	??	Content/__ExternalActors__/Cyberpunk/Maps/CyberAlley_WP/E/6K/RVAEMTCFZD5FOY9CP12YWF.uasset
bulk-import-or-template-content	??	Content/__ExternalActors__/Cyberpunk/Maps/CyberAlley_WP/E/7G/727MQCSAK30QAS196F3AXW.uasset
bulk-import-or-template-content	??	Content/__ExternalActors__/Cyberpunk/Maps/CyberAlley_WP/E/7O/0TGSZVJJ85Q0KQUV1ROSXM.uasset
bulk-import-or-template-content	??	Content/__ExternalActors__/Cyberpunk/Maps/CyberAlley_WP/E/83/DERVA92POFSNAPPL1Z8J5K.uasset
bulk-import-or-template-content	??	Content/__ExternalActors__/Cyberpunk/Maps/CyberAlley_WP/E/88/YKUCK4MOT4QAEBUJEOQL8Z.uasset
bulk-import-or-template-content	??	Content/__ExternalActors__/Cyberpunk/Maps/CyberAlley_WP/E/8L/QH3W1WSRCQSIIUKZ2RS1GT.uasset
bulk-import-or-template-content	??	Content/__ExternalActors__/Cyberpunk/Maps/CyberAlley_WP/E/8V/H807EDANV50WI8EU2JJYNB.uasset
bulk-import-or-template-content	??	Content/__ExternalActors__/Cyberpunk/Maps/CyberAlley_WP/E/8X/MTFIXU5PN8UT85O7OTFGZY.uasset
bulk-import-or-template-content	??	Content/__ExternalActors__/Cyberpunk/Maps/CyberAlley_WP/E/94/P7FJA6PM1NVTUY04A9MY0X.uasset
bulk-import-or-template-content	??	Content/__ExternalActors__/Cyberpunk/Maps/CyberAlley_WP/E/96/APQCRV4Q3NPHA43GV4H169.uasset
bulk-import-or-template-content	??	Content/__ExternalActors__/Cyberpunk/Maps/CyberAlley_WP/E/98/ZGDUYB5SPJZBS8SMC7A67D.uasset
bulk-import-or-template-content	??	Content/__ExternalActors__/Cyberpunk/Maps/CyberAlley_WP/E/9N/Q8HORTQI6DHAIZHCGJ4U0X.uasset
bulk-import-or-template-content	??	Content/__ExternalActors__/Cyberpunk/Maps/CyberAlley_WP/E/9X/0DQHE3OAFN5UUO8CEIHD3Z.uasset
bulk-import-or-template-content	??	Content/__ExternalActors__/Cyberpunk/Maps/CyberAlley_WP/E/A0/R6IJJBSQGUV9AOOMK50YOJ.uasset
bulk-import-or-template-content	??	Content/__ExternalActors__/Cyberpunk/Maps/CyberAlley_WP/E/A3/VWRRCA0X4BV1JO2XBQ2XLD.uasset
bulk-import-or-template-content	??	Content/__ExternalActors__/Cyberpunk/Maps/CyberAlley_WP/E/A9/W5J0UOVMQ0A5QF1UX303MD.uasset
bulk-import-or-template-content	??	Content/__ExternalActors__/Cyberpunk/Maps/CyberAlley_WP/E/AF/67RYJFLH1UW3OD34AG03DK.uasset
bulk-import-or-template-content	??	Content/__ExternalActors__/Cyberpunk/Maps/CyberAlley_WP/E/AT/ZJMHZM7A8XF0ZGDHNX0O77.uasset
bulk-import-or-template-content	??	Content/__ExternalActors__/Cyberpunk/Maps/CyberAlley_WP/E/AU/G2Y08PZQ03PEYZ6P2S8V4L.uasset
bulk-import-or-template-content	??	Content/__ExternalActors__/Cyberpunk/Maps/CyberAlley_WP/E/AZ/VLQYL8E3SWO7ZYAAAIX9ZF.uasset
bulk-import-or-template-content	??	Content/__ExternalActors__/Cyberpunk/Maps/CyberAlley_WP/E/B0/RU630ZZWIOZEVKJXIZNJFM.uasset
bulk-import-or-template-content	??	Content/__ExternalActors__/Cyberpunk/Maps/CyberAlley_WP/E/BI/2KXUPHYNXT6BNFY65ZEIE5.uasset
bulk-import-or-template-content	??	Content/__ExternalActors__/Cyberpunk/Maps/CyberAlley_WP/E/BI/QPA687FTLMYPY3PUPBMF4Z.uasset
bulk-import-or-template-content	??	Content/__ExternalActors__/Cyberpunk/Maps/CyberAlley_WP/E/BL/5UMJS42ATDO9V3NZB4V5Y1.uasset
bulk-import-or-template-content	??	Content/__ExternalActors__/Cyberpunk/Maps/CyberAlley_WP/E/C6/00ZLDCSCR895RF6P8BJFYU.uasset
bulk-import-or-template-content	??	Content/__ExternalActors__/Cyberpunk/Maps/CyberAlley_WP/E/C6/75FF9VS8LRIPJOS6QLAV2R.uasset
bulk-import-or-template-content	??	Content/__ExternalActors__/Cyberpunk/Maps/CyberAlley_WP/E/CI/SST0SRRS4X1R3A14UEOMAE.uasset
bulk-import-or-template-content	??	Content/__ExternalActors__/Cyberpunk/Maps/CyberAlley_WP/E/CT/JJPR0XBM9BEOG8TBBEKWT7.uasset
bulk-import-or-template-content	??	Content/__ExternalActors__/Cyberpunk/Maps/CyberAlley_WP/E/CV/R97B5L5FUJ700GNLDPJMTX.uasset
bulk-import-or-template-content	??	Content/__ExternalActors__/Cyberpunk/Maps/CyberAlley_WP/E/CY/YPXI2JHYLYBTZLS6NIPFE8.uasset
bulk-import-or-template-content	??	Content/__ExternalActors__/Cyberpunk/Maps/CyberAlley_WP/E/DH/3MLN651SQDLDQ94A98BNGX.uasset
bulk-import-or-template-content	??	Content/__ExternalActors__/Cyberpunk/Maps/CyberAlley_WP/E/DU/S21AXWBUKZLIUPXF9UXJLF.uasset
bulk-import-or-template-content	??	Content/__ExternalActors__/Cyberpunk/Maps/CyberAlley_WP/E/DX/89WETSSO8H66TDA48BV400.uasset
bulk-import-or-template-content	??	Content/__ExternalActors__/Cyberpunk/Maps/CyberAlley_WP/E/DZ/K69URFKVAIPK9TPDASSTNO.uasset
bulk-import-or-template-content	??	Content/__ExternalActors__/Cyberpunk/Maps/CyberAlley_WP/E/E8/U02O5I209WBUE4PY9NEOET.uasset
bulk-import-or-template-content	??	Content/__ExternalActors__/Cyberpunk/Maps/CyberAlley_WP/E/E9/PYNME8GXCQ7044E73BMSIY.uasset
bulk-import-or-template-content	??	Content/__ExternalActors__/Cyberpunk/Maps/CyberAlley_WP/E/EH/P262QIMPFQRIZRAZEQMTFQ.uasset
bulk-import-or-template-content	??	Content/__ExternalActors__/Cyberpunk/Maps/CyberAlley_WP/E/EJ/FXVBCL6A1FM6CJ2IFO1DGU.uasset
bulk-import-or-template-content	??	Content/__ExternalActors__/Cyberpunk/Maps/CyberAlley_WP/E/ES/DDSFZC81AAS7QKM6RV21PI.uasset
bulk-import-or-template-content	??	Content/__ExternalActors__/Cyberpunk/Maps/CyberAlley_WP/E/EU/PV1ECQ4XL9D66QJ1YLV2IC.uasset
bulk-import-or-template-content	??	Content/__ExternalActors__/Cyberpunk/Maps/CyberAlley_WP/E/EY/X4YCXSFET8ECLBVGJ6GMLU.uasset
bulk-import-or-template-content	??	Content/__ExternalActors__/Cyberpunk/Maps/CyberAlley_WP/E/FD/MVU8W2KIKBOEAS6IJP95UL.uasset
bulk-import-or-template-content	??	Content/__ExternalActors__/Cyberpunk/Maps/CyberAlley_WP/E/FP/B0J9T4YJOI2KFZXG5CGW1G.uasset
bulk-import-or-template-content	??	Content/__ExternalActors__/Cyberpunk/Maps/CyberAlley_WP/E/G0/NMJRJTIZQNDZ7JTJXRPVKX.uasset
bulk-import-or-template-content	??	Content/__ExternalActors__/Cyberpunk/Maps/CyberAlley_WP/E/G0/RCZTFL12UCO1IX71ZBZO64.uasset
bulk-import-or-template-content	??	Content/__ExternalActors__/Cyberpunk/Maps/CyberAlley_WP/E/GK/3PDKJHPTLCRNINEKTVPU3K.uasset
bulk-import-or-template-content	??	Content/__ExternalActors__/Cyberpunk/Maps/CyberAlley_WP/E/H5/UZ11KYQNT2C33T3XK1GZF6.uasset
bulk-import-or-template-content	??	Content/__ExternalActors__/Cyberpunk/Maps/CyberAlley_WP/E/HJ/M3VF8HMLQVNUEGWI5XK1YU.uasset
bulk-import-or-template-content	??	Content/__ExternalActors__/Cyberpunk/Maps/CyberAlley_WP/E/I9/BE55X7HZINIFH3ECT3LXPT.uasset
bulk-import-or-template-content	??	Content/__ExternalActors__/Cyberpunk/Maps/CyberAlley_WP/E/IB/SVUU8ETCZFD3SD4234PTDK.uasset
bulk-import-or-template-content	??	Content/__ExternalActors__/Cyberpunk/Maps/CyberAlley_WP/E/IJ/04NT51C8NTXRZSZ82YMZ0S.uasset
bulk-import-or-template-content	??	Content/__ExternalActors__/Cyberpunk/Maps/CyberAlley_WP/E/IT/U4RKBSIMBJ6BPK8LJA6M0X.uasset
bulk-import-or-template-content	??	Content/__ExternalActors__/Cyberpunk/Maps/CyberAlley_WP/E/IX/CRVFWG7RY4SVCWJST0DQER.uasset
bulk-import-or-template-content	??	Content/__ExternalActors__/Cyberpunk/Maps/CyberAlley_WP/E/IY/3I3XISZ77QWH7393CYQ0YS.uasset
bulk-import-or-template-content	??	Content/__ExternalActors__/Cyberpunk/Maps/CyberAlley_WP/E/J3/A8STTVPIZ7IHPML7DDTDN2.uasset
bulk-import-or-template-content	??	Content/__ExternalActors__/Cyberpunk/Maps/CyberAlley_WP/E/J4/I8OS0IL0NWZUAPHCG1PJUN.uasset
bulk-import-or-template-content	??	Content/__ExternalActors__/Cyberpunk/Maps/CyberAlley_WP/E/J9/ZM4ECIV5MH5E4G3T70SRNH.uasset
bulk-import-or-template-content	??	Content/__ExternalActors__/Cyberpunk/Maps/CyberAlley_WP/E/JC/J6YERG6WVYH21SUKF7J0SG.uasset
bulk-import-or-template-content	??	Content/__ExternalActors__/Cyberpunk/Maps/CyberAlley_WP/E/JH/7AAQRIGCQZYX6OOPZD9F8D.uasset
bulk-import-or-template-content	??	Content/__ExternalActors__/Cyberpunk/Maps/CyberAlley_WP/E/JH/NVW1U4G64359F2CO6OV1H9.uasset
bulk-import-or-template-content	??	Content/__ExternalActors__/Cyberpunk/Maps/CyberAlley_WP/E/JM/CFU9UXPB29FT0JGGAISLQ7.uasset
bulk-import-or-template-content	??	Content/__ExternalActors__/Cyberpunk/Maps/CyberAlley_WP/E/KA/B6FW59506R6N2LSPHXIEVV.uasset
bulk-import-or-template-content	??	Content/__ExternalActors__/Cyberpunk/Maps/CyberAlley_WP/E/KC/T7407HUU517CJPG8F5AY51.uasset
bulk-import-or-template-content	??	Content/__ExternalActors__/Cyberpunk/Maps/CyberAlley_WP/E/KI/RER0G320QJ7WXY7HFG6VVR.uasset
bulk-import-or-template-content	??	Content/__ExternalActors__/Cyberpunk/Maps/CyberAlley_WP/E/KO/OI0TKEX3VUV836BXCLJPD9.uasset
bulk-import-or-template-content	??	Content/__ExternalActors__/Cyberpunk/Maps/CyberAlley_WP/E/KS/OQ9UB8G2OUNBLVIPGNRZ29.uasset
bulk-import-or-template-content	??	Content/__ExternalActors__/Cyberpunk/Maps/CyberAlley_WP/E/KV/5S4DEL0JRR1Z28RRVNSIM9.uasset
bulk-import-or-template-content	??	Content/__ExternalActors__/Cyberpunk/Maps/CyberAlley_WP/E/LH/INIBIP9DKZPH61OXLN2ZGB.uasset
bulk-import-or-template-content	??	Content/__ExternalActors__/Cyberpunk/Maps/CyberAlley_WP/E/LW/K3VQCU6ESOWFVL25N7PWFG.uasset
bulk-import-or-template-content	??	Content/__ExternalActors__/Cyberpunk/Maps/CyberAlley_WP/E/MG/R4R3NI1NCPW79HIS14H4HT.uasset
bulk-import-or-template-content	??	Content/__ExternalActors__/Cyberpunk/Maps/CyberAlley_WP/E/MR/7R60OUCPXVK31KQB5G3XIC.uasset
bulk-import-or-template-content	??	Content/__ExternalActors__/Cyberpunk/Maps/CyberAlley_WP/E/MW/YZAXM4SZX1ETS3GEFMXSC2.uasset
bulk-import-or-template-content	??	Content/__ExternalActors__/Cyberpunk/Maps/CyberAlley_WP/E/N1/VMRA72SDF5OURIDF0RAT4R.uasset
bulk-import-or-template-content	??	Content/__ExternalActors__/Cyberpunk/Maps/CyberAlley_WP/E/NN/E01VS64KBWICPD6PAPXTDR.uasset
bulk-import-or-template-content	??	Content/__ExternalActors__/Cyberpunk/Maps/CyberAlley_WP/E/NQ/SMFMKMAKNSC0BY10OX1UJP.uasset
bulk-import-or-template-content	??	Content/__ExternalActors__/Cyberpunk/Maps/CyberAlley_WP/E/NU/X9QNYNAXJCSN71K15V380Z.uasset
bulk-import-or-template-content	??	Content/__ExternalActors__/Cyberpunk/Maps/CyberAlley_WP/E/NZ/1XRT3KPJGNNA7Z9RS5KZII.uasset
bulk-import-or-template-content	??	Content/__ExternalActors__/Cyberpunk/Maps/CyberAlley_WP/E/O8/YFC9O0A3ZWSHCP0DZCD5TY.uasset
bulk-import-or-template-content	??	Content/__ExternalActors__/Cyberpunk/Maps/CyberAlley_WP/E/OL/8SWVNS684PS4OW5AADU2WN.uasset
bulk-import-or-template-content	??	Content/__ExternalActors__/Cyberpunk/Maps/CyberAlley_WP/E/OS/5WI8BQI1ME8ZBLH9WX32P2.uasset
bulk-import-or-template-content	??	Content/__ExternalActors__/Cyberpunk/Maps/CyberAlley_WP/E/P1/84HMY2ATZCMDNGTU9WMQQQ.uasset
bulk-import-or-template-content	??	Content/__ExternalActors__/Cyberpunk/Maps/CyberAlley_WP/E/P5/DTQ48EXCJ6MQEQ1HE77LMP.uasset
bulk-import-or-template-content	??	Content/__ExternalActors__/Cyberpunk/Maps/CyberAlley_WP/E/PJ/RIJOHCD1KAA0KT6ZG3GMIR.uasset
bulk-import-or-template-content	??	Content/__ExternalActors__/Cyberpunk/Maps/CyberAlley_WP/E/Q5/E5KSK980AXD98Z02B3D5V2.uasset
bulk-import-or-template-content	??	Content/__ExternalActors__/Cyberpunk/Maps/CyberAlley_WP/E/R1/2GQVRTX3M5RCXFDWLOLNMP.uasset
bulk-import-or-template-content	??	Content/__ExternalActors__/Cyberpunk/Maps/CyberAlley_WP/E/R8/K7EZWQQLABFCI7X3GYQAGH.uasset
bulk-import-or-template-content	??	Content/__ExternalActors__/Cyberpunk/Maps/CyberAlley_WP/E/RI/705JH2CWJ5J90E6813PXVE.uasset
bulk-import-or-template-content	??	Content/__ExternalActors__/Cyberpunk/Maps/CyberAlley_WP/E/RN/MDAO9CQLPAB3I8D31M8CHM.uasset
bulk-import-or-template-content	??	Content/__ExternalActors__/Cyberpunk/Maps/CyberAlley_WP/E/RN/P46GMSEM85YII4JBCX5FPT.uasset
bulk-import-or-template-content	??	Content/__ExternalActors__/Cyberpunk/Maps/CyberAlley_WP/E/RZ/6VPSMPSICN5DQKOC0POI94.uasset
bulk-import-or-template-content	??	Content/__ExternalActors__/Cyberpunk/Maps/CyberAlley_WP/E/S0/V6YMC07TE9C43RDL0KTODP.uasset
bulk-import-or-template-content	??	Content/__ExternalActors__/Cyberpunk/Maps/CyberAlley_WP/E/S1/2EUOBLFGNHB5WAYHZGBX9A.uasset
bulk-import-or-template-content	??	Content/__ExternalActors__/Cyberpunk/Maps/CyberAlley_WP/E/S3/6P4DOXVV9A5OC2S6QX1PZ4.uasset
bulk-import-or-template-content	??	Content/__ExternalActors__/Cyberpunk/Maps/CyberAlley_WP/E/SR/YKKUVZ58X70YNJRH5OFT9Z.uasset
bulk-import-or-template-content	??	Content/__ExternalActors__/Cyberpunk/Maps/CyberAlley_WP/E/SS/D42VYFRR2NBFJ9LWUVNBWV.uasset
bulk-import-or-template-content	??	Content/__ExternalActors__/Cyberpunk/Maps/CyberAlley_WP/E/T2/2R29CO02CCFS2OD58SVT4U.uasset
bulk-import-or-template-content	??	Content/__ExternalActors__/Cyberpunk/Maps/CyberAlley_WP/E/T2/J9OIRUM3RTXYXTPR1A5JBG.uasset
bulk-import-or-template-content	??	Content/__ExternalActors__/Cyberpunk/Maps/CyberAlley_WP/E/TE/61ZGSMMF8IIDUIS131QK8D.uasset
bulk-import-or-template-content	??	Content/__ExternalActors__/Cyberpunk/Maps/CyberAlley_WP/E/TE/NOL8LQ5P52PAPYJDV8BYZ0.uasset
bulk-import-or-template-content	??	Content/__ExternalActors__/Cyberpunk/Maps/CyberAlley_WP/E/TL/NLCXT40VXEHDH42CDGH678.uasset
bulk-import-or-template-content	??	Content/__ExternalActors__/Cyberpunk/Maps/CyberAlley_WP/E/UJ/7WNLT2BO93XQV8T3JIB325.uasset
bulk-import-or-template-content	??	Content/__ExternalActors__/Cyberpunk/Maps/CyberAlley_WP/E/UP/UYC4YI4VMS1JJSLPU34ZMF.uasset
bulk-import-or-template-content	??	Content/__ExternalActors__/Cyberpunk/Maps/CyberAlley_WP/E/UX/PKB2WDLJMVX18QEPP32HGW.uasset
bulk-import-or-template-content	??	Content/__ExternalActors__/Cyberpunk/Maps/CyberAlley_WP/E/VX/MZCB7CYHK34EEXNEO2H6IA.uasset
bulk-import-or-template-content	??	Content/__ExternalActors__/Cyberpunk/Maps/CyberAlley_WP/E/VY/59H2TW941N2QRF11TD5GV5.uasset
bulk-import-or-template-content	??	Content/__ExternalActors__/Cyberpunk/Maps/CyberAlley_WP/E/WT/2E6Q9467XDLU3QFC4B0RSH.uasset
bulk-import-or-template-content	??	Content/__ExternalActors__/Cyberpunk/Maps/CyberAlley_WP/E/WT/LF03636X2SGCFLB157CNXA.uasset
bulk-import-or-template-content	??	Content/__ExternalActors__/Cyberpunk/Maps/CyberAlley_WP/E/X8/HMPB7WK4MVYH6K0HGAY6G4.uasset
bulk-import-or-template-content	??	Content/__ExternalActors__/Cyberpunk/Maps/CyberAlley_WP/E/XD/7B2HB58QKC5WR75CZQZWD6.uasset
bulk-import-or-template-content	??	Content/__ExternalActors__/Cyberpunk/Maps/CyberAlley_WP/E/XI/YNO085FZ9ZB7A5NXVPGE3J.uasset
bulk-import-or-template-content	??	Content/__ExternalActors__/Cyberpunk/Maps/CyberAlley_WP/E/XK/KYC3DBZ2RMJKKASN2OMPIB.uasset
bulk-import-or-template-content	??	Content/__ExternalActors__/Cyberpunk/Maps/CyberAlley_WP/E/XP/083EAQPB8ZAV1ENCKXBOYL.uasset
bulk-import-or-template-content	??	Content/__ExternalActors__/Cyberpunk/Maps/CyberAlley_WP/E/XZ/V9BBMCZ2Q2WHHAH6FQG2GD.uasset
bulk-import-or-template-content	??	Content/__ExternalActors__/Cyberpunk/Maps/CyberAlley_WP/E/Y4/X5RP1X76UGTTMS7RM03EL6.uasset
bulk-import-or-template-content	??	Content/__ExternalActors__/Cyberpunk/Maps/CyberAlley_WP/E/YA/JJC6BG6VP1513VLQZDBIG7.uasset
bulk-import-or-template-content	??	Content/__ExternalActors__/Cyberpunk/Maps/CyberAlley_WP/E/YN/W09O5GQKAKIH1TJQ5RLAMX.uasset
bulk-import-or-template-content	??	Content/__ExternalActors__/Cyberpunk/Maps/CyberAlley_WP/E/YQ/R2PRCVFLAD6O61W0HGC8EQ.uasset
bulk-import-or-template-content	??	Content/__ExternalActors__/Cyberpunk/Maps/CyberAlley_WP/E/YR/WE5ABKDECSWUQQ78UFALOQ.uasset
bulk-import-or-template-content	??	Content/__ExternalActors__/Cyberpunk/Maps/CyberAlley_WP/E/YT/JRIX2CO0PXDB1I587HJYO2.uasset
bulk-import-or-template-content	??	Content/__ExternalActors__/Cyberpunk/Maps/CyberAlley_WP/E/YW/X6ZOMB8JJ8O5R148LTL3AB.uasset
bulk-import-or-template-content	??	Content/__ExternalActors__/Cyberpunk/Maps/CyberAlley_WP/E/ZP/CXXJW91T491AZCIPHBAH7W.uasset
bulk-import-or-template-content	??	Content/__ExternalActors__/Cyberpunk/Maps/CyberAlley_WP/E/ZV/JN5MYSLAO6SS8ZSGESIJ0A.uasset
bulk-import-or-template-content	??	Content/__ExternalActors__/Cyberpunk/Maps/CyberAlley_WP/F/0A/T6PU12U7MVYCGJIFMEFAKU.uasset
bulk-import-or-template-content	??	Content/__ExternalActors__/Cyberpunk/Maps/CyberAlley_WP/F/0B/2SQABIO5A7PM3ZU4CX139V.uasset
bulk-import-or-template-content	??	Content/__ExternalActors__/Cyberpunk/Maps/CyberAlley_WP/F/0B/521NUX9SDDO3N9K63S5N7L.uasset
bulk-import-or-template-content	??	Content/__ExternalActors__/Cyberpunk/Maps/CyberAlley_WP/F/0L/O94DKYXT8PTC53AMRGDSV2.uasset
bulk-import-or-template-content	??	Content/__ExternalActors__/Cyberpunk/Maps/CyberAlley_WP/F/13/P6LY0AHQM2VB6OCM4HTGFR.uasset
bulk-import-or-template-content	??	Content/__ExternalActors__/Cyberpunk/Maps/CyberAlley_WP/F/1O/QJJKSBBLAN79XCSQXZ4PKQ.uasset
bulk-import-or-template-content	??	Content/__ExternalActors__/Cyberpunk/Maps/CyberAlley_WP/F/1Q/UQUMV2PNMOLXL6NATC6XCJ.uasset
bulk-import-or-template-content	??	Content/__ExternalActors__/Cyberpunk/Maps/CyberAlley_WP/F/1W/DWNQ4TRT1TN8T3HI67V7VD.uasset
bulk-import-or-template-content	??	Content/__ExternalActors__/Cyberpunk/Maps/CyberAlley_WP/F/26/9TWXEO1L58HAJ6FCPLZVTE.uasset
bulk-import-or-template-content	??	Content/__ExternalActors__/Cyberpunk/Maps/CyberAlley_WP/F/2A/TZ9PCAB5LVENYE0LWXO4LV.uasset
bulk-import-or-template-content	??	Content/__ExternalActors__/Cyberpunk/Maps/CyberAlley_WP/F/2E/74PC18AW9Y5GJO7Q8EC8BI.uasset
bulk-import-or-template-content	??	Content/__ExternalActors__/Cyberpunk/Maps/CyberAlley_WP/F/2J/DCG08S4WAD1O5M5LE7NXEA.uasset
bulk-import-or-template-content	??	Content/__ExternalActors__/Cyberpunk/Maps/CyberAlley_WP/F/2U/VSYNU8D8HWRBLPJ2W07YQE.uasset
bulk-import-or-template-content	??	Content/__ExternalActors__/Cyberpunk/Maps/CyberAlley_WP/F/30/68AAZKP0ANRPWOGWRKQUGR.uasset
bulk-import-or-template-content	??	Content/__ExternalActors__/Cyberpunk/Maps/CyberAlley_WP/F/35/DCOIXNY0N3K4DA3CXBQ9MA.uasset
bulk-import-or-template-content	??	Content/__ExternalActors__/Cyberpunk/Maps/CyberAlley_WP/F/36/Y9YOP62FIHRHRQSKAKC99V.uasset
bulk-import-or-template-content	??	Content/__ExternalActors__/Cyberpunk/Maps/CyberAlley_WP/F/3G/VDBDZF081634F7BV83NHPG.uasset
bulk-import-or-template-content	??	Content/__ExternalActors__/Cyberpunk/Maps/CyberAlley_WP/F/3V/C0YC6BF17YKFYZDLLEC8E3.uasset
bulk-import-or-template-content	??	Content/__ExternalActors__/Cyberpunk/Maps/CyberAlley_WP/F/45/1O2FEB7X89HCW4DK664FD2.uasset
bulk-import-or-template-content	??	Content/__ExternalActors__/Cyberpunk/Maps/CyberAlley_WP/F/4G/59HYTGP172EYC05EQZTGPU.uasset
bulk-import-or-template-content	??	Content/__ExternalActors__/Cyberpunk/Maps/CyberAlley_WP/F/4K/7NG8R0ZJZJBNTKRG44NHUA.uasset
bulk-import-or-template-content	??	Content/__ExternalActors__/Cyberpunk/Maps/CyberAlley_WP/F/4Z/XFXYLPD4YGRWJQB9YVDL9Q.uasset
bulk-import-or-template-content	??	Content/__ExternalObjects__/Cyberpunk/Maps/CyberAlley_WP/0/FS/DLMZBHKB2CUIXT5V42ZICB.uasset
bulk-import-or-template-content	??	Content/__ExternalObjects__/Cyberpunk/Maps/CyberAlley_WP/0/KR/C5QDTCRWV9RFO3BZ7D1IZ6.uasset
bulk-import-or-template-content	??	Content/__ExternalObjects__/Cyberpunk/Maps/CyberAlley_WP/0/NX/JUHL08R6HAC4VHKDLFNOXW.uasset
bulk-import-or-template-content	??	Content/__ExternalObjects__/Cyberpunk/Maps/CyberAlley_WP/1/2R/HNT6DXGOA4KL9Z3V3KA1JU.uasset
bulk-import-or-template-content	??	Content/__ExternalObjects__/Cyberpunk/Maps/CyberAlley_WP/1/6M/1T53RMHL24AM318I5B93Y1.uasset
bulk-import-or-template-content	??	Content/__ExternalObjects__/Cyberpunk/Maps/CyberAlley_WP/2/4T/3PVW3SERGNJZPU56802DOF.uasset
bulk-import-or-template-content	??	Content/__ExternalObjects__/Cyberpunk/Maps/CyberAlley_WP/2/EP/3A94KVIZ19SAUBYE5E4NMV.uasset
bulk-import-or-template-content	??	Content/__ExternalObjects__/Cyberpunk/Maps/CyberAlley_WP/2/U1/7I1ZXC6OFGVS5KYQ5UDG8X.uasset
bulk-import-or-template-content	??	Content/__ExternalObjects__/Cyberpunk/Maps/CyberAlley_WP/2/UP/5K3ZHYD9WU7QF06LEO5KKI.uasset
bulk-import-or-template-content	??	Content/__ExternalObjects__/Cyberpunk/Maps/CyberAlley_WP/3/4D/T0TJW9FEND6J4U1GXT65TJ.uasset
bulk-import-or-template-content	??	Content/__ExternalObjects__/Cyberpunk/Maps/CyberAlley_WP/3/H5/SUURJFHH5HUXWDZVWLAUMX.uasset
bulk-import-or-template-content	??	Content/__ExternalObjects__/Cyberpunk/Maps/CyberAlley_WP/4/EB/IY5C1DAFKAU0ENWWANY5JQ.uasset
bulk-import-or-template-content	??	Content/__ExternalObjects__/Cyberpunk/Maps/CyberAlley_WP/4/VB/X9KEK2S6PHJRF72E0SXD5V.uasset
bulk-import-or-template-content	??	Content/__ExternalObjects__/Cyberpunk/Maps/CyberAlley_WP/4/YV/5UP9DQZH3CFQLLP249AEE1.uasset
bulk-import-or-template-content	??	Content/__ExternalObjects__/Cyberpunk/Maps/CyberAlley_WP/5/4W/577NGZO8NWPXF26B0VP9W6.uasset
bulk-import-or-template-content	??	Content/__ExternalObjects__/Cyberpunk/Maps/CyberAlley_WP/5/FA/N37OS6J8BH2TJLQ1VEXDSG.uasset
bulk-import-or-template-content	??	Content/__ExternalObjects__/Cyberpunk/Maps/CyberAlley_WP/5/G2/BGH48MZXQQQPDWQ4WIEP0N.uasset
bulk-import-or-template-content	??	Content/__ExternalObjects__/Cyberpunk/Maps/CyberAlley_WP/5/ZH/WR8RUFA7DDONR6J461NBVL.uasset
bulk-import-or-template-content	??	Content/__ExternalObjects__/Cyberpunk/Maps/CyberAlley_WP/6/1L/SPKUOW6HIAW3OZS2A4ENKZ.uasset
bulk-import-or-template-content	??	Content/__ExternalObjects__/Cyberpunk/Maps/CyberAlley_WP/6/LK/734FKOOUIEYDXJQDR1ZRYX.uasset
bulk-import-or-template-content	??	Content/__ExternalObjects__/Cyberpunk/Maps/CyberAlley_WP/8/1R/I8GY8F98TA077IDJH8IQ6T.uasset
bulk-import-or-template-content	??	Content/__ExternalObjects__/Cyberpunk/Maps/CyberAlley_WP/9/5P/8BJ27OS5FJ3DRIM778HGRD.uasset
bulk-import-or-template-content	??	Content/__ExternalObjects__/Cyberpunk/Maps/CyberAlley_WP/A/52/TC8DZVGS63IRXBM97YXM74.uasset
bulk-import-or-template-content	??	Content/__ExternalObjects__/Cyberpunk/Maps/CyberAlley_WP/A/BU/4CMP0IRUC8QSZGSDBYE9OF.uasset
bulk-import-or-template-content	??	Content/__ExternalObjects__/Cyberpunk/Maps/CyberAlley_WP/B/0P/N7P8967MAU9JFY9LF080ZT.uasset
bulk-import-or-template-content	??	Content/__ExternalObjects__/Cyberpunk/Maps/CyberAlley_WP/B/MS/YHYK99ZR4SZ4Q4UWFQICGJ.uasset
bulk-import-or-template-content	??	Content/__ExternalObjects__/Cyberpunk/Maps/CyberAlley_WP/C/5O/3IFCULMHVLBVMQRHICJ83N.uasset
bulk-import-or-template-content	??	Content/__ExternalObjects__/Cyberpunk/Maps/CyberAlley_WP/C/GD/MD7NT9PZJNJH4F58J52B8H.uasset
bulk-import-or-template-content	??	Content/__ExternalObjects__/Cyberpunk/Maps/CyberAlley_WP/D/N8/MDGXHGF6IIKPYGZYDDSTIT.uasset
bulk-import-or-template-content	??	Content/__ExternalObjects__/Cyberpunk/Maps/CyberAlley_WP/D/RM/X43JW5L6A4IQ30AVVWRN30.uasset
bulk-import-or-template-content	??	Content/__ExternalObjects__/Cyberpunk/Maps/CyberAlley_WP/E/F0/8XZTA4B9OL30E4AW197PXN.uasset
bulk-import-or-template-content	??	Content/__ExternalObjects__/Cyberpunk/Maps/CyberAlley_WP/E/IP/HAR661LQN0YVT3X4VF6MTK.uasset
bulk-import-or-template-content	??	Content/__ExternalObjects__/Cyberpunk/Maps/CyberAlley_WP/E/JN/6OMINHAJWT5S4FCB6P13XP.uasset
bulk-import-or-template-content	??	Content/__ExternalObjects__/Cyberpunk/Maps/CyberAlley_WP/E/RP/X9MCL6YVB31CMHU0M1KE2Q.uasset
bulk-import-or-template-content	??	Content/__ExternalObjects__/Cyberpunk/Maps/CyberAlley_WP/F/1G/WJ29IMSHO0Z8N6WWC1VG8A.uasset
bulk-import-or-template-content	??	Content/__ExternalObjects__/Cyberpunk/Maps/CyberAlley_WP/F/56/MT915584EZLMAIHYRO8KLS.uasset
bulk-import-or-template-content	??	Content/Assets/Animations/GhostSamurai_Bundle/Demo/Characters/Mannequin_UE4/Rigs/IK_UE4_Mannequin.uasset
bulk-import-or-template-content	??	Content/Assets/Animations/GhostSamurai_Bundle/Demo/Characters/Mannequin_UE4/Rigs/RTG_UE4Manny_UE5Manny.uasset
bulk-import-or-template-content	??	Content/Assets/Animations/GhostSamurai_Bundle/Demo/Characters/Mannequin_UE4/Rigs/RTG_UE5Manny_UE4Manny.uasset
bulk-import-or-template-content	??	Content/Assets/Animations/GhostSamurai_Bundle/Demo/Characters/Mannequins/Rigs/ABP_Manny_PostProcess.uasset
bulk-import-or-template-content	??	Content/Assets/Animations/GhostSamurai_Bundle/Demo/Characters/Mannequins/Rigs/ABP_Quinn_PostProcess.uasset
bulk-import-or-template-content	??	Content/Assets/Animations/GhostSamurai_Bundle/Demo/Characters/Mannequins/Rigs/CR_Mannequin_BasicFootIK.uasset
bulk-import-or-template-content	??	Content/Assets/Animations/GhostSamurai_Bundle/Demo/Characters/Mannequins/Rigs/CR_Mannequin_Body.uasset
bulk-import-or-template-content	??	Content/Assets/Animations/GhostSamurai_Bundle/Demo/Characters/Mannequins/Rigs/CR_Mannequin_Procedural.uasset
bulk-import-or-template-content	??	Content/Assets/Animations/GhostSamurai_Bundle/Demo/Characters/Mannequins/Rigs/IK_Mannequin.uasset
bulk-import-or-template-content	??	Content/Assets/Animations/GhostSamurai_Bundle/Demo/Characters/Mannequins/Rigs/PA_Mannequin.uasset
bulk-import-or-template-content	??	Content/Assets/Animations/GhostSamurai_Bundle/Demo/Characters/Mannequins/Rigs/Poses/Manny/Manny_calf_l_anim.uasset
bulk-import-or-template-content	??	Content/Assets/Animations/GhostSamurai_Bundle/Demo/Characters/Mannequins/Rigs/Poses/Manny/Manny_calf_l_pose.uasset
bulk-import-or-template-content	??	Content/Assets/Animations/GhostSamurai_Bundle/Demo/Characters/Mannequins/Rigs/Poses/Manny/Manny_calf_r_anim.uasset
bulk-import-or-template-content	??	Content/Assets/Animations/GhostSamurai_Bundle/Demo/Characters/Mannequins/Rigs/Poses/Manny/Manny_calf_r_pose.uasset
bulk-import-or-template-content	??	Content/Assets/Animations/GhostSamurai_Bundle/Demo/Characters/Mannequins/Rigs/Poses/Manny/Manny_clavicle_l_anim.uasset
bulk-import-or-template-content	??	Content/Assets/Animations/GhostSamurai_Bundle/Demo/Characters/Mannequins/Rigs/Poses/Manny/Manny_clavicle_l_pose.uasset
bulk-import-or-template-content	??	Content/Assets/Animations/GhostSamurai_Bundle/Demo/Characters/Mannequins/Rigs/Poses/Manny/Manny_clavicle_r_anim.uasset
bulk-import-or-template-content	??	Content/Assets/Animations/GhostSamurai_Bundle/Demo/Characters/Mannequins/Rigs/Poses/Manny/Manny_clavicle_r_pose.uasset
bulk-import-or-template-content	??	Content/Assets/Animations/GhostSamurai_Bundle/Demo/Characters/Mannequins/Rigs/Poses/Manny/Manny_foot_l_anim.uasset
bulk-import-or-template-content	??	Content/Assets/Animations/GhostSamurai_Bundle/Demo/Characters/Mannequins/Rigs/Poses/Manny/Manny_foot_l_pose.uasset
bulk-import-or-template-content	??	Content/Assets/Animations/GhostSamurai_Bundle/Demo/Characters/Mannequins/Rigs/Poses/Manny/Manny_foot_r_anim.uasset
bulk-import-or-template-content	??	Content/Assets/Animations/GhostSamurai_Bundle/Demo/Characters/Mannequins/Rigs/Poses/Manny/Manny_foot_r_pose.uasset
bulk-import-or-template-content	??	Content/Assets/Animations/GhostSamurai_Bundle/Demo/Characters/Mannequins/Rigs/Poses/Manny/Manny_hand_l_anim.uasset
bulk-import-or-template-content	??	Content/Assets/Animations/GhostSamurai_Bundle/Demo/Characters/Mannequins/Rigs/Poses/Manny/Manny_hand_l_pose.uasset
bulk-import-or-template-content	??	Content/Assets/Animations/GhostSamurai_Bundle/Demo/Characters/Mannequins/Rigs/Poses/Manny/Manny_hand_r_anim.uasset
bulk-import-or-template-content	??	Content/Assets/Animations/GhostSamurai_Bundle/Demo/Characters/Mannequins/Rigs/Poses/Manny/Manny_hand_r_pose.uasset
bulk-import-or-template-content	??	Content/Assets/Animations/GhostSamurai_Bundle/Demo/Characters/Mannequins/Rigs/Poses/Manny/Manny_lowerarm_l_anim.uasset
bulk-import-or-template-content	??	Content/Assets/Animations/GhostSamurai_Bundle/Demo/Characters/Mannequins/Rigs/Poses/Manny/Manny_lowerarm_l_pose.uasset
bulk-import-or-template-content	??	Content/Assets/Animations/GhostSamurai_Bundle/Demo/Characters/Mannequins/Rigs/Poses/Manny/Manny_lowerarm_r_anim.uasset
bulk-import-or-template-content	??	Content/Assets/Animations/GhostSamurai_Bundle/Demo/Characters/Mannequins/Rigs/Poses/Manny/Manny_lowerarm_r_pose.uasset
bulk-import-or-template-content	??	Content/Assets/Animations/GhostSamurai_Bundle/Demo/Characters/Mannequins/Rigs/Poses/Manny/Manny_thigh_l_anim.uasset
bulk-import-or-template-content	??	Content/Assets/Animations/GhostSamurai_Bundle/Demo/Characters/Mannequins/Rigs/Poses/Manny/Manny_thigh_l_pose.uasset
bulk-import-or-template-content	??	Content/Assets/Animations/GhostSamurai_Bundle/Demo/Characters/Mannequins/Rigs/Poses/Manny/Manny_thigh_r_anim.uasset
bulk-import-or-template-content	??	Content/Assets/Animations/GhostSamurai_Bundle/Demo/Characters/Mannequins/Rigs/Poses/Manny/Manny_thigh_r_pose.uasset
bulk-import-or-template-content	??	Content/Assets/Animations/GhostSamurai_Bundle/Demo/Characters/Mannequins/Rigs/Poses/Manny/Manny_upperarm_l_anim.uasset
bulk-import-or-template-content	??	Content/Assets/Animations/GhostSamurai_Bundle/Demo/Characters/Mannequins/Rigs/Poses/Manny/Manny_upperarm_l_pose.uasset
bulk-import-or-template-content	??	Content/Assets/Animations/GhostSamurai_Bundle/Demo/Characters/Mannequins/Rigs/Poses/Manny/Manny_upperarm_r_anim.uasset
bulk-import-or-template-content	??	Content/Assets/Animations/GhostSamurai_Bundle/Demo/Characters/Mannequins/Rigs/Poses/Manny/Manny_upperarm_r_pose.uasset
bulk-import-or-template-content	??	Content/Assets/Animations/GhostSamurai_Bundle/Demo/Characters/Mannequins/Rigs/Poses/Quinn/Quinn_calf_l_anim.uasset
bulk-import-or-template-content	??	Content/Assets/Animations/GhostSamurai_Bundle/Demo/Characters/Mannequins/Rigs/Poses/Quinn/Quinn_calf_l_pose.uasset
bulk-import-or-template-content	??	Content/Assets/Animations/GhostSamurai_Bundle/Demo/Characters/Mannequins/Rigs/Poses/Quinn/Quinn_calf_r_anim.uasset
bulk-import-or-template-content	??	Content/Assets/Animations/GhostSamurai_Bundle/Demo/Characters/Mannequins/Rigs/Poses/Quinn/Quinn_calf_r_pose.uasset
bulk-import-or-template-content	??	Content/Assets/Animations/GhostSamurai_Bundle/Demo/Characters/Mannequins/Rigs/Poses/Quinn/Quinn_clavicle_l_anim.uasset
bulk-import-or-template-content	??	Content/Assets/Animations/GhostSamurai_Bundle/Demo/Characters/Mannequins/Rigs/Poses/Quinn/Quinn_clavicle_l_pose.uasset
bulk-import-or-template-content	??	Content/Assets/Animations/GhostSamurai_Bundle/Demo/Characters/Mannequins/Rigs/Poses/Quinn/Quinn_clavicle_r_anim.uasset
bulk-import-or-template-content	??	Content/Assets/Animations/GhostSamurai_Bundle/Demo/Characters/Mannequins/Rigs/Poses/Quinn/Quinn_clavicle_r_pose.uasset
bulk-import-or-template-content	??	Content/Assets/Animations/GhostSamurai_Bundle/Demo/Characters/Mannequins/Rigs/Poses/Quinn/Quinn_foot_l_anim.uasset
bulk-import-or-template-content	??	Content/Assets/Animations/GhostSamurai_Bundle/Demo/Characters/Mannequins/Rigs/Poses/Quinn/Quinn_foot_l_pose.uasset
bulk-import-or-template-content	??	Content/Assets/Animations/GhostSamurai_Bundle/Demo/Characters/Mannequins/Rigs/Poses/Quinn/Quinn_foot_r_anim.uasset
bulk-import-or-template-content	??	Content/Assets/Animations/GhostSamurai_Bundle/Demo/Characters/Mannequins/Rigs/Poses/Quinn/Quinn_foot_r_pose.uasset
bulk-import-or-template-content	??	Content/Assets/Animations/GhostSamurai_Bundle/Demo/Characters/Mannequins/Rigs/Poses/Quinn/Quinn_hand_l_anim.uasset
bulk-import-or-template-content	??	Content/Assets/Animations/GhostSamurai_Bundle/Demo/Characters/Mannequins/Rigs/Poses/Quinn/Quinn_hand_l_pose.uasset
bulk-import-or-template-content	??	Content/Assets/Animations/GhostSamurai_Bundle/Demo/Characters/Mannequins/Rigs/Poses/Quinn/Quinn_hand_r_anim.uasset
bulk-import-or-template-content	??	Content/Assets/Animations/GhostSamurai_Bundle/Demo/Characters/Mannequins/Rigs/Poses/Quinn/Quinn_hand_r_pose.uasset
bulk-import-or-template-content	??	Content/Assets/Animations/GhostSamurai_Bundle/Demo/Characters/Mannequins/Rigs/Poses/Quinn/Quinn_lowerarm_l_anim.uasset
bulk-import-or-template-content	??	Content/Assets/Animations/GhostSamurai_Bundle/Demo/Characters/Mannequins/Rigs/Poses/Quinn/Quinn_lowerarm_l_pose.uasset
bulk-import-or-template-content	??	Content/Assets/Animations/GhostSamurai_Bundle/Demo/Characters/Mannequins/Rigs/Poses/Quinn/Quinn_lowerarm_r_anim.uasset
bulk-import-or-template-content	??	Content/Assets/Animations/GhostSamurai_Bundle/Demo/Characters/Mannequins/Rigs/Poses/Quinn/Quinn_lowerarm_r_pose.uasset
bulk-import-or-template-content	??	Content/Assets/Animations/GhostSamurai_Bundle/Demo/Characters/Mannequins/Rigs/Poses/Quinn/Quinn_thigh_l_anim.uasset
bulk-import-or-template-content	??	Content/Assets/Animations/GhostSamurai_Bundle/Demo/Characters/Mannequins/Rigs/Poses/Quinn/Quinn_thigh_l_pose.uasset
bulk-import-or-template-content	??	Content/Assets/Animations/GhostSamurai_Bundle/Demo/Characters/Mannequins/Rigs/Poses/Quinn/Quinn_thigh_r_anim.uasset
bulk-import-or-template-content	??	Content/Assets/Animations/GhostSamurai_Bundle/Demo/Characters/Mannequins/Rigs/Poses/Quinn/Quinn_thigh_r_pose.uasset
bulk-import-or-template-content	??	Content/Assets/Animations/GhostSamurai_Bundle/Demo/Characters/Mannequins/Rigs/Poses/Quinn/Quinn_upperarm_l_anim.uasset
bulk-import-or-template-content	??	Content/Assets/Animations/GhostSamurai_Bundle/Demo/Characters/Mannequins/Rigs/Poses/Quinn/Quinn_upperarm_l_pose.uasset
bulk-import-or-template-content	??	Content/Assets/Animations/GhostSamurai_Bundle/Demo/Characters/Mannequins/Rigs/Poses/Quinn/Quinn_upperarm_r_anim.uasset
bulk-import-or-template-content	??	Content/Assets/Animations/GhostSamurai_Bundle/Demo/Characters/Mannequins/Rigs/Poses/Quinn/Quinn_upperarm_r_pose.uasset
bulk-import-or-template-content	??	Content/Assets/Animations/GhostSamurai_Bundle/Demo/Characters/Mannequins/Rigs/RTG_Mannequin.uasset
bulk-import-or-template-content	??	Content/Assets/Animations/GhostSamurai_Bundle/GhostSamurai/Blueprints/ABP_GhostSamurai_Katana.uasset
bulk-import-or-template-content	??	Content/Assets/Animations/GhostSamurai_Bundle/GhostSamurai/Blueprints/Enemy.uasset
bulk-import-or-template-content	??	Content/Assets/Animations/GhostSamurai_Bundle/GhostSamurai/Blueprints/GhostSamurai_Bow.uasset
bulk-import-or-template-content	??	Content/Assets/Animations/GhostSamurai_Bundle/GhostSamurai/Blueprints/GhostSamurai_Common.uasset
bulk-import-or-template-content	??	Content/Assets/Animations/GhostSamurai_Bundle/GhostSamurai/Blueprints/GhostSamurai_Katana_Skill.uasset
bulk-import-or-template-content	??	Content/Assets/Animations/GhostSamurai_Bundle/GhostSamurai/Blueprints/GhostSamurai_Katana.uasset
bulk-import-or-template-content	??	Content/Assets/Animations/GhostSamurai_Bundle/GhostSamurai/Bow/Attack/AimPose/GhostSamurai_Bow_Shoot_AimPose_Down_L.uasset
bulk-import-or-template-content	??	Content/Assets/Animations/GhostSamurai_Bundle/GhostSamurai/Bow/Attack/AimPose/GhostSamurai_Bow_Shoot_AimPose_Down_R.uasset
bulk-import-or-template-content	??	Content/Assets/Animations/GhostSamurai_Bundle/GhostSamurai/Bow/Attack/AimPose/GhostSamurai_Bow_Shoot_AimPose_Down.uasset
bulk-import-or-template-content	??	Content/Assets/Animations/GhostSamurai_Bundle/GhostSamurai/Bow/Attack/AimPose/GhostSamurai_Bow_Shoot_AimPose_F.uasset
bulk-import-or-template-content	??	Content/Assets/Animations/GhostSamurai_Bundle/GhostSamurai/Bow/Attack/AimPose/GhostSamurai_Bow_Shoot_AimPose_L.uasset
bulk-import-or-template-content	??	Content/Assets/Animations/GhostSamurai_Bundle/GhostSamurai/Bow/Attack/AimPose/GhostSamurai_Bow_Shoot_AimPose_R.uasset
bulk-import-or-template-content	??	Content/Assets/Animations/GhostSamurai_Bundle/GhostSamurai/Bow/Attack/AimPose/GhostSamurai_Bow_Shoot_AimPose_Up_L.uasset
bulk-import-or-template-content	??	Content/Assets/Animations/GhostSamurai_Bundle/GhostSamurai/Bow/Attack/AimPose/GhostSamurai_Bow_Shoot_AimPose_Up_R.uasset
bulk-import-or-template-content	??	Content/Assets/Animations/GhostSamurai_Bundle/GhostSamurai/Bow/Attack/AimPose/GhostSamurai_Bow_Shoot_AimPose_Up.uasset
bulk-import-or-template-content	??	Content/Assets/Animations/GhostSamurai_Bundle/GhostSamurai/Bow/Attack/AirAimPose/GhostSamurai_Bow_Shoot_AirAimPose_Down_L.uasset
bulk-import-or-template-content	??	Content/Assets/Animations/GhostSamurai_Bundle/GhostSamurai/Bow/Attack/AirAimPose/GhostSamurai_Bow_Shoot_AirAimPose_Down_R.uasset
bulk-import-or-template-content	??	Content/Assets/Animations/GhostSamurai_Bundle/GhostSamurai/Bow/Attack/AirAimPose/GhostSamurai_Bow_Shoot_AirAimPose_Down.uasset
bulk-import-or-template-content	??	Content/Assets/Animations/GhostSamurai_Bundle/GhostSamurai/Bow/Attack/AirAimPose/GhostSamurai_Bow_Shoot_AirAimPose_F.uasset
bulk-import-or-template-content	??	Content/Assets/Animations/GhostSamurai_Bundle/GhostSamurai/Bow/Attack/AirAimPose/GhostSamurai_Bow_Shoot_AirAimPose_L.uasset
bulk-import-or-template-content	??	Content/Assets/Animations/GhostSamurai_Bundle/GhostSamurai/Bow/Attack/AirAimPose/GhostSamurai_Bow_Shoot_AirAimPose_R.uasset
bulk-import-or-template-content	??	Content/Assets/Animations/GhostSamurai_Bundle/GhostSamurai/Bow/Attack/AirAimPose/GhostSamurai_Bow_Shoot_AirAimPose_Up_L.uasset
bulk-import-or-template-content	??	Content/Assets/Animations/GhostSamurai_Bundle/GhostSamurai/Bow/Attack/AirAimPose/GhostSamurai_Bow_Shoot_AirAimPose_Up_R.uasset
bulk-import-or-template-content	??	Content/Assets/Animations/GhostSamurai_Bundle/GhostSamurai/Bow/Attack/AirAimPose/GhostSamurai_Bow_Shoot_AirAimPose_Up.uasset
bulk-import-or-template-content	??	Content/Assets/Animations/GhostSamurai_Bundle/GhostSamurai/Bow/Attack/CrouchAimPose/GhostSamurai_Bow_Shoot_Crouch_AimPose_Down_L.uasset
bulk-import-or-template-content	??	Content/Assets/Animations/GhostSamurai_Bundle/GhostSamurai/Bow/Attack/CrouchAimPose/GhostSamurai_Bow_Shoot_Crouch_AimPose_Down_R.uasset
bulk-import-or-template-content	??	Content/Assets/Animations/GhostSamurai_Bundle/GhostSamurai/Bow/Attack/CrouchAimPose/GhostSamurai_Bow_Shoot_Crouch_AimPose_Down.uasset
bulk-import-or-template-content	??	Content/Assets/Animations/GhostSamurai_Bundle/GhostSamurai/Bow/Attack/CrouchAimPose/GhostSamurai_Bow_Shoot_Crouch_AimPose_F.uasset
bulk-import-or-template-content	??	Content/Assets/Animations/GhostSamurai_Bundle/GhostSamurai/Bow/Attack/CrouchAimPose/GhostSamurai_Bow_Shoot_Crouch_AimPose_L.uasset
bulk-import-or-template-content	??	Content/Assets/Animations/GhostSamurai_Bundle/GhostSamurai/Bow/Attack/CrouchAimPose/GhostSamurai_Bow_Shoot_Crouch_AimPose_R.uasset
bulk-import-or-template-content	??	Content/Assets/Animations/GhostSamurai_Bundle/GhostSamurai/Bow/Attack/CrouchAimPose/GhostSamurai_Bow_Shoot_Crouch_AimPose_Up_L.uasset
bulk-import-or-template-content	??	Content/Assets/Animations/GhostSamurai_Bundle/GhostSamurai/Bow/Attack/CrouchAimPose/GhostSamurai_Bow_Shoot_Crouch_AimPose_Up_R.uasset
bulk-import-or-template-content	??	Content/Assets/Animations/GhostSamurai_Bundle/GhostSamurai/Bow/Attack/CrouchAimPose/GhostSamurai_Bow_Shoot_Crouch_AimPose_Up.uasset
bulk-import-or-template-content	??	Content/Assets/Animations/GhostSamurai_Bundle/GhostSamurai/Bow/Attack/GhostSamurai_Bow_AirShoot_End_Root.uasset
bulk-import-or-template-content	??	Content/Assets/Animations/GhostSamurai_Bundle/GhostSamurai/Bow/Attack/GhostSamurai_Bow_AirShoot_Idle_Root.uasset
bulk-import-or-template-content	??	Content/Assets/Animations/GhostSamurai_Bundle/GhostSamurai/Bow/Attack/GhostSamurai_Bow_AirShoot_Loop_Root.uasset
bulk-import-or-template-content	??	Content/Assets/Animations/GhostSamurai_Bundle/GhostSamurai/Bow/Attack/GhostSamurai_Bow_AirShoot_Montage.uasset
bulk-import-or-template-content	??	Content/Assets/Animations/GhostSamurai_Bundle/GhostSamurai/Bow/Attack/GhostSamurai_Bow_AirShoot_Start_Root.uasset
bulk-import-or-template-content	??	Content/Assets/Animations/GhostSamurai_Bundle/GhostSamurai/Bow/Attack/GhostSamurai_Bow_RainShoot_Burst_Root.uasset
bulk-import-or-template-content	??	Content/Assets/Animations/GhostSamurai_Bundle/GhostSamurai/Bow/Attack/GhostSamurai_Bow_RainShoot_End_Root.uasset
bulk-import-or-template-content	??	Content/Assets/Animations/GhostSamurai_Bundle/GhostSamurai/Bow/Attack/GhostSamurai_Bow_RainShoot_Enhance_Root.uasset
bulk-import-or-template-content	??	Content/Assets/Animations/GhostSamurai_Bundle/GhostSamurai/Bow/Attack/GhostSamurai_Bow_RainShoot_Hold_Root.uasset
bulk-import-or-template-content	??	Content/Assets/Animations/GhostSamurai_Bundle/GhostSamurai/Bow/Attack/GhostSamurai_Bow_RainShoot_Loop_Root.uasset
bulk-import-or-template-content	??	Content/Assets/Animations/GhostSamurai_Bundle/GhostSamurai/Bow/Attack/GhostSamurai_Bow_RainShoot_Start_Root.uasset
bulk-import-or-template-content	??	Content/Assets/Animations/GhostSamurai_Bundle/GhostSamurai/Bow/Attack/GhostSamurai_Bow_Shoot_Aim_Idle_Root.uasset
bulk-import-or-template-content	??	Content/Assets/Animations/GhostSamurai_Bundle/GhostSamurai/Bow/Attack/GhostSamurai_Bow_Shoot_AimCrouch_End_Root.uasset
bulk-import-or-template-content	??	Content/Assets/Animations/GhostSamurai_Bundle/GhostSamurai/Bow/Attack/GhostSamurai_Bow_Shoot_AimCrouch_Idle_Root.uasset
bulk-import-or-template-content	??	Content/Assets/Animations/GhostSamurai_Bundle/GhostSamurai/Bow/Attack/GhostSamurai_Bow_Shoot_AimCrouch_Start_Root.uasset
bulk-import-or-template-content	??	Content/Assets/Animations/GhostSamurai_Bundle/GhostSamurai/Bow/Attack/GhostSamurai_Bow_Shoot_Cancel_Root.uasset
bulk-import-or-template-content	??	Content/Assets/Animations/GhostSamurai_Bundle/GhostSamurai/Bow/Attack/GhostSamurai_Bow_Shoot_End_Root.uasset
bulk-import-or-template-content	??	Content/Assets/Animations/GhostSamurai_Bundle/GhostSamurai/Bow/Attack/GhostSamurai_Bow_Shoot_Loop_Root.uasset
bulk-import-or-template-content	??	Content/Assets/Animations/GhostSamurai_Bundle/GhostSamurai/Bow/Attack/GhostSamurai_Bow_Shoot_SP_Burst_Root.uasset
bulk-import-or-template-content	??	Content/Assets/Animations/GhostSamurai_Bundle/GhostSamurai/Bow/Attack/GhostSamurai_Bow_Shoot_SP_End_Root.uasset
bulk-import-or-template-content	??	Content/Assets/Animations/GhostSamurai_Bundle/GhostSamurai/Bow/Attack/GhostSamurai_Bow_Shoot_SP_Enhance_Hold_Root.uasset
bulk-import-or-template-content	??	Content/Assets/Animations/GhostSamurai_Bundle/GhostSamurai/Bow/Attack/GhostSamurai_Bow_Shoot_SP_Enhance_Root.uasset
bulk-import-or-template-content	??	Content/Assets/Animations/GhostSamurai_Bundle/GhostSamurai/Bow/Attack/GhostSamurai_Bow_Shoot_SP_Idle_Root.uasset
bulk-import-or-template-content	??	Content/Assets/Animations/GhostSamurai_Bundle/GhostSamurai/Bow/Attack/GhostSamurai_Bow_Shoot_SP_Start_Root.uasset
bulk-import-or-template-content	??	Content/Assets/Animations/GhostSamurai_Bundle/GhostSamurai/Bow/Attack/GhostSamurai_Bow_Shoot_SP01_Root.uasset
bulk-import-or-template-content	??	Content/Assets/Animations/GhostSamurai_Bundle/GhostSamurai/Bow/Attack/GhostSamurai_Bow_Shoot_SP02_Root.uasset
bulk-import-or-template-content	??	Content/Assets/Animations/GhostSamurai_Bundle/GhostSamurai/Bow/Attack/GhostSamurai_Bow_Shoot_SP03_Root.uasset
bulk-import-or-template-content	??	Content/Assets/Animations/GhostSamurai_Bundle/GhostSamurai/Bow/Attack/GhostSamurai_Bow_Shoot_SP04_Root.uasset
bulk-import-or-template-content	??	Content/Assets/Animations/GhostSamurai_Bundle/GhostSamurai/Bow/Attack/GhostSamurai_Bow_Shoot_SP05_Root.uasset
bulk-import-or-template-content	??	Content/Assets/Animations/GhostSamurai_Bundle/GhostSamurai/Bow/Attack/GhostSamurai_Bow_Shoot_Start_Root.uasset
bulk-import-or-template-content	??	Content/Assets/Animations/GhostSamurai_Bundle/GhostSamurai/Bow/Attack/SPAimPose/GhostSamurai_Bow_Shoot_SPAimPose_Down_L.uasset
bulk-import-or-template-content	??	Content/Assets/Animations/GhostSamurai_Bundle/GhostSamurai/Bow/Attack/SPAimPose/GhostSamurai_Bow_Shoot_SPAimPose_Down_R.uasset
bulk-import-or-template-content	??	Content/Assets/Animations/GhostSamurai_Bundle/GhostSamurai/Bow/Attack/SPAimPose/GhostSamurai_Bow_Shoot_SPAimPose_Down.uasset
bulk-import-or-template-content	??	Content/Assets/Animations/GhostSamurai_Bundle/GhostSamurai/Bow/Attack/SPAimPose/GhostSamurai_Bow_Shoot_SPAimPose_F.uasset
bulk-import-or-template-content	??	Content/Assets/Animations/GhostSamurai_Bundle/GhostSamurai/Bow/Attack/SPAimPose/GhostSamurai_Bow_Shoot_SPAimPose_L.uasset
bulk-import-or-template-content	??	Content/Assets/Animations/GhostSamurai_Bundle/GhostSamurai/Bow/Attack/SPAimPose/GhostSamurai_Bow_Shoot_SPAimPose_R.uasset
bulk-import-or-template-content	??	Content/Assets/Animations/GhostSamurai_Bundle/GhostSamurai/Bow/Attack/SPAimPose/GhostSamurai_Bow_Shoot_SPAimPose_Up_L.uasset
bulk-import-or-template-content	??	Content/Assets/Animations/GhostSamurai_Bundle/GhostSamurai/Bow/Attack/SPAimPose/GhostSamurai_Bow_Shoot_SPAimPose_Up_R.uasset
bulk-import-or-template-content	??	Content/Assets/Animations/GhostSamurai_Bundle/GhostSamurai/Bow/Attack/SPAimPose/GhostSamurai_Bow_Shoot_SPAimPose_Up.uasset
bulk-import-or-template-content	??	Content/Assets/Animations/GhostSamurai_Bundle/GhostSamurai/Bow/Common/CommonCrouch/GhostSamurai_Bow_Common2CommonCrouch_Root.uasset
bulk-import-or-template-content	??	Content/Assets/Animations/GhostSamurai_Bundle/GhostSamurai/Bow/Common/CommonCrouch/GhostSamurai_Bow_CommonCrouch_Idle_Root.uasset
bulk-import-or-template-content	??	Content/Assets/Animations/GhostSamurai_Bundle/GhostSamurai/Bow/Common/CommonCrouch/GhostSamurai_Bow_CommonCrouch_Run_End_Root.uasset
bulk-import-or-template-content	??	Content/Assets/Animations/GhostSamurai_Bundle/GhostSamurai/Bow/Common/CommonCrouch/GhostSamurai_Bow_CommonCrouch_Run_Loop_Root.uasset
bulk-import-or-template-content	??	Content/Assets/Animations/GhostSamurai_Bundle/GhostSamurai/Bow/Common/CommonCrouch/GhostSamurai_Bow_CommonCrouch_Run_Start_Root.uasset
bulk-import-or-template-content	??	Content/Assets/Animations/GhostSamurai_Bundle/GhostSamurai/Bow/Common/CommonCrouch/GhostSamurai_Bow_CommonCrouch_Walk_B_Root.uasset
bulk-import-or-template-content	??	Content/Assets/Animations/GhostSamurai_Bundle/GhostSamurai/Bow/Common/CommonCrouch/GhostSamurai_Bow_CommonCrouch_Walk_BL_Root.uasset
bulk-import-or-template-content	??	Content/Assets/Animations/GhostSamurai_Bundle/GhostSamurai/Bow/Common/CommonCrouch/GhostSamurai_Bow_CommonCrouch_Walk_BR_Root.uasset
bulk-import-or-template-content	??	Content/Assets/Animations/GhostSamurai_Bundle/GhostSamurai/Bow/Common/CommonCrouch/GhostSamurai_Bow_CommonCrouch_Walk_F_End_Root.uasset
bulk-import-or-template-content	??	Content/Assets/Animations/GhostSamurai_Bundle/GhostSamurai/Bow/Common/CommonCrouch/GhostSamurai_Bow_CommonCrouch_Walk_F_Loop_Root.uasset
bulk-import-or-template-content	??	Content/Assets/Animations/GhostSamurai_Bundle/GhostSamurai/Bow/Common/CommonCrouch/GhostSamurai_Bow_CommonCrouch_Walk_F_Start_Root.uasset
bulk-import-or-template-content	??	Content/Assets/Animations/GhostSamurai_Bundle/GhostSamurai/Bow/Common/CommonCrouch/GhostSamurai_Bow_CommonCrouch_Walk_FL_Root.uasset
bulk-import-or-template-content	??	Content/Assets/Animations/GhostSamurai_Bundle/GhostSamurai/Bow/Common/CommonCrouch/GhostSamurai_Bow_CommonCrouch_Walk_FR_Root.uasset
bulk-import-or-template-content	??	Content/Assets/Animations/GhostSamurai_Bundle/GhostSamurai/Bow/Common/CommonCrouch/GhostSamurai_Bow_CommonCrouch_Walk_L_Root.uasset
bulk-import-or-template-content	??	Content/Assets/Animations/GhostSamurai_Bundle/GhostSamurai/Bow/Common/CommonCrouch/GhostSamurai_Bow_CommonCrouch_Walk_R_Root.uasset
bulk-import-or-template-content	??	Content/Assets/Animations/GhostSamurai_Bundle/GhostSamurai/Bow/Common/CommonCrouch/GhostSamurai_Bow_CommonCrouch2Common_Root.uasset
bulk-import-or-template-content	??	Content/Assets/Animations/GhostSamurai_Bundle/GhostSamurai/Bow/Common/EquipAndUnarm/GhostSamurai_Bow_Common_Equip_Root.uasset
bulk-import-or-template-content	??	Content/Assets/Animations/GhostSamurai_Bundle/GhostSamurai/Bow/Common/EquipAndUnarm/GhostSamurai_Bow_Common_Unarm_Root.uasset
bulk-import-or-template-content	??	Content/Assets/Animations/GhostSamurai_Bundle/GhostSamurai/Bow/Common/EquipAndUnarm/GhostSamurai_Bow_CommonCrouch_Equip_Root.uasset
bulk-import-or-template-content	??	Content/Assets/Animations/GhostSamurai_Bundle/GhostSamurai/Bow/Common/EquipAndUnarm/GhostSamurai_Bow_CommonCrouch_Unarm_Root.uasset
bulk-import-or-template-content	??	Content/Assets/Animations/GhostSamurai_Bundle/GhostSamurai/Bow/Common/GhostSamurai_Bow_Common_Idle_Root.uasset
bulk-import-or-template-content	??	Content/Assets/Animations/GhostSamurai_Bundle/GhostSamurai/Bow/Common/GhostSamurai_Bow_Common_Jump_End_Root.uasset
bulk-import-or-template-content	??	Content/Assets/Animations/GhostSamurai_Bundle/GhostSamurai/Bow/Common/GhostSamurai_Bow_Common_Jump_Loop_Root.uasset
bulk-import-or-template-content	??	Content/Assets/Animations/GhostSamurai_Bundle/GhostSamurai/Bow/Common/GhostSamurai_Bow_Common_Jump_Start_1_Root.uasset
bulk-import-or-template-content	??	Content/Assets/Animations/GhostSamurai_Bundle/GhostSamurai/Bow/Common/GhostSamurai_Bow_Common_Jump_Start_Root.uasset
bulk-import-or-template-content	??	Content/Assets/Animations/GhostSamurai_Bundle/GhostSamurai/Bow/Common/GhostSamurai_Bow_Common_Pose.uasset
bulk-import-or-template-content	??	Content/Assets/Animations/GhostSamurai_Bundle/GhostSamurai/Bow/Common/GhostSamurai_Bow_Common_Run_End_Root.uasset
bulk-import-or-template-content	??	Content/Assets/Animations/GhostSamurai_Bundle/GhostSamurai/Bow/Common/GhostSamurai_Bow_Common_Run_Loop_Root.uasset
bulk-import-or-template-content	??	Content/Assets/Animations/GhostSamurai_Bundle/GhostSamurai/Bow/Common/GhostSamurai_Bow_Common_Run_Sprint_Root.uasset
bulk-import-or-template-content	??	Content/Assets/Animations/GhostSamurai_Bundle/GhostSamurai/Bow/Common/GhostSamurai_Bow_Common_Run_Start_Root.uasset
bulk-import-or-template-content	??	Content/Assets/Animations/GhostSamurai_Bundle/GhostSamurai/Bow/Common/GhostSamurai_Bow_Common_Walk_End_Root.uasset
bulk-import-or-template-content	??	Content/Assets/Animations/GhostSamurai_Bundle/GhostSamurai/Bow/Common/GhostSamurai_Bow_Common_Walk_Loop_Root.uasset
bulk-import-or-template-content	??	Content/Assets/Animations/GhostSamurai_Bundle/GhostSamurai/Bow/Common/GhostSamurai_Bow_Common_Walk_Start_Root.uasset
bulk-import-or-template-content	??	Content/Assets/Animations/GhostSamurai_Bundle/GhostSamurai/Bow/Common/Run/GhostSamurai_Bow_Common_StrafeRun_B_Root.uasset
bulk-import-or-template-content	??	Content/Assets/Animations/GhostSamurai_Bundle/GhostSamurai/Bow/Common/Run/GhostSamurai_Bow_Common_StrafeRun_BL_Root.uasset
bulk-import-or-template-content	??	Content/Assets/Animations/GhostSamurai_Bundle/GhostSamurai/Bow/Common/Run/GhostSamurai_Bow_Common_StrafeRun_BR_Root.uasset
bulk-import-or-template-content	??	Content/Assets/Animations/GhostSamurai_Bundle/GhostSamurai/Bow/Common/Run/GhostSamurai_Bow_Common_StrafeRun_F_Root.uasset
bulk-import-or-template-content	??	Content/Assets/Animations/GhostSamurai_Bundle/GhostSamurai/Bow/Common/Run/GhostSamurai_Bow_Common_StrafeRun_FL_Root.uasset
bulk-import-or-template-content	??	Content/Assets/Animations/GhostSamurai_Bundle/GhostSamurai/Bow/Common/Run/GhostSamurai_Bow_Common_StrafeRun_FR_Root.uasset
bulk-import-or-template-content	??	Content/Assets/Animations/GhostSamurai_Bundle/GhostSamurai/Bow/Common/Run/GhostSamurai_Bow_Common_StrafeRun_L_Root.uasset
bulk-import-or-template-content	??	Content/Assets/Animations/GhostSamurai_Bundle/GhostSamurai/Bow/Common/Run/GhostSamurai_Bow_Common_StrafeRun_R_Root.uasset
bulk-import-or-template-content	??	Content/Assets/Animations/GhostSamurai_Bundle/GhostSamurai/Bow/Common/Walk/GhostSamurai_Bow_Common_StrafeWalkB_Root.uasset
bulk-import-or-template-content	??	Content/Assets/Animations/GhostSamurai_Bundle/GhostSamurai/Bow/Common/Walk/GhostSamurai_Bow_Common_StrafeWalkBL_Root.uasset
bulk-import-or-template-content	??	Content/Assets/Animations/GhostSamurai_Bundle/GhostSamurai/Bow/Common/Walk/GhostSamurai_Bow_Common_StrafeWalkBR_Root.uasset
bulk-import-or-template-content	??	Content/Assets/Animations/GhostSamurai_Bundle/GhostSamurai/Bow/Common/Walk/GhostSamurai_Bow_Common_StrafeWalkF_Root.uasset
bulk-import-or-template-content	??	Content/Assets/Animations/GhostSamurai_Bundle/GhostSamurai/Bow/Common/Walk/GhostSamurai_Bow_Common_StrafeWalkFL_Root.uasset
bulk-import-or-template-content	??	Content/Assets/Animations/GhostSamurai_Bundle/GhostSamurai/Bow/Common/Walk/GhostSamurai_Bow_Common_StrafeWalkFR_Root.uasset
bulk-import-or-template-content	??	Content/Assets/Animations/GhostSamurai_Bundle/GhostSamurai/Bow/Common/Walk/GhostSamurai_Bow_Common_StrafeWalkL_Root.uasset
bulk-import-or-template-content	??	Content/Assets/Animations/GhostSamurai_Bundle/GhostSamurai/Bow/Common/Walk/GhostSamurai_Bow_Common_StrafeWalkR_Root.uasset
bulk-import-or-template-content	??	Content/Assets/Animations/GhostSamurai_Bundle/GhostSamurai/Bow/Die/GhostSamurai_Bow_Die01_Root.uasset
bulk-import-or-template-content	??	Content/Assets/Animations/GhostSamurai_Bundle/GhostSamurai/Bow/Die/GhostSamurai_Bow_Die02_Root.uasset
bulk-import-or-template-content	??	Content/Assets/Animations/GhostSamurai_Bundle/GhostSamurai/Bow/Die/GhostSamurai_Bow_Die03_Root.uasset
bulk-import-or-template-content	??	Content/Assets/Animations/GhostSamurai_Bundle/GhostSamurai/Bow/Die/GhostSamurai_Bow_Die04_Root.uasset
bulk-import-or-template-content	??	Content/Assets/Animations/GhostSamurai_Bundle/GhostSamurai/Bow/Die/GhostSamurai_Bow_Die05_Root.uasset
bulk-import-or-template-content	??	Content/Assets/Animations/GhostSamurai_Bundle/GhostSamurai/Bow/Die/GhostSamurai_Bow_Die06_Root.uasset
bulk-import-or-template-content	??	Content/Assets/Animations/GhostSamurai_Bundle/GhostSamurai/Bow/Die/GhostSamurai_Bow_Die07_Root.uasset
bulk-import-or-template-content	??	Content/Assets/Animations/GhostSamurai_Bundle/GhostSamurai/Bow/Die/GhostSamurai_Bow_Die08_Root.uasset
bulk-import-or-template-content	??	Content/Assets/Animations/GhostSamurai_Bundle/GhostSamurai/Bow/Die/GhostSamurai_Bow_Die09_Root.uasset
bulk-import-or-template-content	??	Content/Assets/Animations/GhostSamurai_Bundle/GhostSamurai/Bow/Die/GhostSamurai_Bow_Die10_Root.uasset
bulk-import-or-template-content	??	Content/Assets/Animations/GhostSamurai_Bundle/GhostSamurai/Bow/Die/GhostSamurai_Bow_Die11_Root.uasset
bulk-import-or-template-content	??	Content/Assets/Animations/GhostSamurai_Bundle/GhostSamurai/Bow/Dodge/GhostSamurai_Bow_Avoid_B_1_Root.uasset
bulk-import-or-template-content	??	Content/Assets/Animations/GhostSamurai_Bundle/GhostSamurai/Bow/Dodge/GhostSamurai_Bow_Avoid_B_Root.uasset
bulk-import-or-template-content	??	Content/Assets/Animations/GhostSamurai_Bundle/GhostSamurai/Bow/Dodge/GhostSamurai_Bow_Avoid_BL_Root.uasset
bulk-import-or-template-content	??	Content/Assets/Animations/GhostSamurai_Bundle/GhostSamurai/Bow/Dodge/GhostSamurai_Bow_Avoid_BR_Root.uasset
bulk-import-or-template-content	??	Content/Assets/Animations/GhostSamurai_Bundle/GhostSamurai/Bow/Dodge/GhostSamurai_Bow_Avoid_F_1_Root.uasset
bulk-import-or-template-content	??	Content/Assets/Animations/GhostSamurai_Bundle/GhostSamurai/Bow/Dodge/GhostSamurai_Bow_Avoid_F_Root.uasset
bulk-import-or-template-content	??	Content/Assets/Animations/GhostSamurai_Bundle/GhostSamurai/Bow/Dodge/GhostSamurai_Bow_Avoid_FL_Root.uasset
bulk-import-or-template-content	??	Content/Assets/Animations/GhostSamurai_Bundle/GhostSamurai/Bow/Dodge/GhostSamurai_Bow_Avoid_FR_Root.uasset
bulk-import-or-template-content	??	Content/Assets/Animations/GhostSamurai_Bundle/GhostSamurai/Bow/Dodge/GhostSamurai_Bow_Avoid_L_1_Root.uasset
bulk-import-or-template-content	??	Content/Assets/Animations/GhostSamurai_Bundle/GhostSamurai/Bow/Dodge/GhostSamurai_Bow_Avoid_L_Root.uasset
bulk-import-or-template-content	??	Content/Assets/Animations/GhostSamurai_Bundle/GhostSamurai/Bow/Dodge/GhostSamurai_Bow_Avoid_R_1_Root.uasset
bulk-import-or-template-content	??	Content/Assets/Animations/GhostSamurai_Bundle/GhostSamurai/Bow/Dodge/GhostSamurai_Bow_Avoid_R_Root.uasset
bulk-import-or-template-content	??	Content/Assets/Animations/GhostSamurai_Bundle/GhostSamurai/Bow/Dodge/GhostSamurai_Bow_Dodge_B_1_Root.uasset
bulk-import-or-template-content	??	Content/Assets/Animations/GhostSamurai_Bundle/GhostSamurai/Bow/Dodge/GhostSamurai_Bow_Dodge_B_Root.uasset
bulk-import-or-template-content	??	Content/Assets/Animations/GhostSamurai_Bundle/GhostSamurai/Bow/Dodge/GhostSamurai_Bow_Dodge_BL_Root.uasset
bulk-import-or-template-content	??	Content/Assets/Animations/GhostSamurai_Bundle/GhostSamurai/Bow/Dodge/GhostSamurai_Bow_Dodge_BR_Root.uasset
bulk-import-or-template-content	??	Content/Assets/Animations/GhostSamurai_Bundle/GhostSamurai/Bow/Dodge/GhostSamurai_Bow_Dodge_F_Root.uasset
bulk-import-or-template-content	??	Content/Assets/Animations/GhostSamurai_Bundle/GhostSamurai/Bow/Dodge/GhostSamurai_Bow_Dodge_FL_Root.uasset
bulk-import-or-template-content	??	Content/Assets/Animations/GhostSamurai_Bundle/GhostSamurai/Bow/Dodge/GhostSamurai_Bow_Dodge_FR_Root.uasset
bulk-import-or-template-content	??	Content/Assets/Animations/GhostSamurai_Bundle/GhostSamurai/Bow/Dodge/GhostSamurai_Bow_Dodge_L_Root.uasset
bulk-import-or-template-content	??	Content/Assets/Animations/GhostSamurai_Bundle/GhostSamurai/Bow/Dodge/GhostSamurai_Bow_Dodge_R_Root.uasset
bulk-import-or-template-content	??	Content/Assets/Animations/GhostSamurai_Bundle/GhostSamurai/Bow/Dodge/GhostSamurai_Bow_Slide_B_Root.uasset
bulk-import-or-template-content	??	Content/Assets/Animations/GhostSamurai_Bundle/GhostSamurai/Bow/Dodge/GhostSamurai_Bow_Slide_BL_Root.uasset
bulk-import-or-template-content	??	Content/Assets/Animations/GhostSamurai_Bundle/GhostSamurai/Bow/Dodge/GhostSamurai_Bow_Slide_BR_Root.uasset
bulk-import-or-template-content	??	Content/Assets/Animations/GhostSamurai_Bundle/GhostSamurai/Bow/Dodge/GhostSamurai_Bow_Slide_F_Root.uasset
bulk-import-or-template-content	??	Content/Assets/Animations/GhostSamurai_Bundle/GhostSamurai/Bow/Dodge/GhostSamurai_Bow_Slide_FL_Root.uasset
bulk-import-or-template-content	??	Content/Assets/Animations/GhostSamurai_Bundle/GhostSamurai/Bow/Dodge/GhostSamurai_Bow_Slide_FR_Root.uasset
bulk-import-or-template-content	??	Content/Assets/Animations/GhostSamurai_Bundle/GhostSamurai/Bow/Dodge/GhostSamurai_Bow_Slide_L_Root.uasset
bulk-import-or-template-content	??	Content/Assets/Animations/GhostSamurai_Bundle/GhostSamurai/Bow/Dodge/GhostSamurai_Bow_Slide_R_Root.uasset
bulk-import-or-template-content	??	Content/Assets/Animations/GhostSamurai_Bundle/GhostSamurai/Bow/GhostSamurai_Bow_Idle_Pose.uasset
bulk-import-or-template-content	??	Content/Assets/Animations/GhostSamurai_Bundle/GhostSamurai/Bow/GhostSamurai_Bow_Idle_Root.uasset
bulk-import-or-template-content	??	Content/Assets/Animations/GhostSamurai_Bundle/GhostSamurai/Bow/Hit/GhostSamurai_Bow_Hit_Air__DownLoop_Root.uasset
bulk-import-or-template-content	??	Content/Assets/Animations/GhostSamurai_Bundle/GhostSamurai/Bow/Hit/GhostSamurai_Bow_Hit_Air_Hit_Root.uasset
bulk-import-or-template-content	??	Content/Assets/Animations/GhostSamurai_Bundle/GhostSamurai/Bow/Hit/GhostSamurai_Bow_Hit_B_Root.uasset
bulk-import-or-template-content	??	Content/Assets/Animations/GhostSamurai_Bundle/GhostSamurai/Bow/Hit/GhostSamurai_Bow_Hit_F_Root.uasset
bulk-import-or-template-content	??	Content/Assets/Animations/GhostSamurai_Bundle/GhostSamurai/Bow/Hit/GhostSamurai_Bow_Hit_Falldown_F_End_Root.uasset
bulk-import-or-template-content	??	Content/Assets/Animations/GhostSamurai_Bundle/GhostSamurai/Bow/Hit/GhostSamurai_Bow_Hit_Falldown_F_Loop_Root.uasset
bulk-import-or-template-content	??	Content/Assets/Animations/GhostSamurai_Bundle/GhostSamurai/Bow/Hit/GhostSamurai_Bow_Hit_Falldown_F_Start_Root.uasset
bulk-import-or-template-content	??	Content/Assets/Animations/GhostSamurai_Bundle/GhostSamurai/Bow/Hit/GhostSamurai_Bow_Hit_FL_Root.uasset
bulk-import-or-template-content	??	Content/Assets/Animations/GhostSamurai_Bundle/GhostSamurai/Bow/Hit/GhostSamurai_Bow_Hit_FR_Root.uasset
bulk-import-or-template-content	??	Content/Assets/Animations/GhostSamurai_Bundle/GhostSamurai/Bow/Hit/GhostSamurai_Bow_Hit_L_Root.uasset
bulk-import-or-template-content	??	Content/Assets/Animations/GhostSamurai_Bundle/GhostSamurai/Bow/Hit/GhostSamurai_Bow_Hit_R_Root.uasset
bulk-import-or-template-content	??	Content/Assets/Animations/GhostSamurai_Bundle/GhostSamurai/Bow/Hit/GhostSamurai_Bow_Hit_Up_1_Root.uasset
bulk-import-or-template-content	??	Content/Assets/Animations/GhostSamurai_Bundle/GhostSamurai/Bow/Hit/GhostSamurai_Bow_Hit_Up_GetUP_Root.uasset
bulk-import-or-template-content	??	Content/Assets/Animations/GhostSamurai_Bundle/GhostSamurai/Bow/Hit/GhostSamurai_Bow_Hit_Up_Loop_Root.uasset
bulk-import-or-template-content	??	Content/Assets/Animations/GhostSamurai_Bundle/GhostSamurai/Bow/Hit/GhostSamurai_Bow_Hit_Up_Root.uasset
bulk-import-or-template-content	??	Content/Assets/Animations/GhostSamurai_Bundle/GhostSamurai/Bow/Hit/GhostSamurai_Bow_Large_Hit_1_Root.uasset
bulk-import-or-template-content	??	Content/Assets/Animations/GhostSamurai_Bundle/GhostSamurai/Bow/Hit/GhostSamurai_Bow_Large_Hit_2_Root.uasset
bulk-import-or-template-content	??	Content/Assets/Animations/GhostSamurai_Bundle/GhostSamurai/Bow/Hit/GhostSamurai_Bow_Large_Hit_Root.uasset
bulk-import-or-template-content	??	Content/Assets/Animations/GhostSamurai_Bundle/GhostSamurai/Bow/Movement/Aim/GhostSamurai_Bow_AimJump_ALL_Root.uasset
bulk-import-or-template-content	??	Content/Assets/Animations/GhostSamurai_Bundle/GhostSamurai/Bow/Movement/Aim/GhostSamurai_Bow_AimJump_End_Root.uasset
bulk-import-or-template-content	??	Content/Assets/Animations/GhostSamurai_Bundle/GhostSamurai/Bow/Movement/Aim/GhostSamurai_Bow_AimJump_Loop_Root.uasset
bulk-import-or-template-content	??	Content/Assets/Animations/GhostSamurai_Bundle/GhostSamurai/Bow/Movement/Aim/GhostSamurai_Bow_AimJump_Start_1_Root.uasset
bulk-import-or-template-content	??	Content/Assets/Animations/GhostSamurai_Bundle/GhostSamurai/Bow/Movement/Aim/GhostSamurai_Bow_AimJump_Start_Root.uasset
bulk-import-or-template-content	??	Content/Assets/Animations/GhostSamurai_Bundle/GhostSamurai/Bow/Movement/Aim/GhostSamurai_Bow_AimRun_B_Root.uasset
bulk-import-or-template-content	??	Content/Assets/Animations/GhostSamurai_Bundle/GhostSamurai/Bow/Movement/Aim/GhostSamurai_Bow_AimRun_BL_Root.uasset
bulk-import-or-template-content	??	Content/Assets/Animations/GhostSamurai_Bundle/GhostSamurai/Bow/Movement/Aim/GhostSamurai_Bow_AimRun_BR_Root.uasset
bulk-import-or-template-content	??	Content/Assets/Animations/GhostSamurai_Bundle/GhostSamurai/Bow/Movement/Aim/GhostSamurai_Bow_AimRun_F_Root.uasset
bulk-import-or-template-content	??	Content/Assets/Animations/GhostSamurai_Bundle/GhostSamurai/Bow/Movement/Aim/GhostSamurai_Bow_AimRun_FL_Root.uasset
bulk-import-or-template-content	??	Content/Assets/Animations/GhostSamurai_Bundle/GhostSamurai/Bow/Movement/Aim/GhostSamurai_Bow_AimRun_FR_Root.uasset
bulk-import-or-template-content	??	Content/Assets/Animations/GhostSamurai_Bundle/GhostSamurai/Bow/Movement/Aim/GhostSamurai_Bow_AimRun_L_Root.uasset
bulk-import-or-template-content	??	Content/Assets/Animations/GhostSamurai_Bundle/GhostSamurai/Bow/Movement/Aim/GhostSamurai_Bow_AimRun_R_Root.uasset
bulk-import-or-template-content	??	Content/Assets/Animations/GhostSamurai_Bundle/GhostSamurai/Bow/Movement/Aim/GhostSamurai_Bow_AimWalk_B_Root.uasset
bulk-import-or-template-content	??	Content/Assets/Animations/GhostSamurai_Bundle/GhostSamurai/Bow/Movement/Aim/GhostSamurai_Bow_AimWalk_BL_Root.uasset
bulk-import-or-template-content	??	Content/Assets/Animations/GhostSamurai_Bundle/GhostSamurai/Bow/Movement/Aim/GhostSamurai_Bow_AimWalk_BR_Root.uasset
bulk-import-or-template-content	??	Content/Assets/Animations/GhostSamurai_Bundle/GhostSamurai/Bow/Movement/Aim/GhostSamurai_Bow_AimWalk_F_Root.uasset
bulk-import-or-template-content	??	Content/Assets/Animations/GhostSamurai_Bundle/GhostSamurai/Bow/Movement/Aim/GhostSamurai_Bow_AimWalk_FL_Root.uasset
bulk-import-or-template-content	??	Content/Assets/Animations/GhostSamurai_Bundle/GhostSamurai/Bow/Movement/Aim/GhostSamurai_Bow_AimWalk_FR_Root.uasset
bulk-import-or-template-content	??	Content/Assets/Animations/GhostSamurai_Bundle/GhostSamurai/Bow/Movement/Aim/GhostSamurai_Bow_AimWalk_L_Root.uasset
bulk-import-or-template-content	??	Content/Assets/Animations/GhostSamurai_Bundle/GhostSamurai/Bow/Movement/Aim/GhostSamurai_Bow_AimWalk_R_Root.uasset
bulk-import-or-template-content	??	Content/Assets/Animations/GhostSamurai_Bundle/GhostSamurai/Bow/Movement/AimCrouch/GhostSamurai_Bow_AimCrouchWalk_B_Root.uasset
bulk-import-or-template-content	??	Content/Assets/Animations/GhostSamurai_Bundle/GhostSamurai/Bow/Movement/AimCrouch/GhostSamurai_Bow_AimCrouchWalk_BL_Root.uasset
bulk-import-or-template-content	??	Content/Assets/Animations/GhostSamurai_Bundle/GhostSamurai/Bow/Movement/AimCrouch/GhostSamurai_Bow_AimCrouchWalk_BR_Root.uasset
bulk-import-or-template-content	??	Content/Assets/Animations/GhostSamurai_Bundle/GhostSamurai/Bow/Movement/AimCrouch/GhostSamurai_Bow_AimCrouchWalk_F_Root.uasset
bulk-import-or-template-content	??	Content/Assets/Animations/GhostSamurai_Bundle/GhostSamurai/Bow/Movement/AimCrouch/GhostSamurai_Bow_AimCrouchWalk_FL_Root.uasset
bulk-import-or-template-content	??	Content/Assets/Animations/GhostSamurai_Bundle/GhostSamurai/Bow/Movement/AimCrouch/GhostSamurai_Bow_AimCrouchWalk_FR_Root.uasset
bulk-import-or-template-content	??	Content/Assets/Animations/GhostSamurai_Bundle/GhostSamurai/Bow/Movement/AimCrouch/GhostSamurai_Bow_AimCrouchWalk_L_Root.uasset
bulk-import-or-template-content	??	Content/Assets/Animations/GhostSamurai_Bundle/GhostSamurai/Bow/Movement/AimCrouch/GhostSamurai_Bow_AimCrouchWalk_R_Root.uasset
bulk-import-or-template-content	??	Content/Assets/Animations/GhostSamurai_Bundle/GhostSamurai/Bow/Movement/Crouch/GhostSamurai_Bow_Crouch_Idle_Root.uasset
bulk-import-or-template-content	??	Content/Assets/Animations/GhostSamurai_Bundle/GhostSamurai/Bow/Movement/Crouch/GhostSamurai_Bow_Crouch2Idle_Root.uasset
bulk-import-or-template-content	??	Content/Assets/Animations/GhostSamurai_Bundle/GhostSamurai/Bow/Movement/Crouch/GhostSamurai_Bow_CrouchRun_End_Root.uasset
bulk-import-or-template-content	??	Content/Assets/Animations/GhostSamurai_Bundle/GhostSamurai/Bow/Movement/Crouch/GhostSamurai_Bow_CrouchRun_Loop_Root.uasset
bulk-import-or-template-content	??	Content/Assets/Animations/GhostSamurai_Bundle/GhostSamurai/Bow/Movement/Crouch/GhostSamurai_Bow_CrouchRun_Start_Root.uasset
bulk-import-or-template-content	??	Content/Assets/Animations/GhostSamurai_Bundle/GhostSamurai/Bow/Movement/Crouch/GhostSamurai_Bow_CrouchShoot_Cancel_Root.uasset
bulk-import-or-template-content	??	Content/Assets/Animations/GhostSamurai_Bundle/GhostSamurai/Bow/Movement/Crouch/GhostSamurai_Bow_CrouchShoot_End_Root.uasset
bulk-import-or-template-content	??	Content/Assets/Animations/GhostSamurai_Bundle/GhostSamurai/Bow/Movement/Crouch/GhostSamurai_Bow_CrouchShoot_Root.uasset
bulk-import-or-template-content	??	Content/Assets/Animations/GhostSamurai_Bundle/GhostSamurai/Bow/Movement/Crouch/GhostSamurai_Bow_CrouchShoot_Start_Root.uasset
bulk-import-or-template-content	??	Content/Assets/Animations/GhostSamurai_Bundle/GhostSamurai/Bow/Movement/Crouch/GhostSamurai_Bow_CrouchWalk_B_Root.uasset
bulk-import-or-template-content	??	Content/Assets/Animations/GhostSamurai_Bundle/GhostSamurai/Bow/Movement/Crouch/GhostSamurai_Bow_CrouchWalk_BL_Root.uasset
bulk-import-or-template-content	??	Content/Assets/Animations/GhostSamurai_Bundle/GhostSamurai/Bow/Movement/Crouch/GhostSamurai_Bow_CrouchWalk_BR_Root.uasset
bulk-import-or-template-content	??	Content/Assets/Animations/GhostSamurai_Bundle/GhostSamurai/Bow/Movement/Crouch/GhostSamurai_Bow_CrouchWalk_F_End_Root.uasset
bulk-import-or-template-content	??	Content/Assets/Animations/GhostSamurai_Bundle/GhostSamurai/Bow/Movement/Crouch/GhostSamurai_Bow_CrouchWalk_F_Loop_Root.uasset
bulk-import-or-template-content	??	Content/Assets/Animations/GhostSamurai_Bundle/GhostSamurai/Bow/Movement/Crouch/GhostSamurai_Bow_CrouchWalk_F_Start_Root.uasset
bulk-import-or-template-content	??	Content/Assets/Animations/GhostSamurai_Bundle/GhostSamurai/Bow/Movement/Crouch/GhostSamurai_Bow_CrouchWalk_FL_Root.uasset
bulk-import-or-template-content	??	Content/Assets/Animations/GhostSamurai_Bundle/GhostSamurai/Bow/Movement/Crouch/GhostSamurai_Bow_CrouchWalk_FR_Root.uasset
bulk-import-or-template-content	??	Content/Assets/Animations/GhostSamurai_Bundle/GhostSamurai/Bow/Movement/Crouch/GhostSamurai_Bow_CrouchWalk_L_Root.uasset
bulk-import-or-template-content	??	Content/Assets/Animations/GhostSamurai_Bundle/GhostSamurai/Bow/Movement/Crouch/GhostSamurai_Bow_CrouchWalk_R_Root.uasset
bulk-import-or-template-content	??	Content/Assets/Animations/GhostSamurai_Bundle/GhostSamurai/Bow/Movement/Crouch/GhostSamurai_Bow_Idle2Crouch_Root.uasset
bulk-import-or-template-content	??	Content/Assets/Animations/GhostSamurai_Bundle/GhostSamurai/Bow/Movement/GhostSamurai_Bow_Jump_ALL_Root.uasset
bulk-import-or-template-content	??	Content/Assets/Animations/GhostSamurai_Bundle/GhostSamurai/Bow/Movement/GhostSamurai_Bow_Jump_End_Root.uasset
bulk-import-or-template-content	??	Content/Assets/Animations/GhostSamurai_Bundle/GhostSamurai/Bow/Movement/GhostSamurai_Bow_Jump_Loop_Root.uasset
bulk-import-or-template-content	??	Content/Assets/Animations/GhostSamurai_Bundle/GhostSamurai/Bow/Movement/GhostSamurai_Bow_Jump_Start_1_Root.uasset
bulk-import-or-template-content	??	Content/Assets/Animations/GhostSamurai_Bundle/GhostSamurai/Bow/Movement/GhostSamurai_Bow_Jump_Start_Root.uasset
bulk-import-or-template-content	??	Content/Assets/Animations/GhostSamurai_Bundle/GhostSamurai/Bow/Movement/GhostSamurai_Bow_Slide_End_Root.uasset
bulk-import-or-template-content	??	Content/Assets/Animations/GhostSamurai_Bundle/GhostSamurai/Bow/Movement/GhostSamurai_Bow_Slide_Loop_Root.uasset
bulk-import-or-template-content	??	Content/Assets/Animations/GhostSamurai_Bundle/GhostSamurai/Bow/Movement/GhostSamurai_Bow_Slide_Start_Root.uasset
bulk-import-or-template-content	??	Content/Assets/Animations/GhostSamurai_Bundle/GhostSamurai/Bow/Movement/GhostSamurai_Bow_TurnL180_Root.uasset
bulk-import-or-template-content	??	Content/Assets/Animations/GhostSamurai_Bundle/GhostSamurai/Bow/Movement/GhostSamurai_Bow_TurnL90_Root.uasset
bulk-import-or-template-content	??	Content/Assets/Animations/GhostSamurai_Bundle/GhostSamurai/Bow/Movement/GhostSamurai_Bow_TurnR180_Root.uasset
bulk-import-or-template-content	??	Content/Assets/Animations/GhostSamurai_Bundle/GhostSamurai/Bow/Movement/GhostSamurai_Bow_TurnR90_Root.uasset
bulk-import-or-template-content	??	Content/Assets/Animations/GhostSamurai_Bundle/GhostSamurai/Bow/Movement/Run/GhostSamurai_Bow_Run_B_Root.uasset
bulk-import-or-template-content	??	Content/Assets/Animations/GhostSamurai_Bundle/GhostSamurai/Bow/Movement/Run/GhostSamurai_Bow_Run_BL_Root.uasset
bulk-import-or-template-content	??	Content/Assets/Animations/GhostSamurai_Bundle/GhostSamurai/Bow/Movement/Run/GhostSamurai_Bow_Run_BR_Root.uasset
bulk-import-or-template-content	??	Content/Assets/Animations/GhostSamurai_Bundle/GhostSamurai/Bow/Movement/Run/GhostSamurai_Bow_Run_F_End_Root.uasset
bulk-import-or-template-content	??	Content/Assets/Animations/GhostSamurai_Bundle/GhostSamurai/Bow/Movement/Run/GhostSamurai_Bow_Run_F_Root.uasset
bulk-import-or-template-content	??	Content/Assets/Animations/GhostSamurai_Bundle/GhostSamurai/Bow/Movement/Run/GhostSamurai_Bow_Run_F_Start_Root.uasset
bulk-import-or-template-content	??	Content/Assets/Animations/GhostSamurai_Bundle/GhostSamurai/Bow/Movement/Run/GhostSamurai_Bow_Run_FL_Root.uasset
bulk-import-or-template-content	??	Content/Assets/Animations/GhostSamurai_Bundle/GhostSamurai/Bow/Movement/Run/GhostSamurai_Bow_Run_FR_Root.uasset
bulk-import-or-template-content	??	Content/Assets/Animations/GhostSamurai_Bundle/GhostSamurai/Bow/Movement/Run/GhostSamurai_Bow_Run_L_Root.uasset
bulk-import-or-template-content	??	Content/Assets/Animations/GhostSamurai_Bundle/GhostSamurai/Bow/Movement/Run/GhostSamurai_Bow_Run_R_Root.uasset
bulk-import-or-template-content	??	Content/Assets/Animations/GhostSamurai_Bundle/GhostSamurai/Bow/Movement/Run/GhostSamurai_Bow_Sprint_Root.uasset
bulk-import-or-template-content	??	Content/Assets/Animations/GhostSamurai_Bundle/GhostSamurai/Bow/Movement/Walk/GhostSamurai_Bow_Walk_B_End_Root.uasset
bulk-import-or-template-content	??	Content/Assets/Animations/GhostSamurai_Bundle/GhostSamurai/Bow/Movement/Walk/GhostSamurai_Bow_Walk_B_Root.uasset
bulk-import-or-template-content	??	Content/Assets/Animations/GhostSamurai_Bundle/GhostSamurai/Bow/Movement/Walk/GhostSamurai_Bow_Walk_B_Start_Root.uasset
bulk-import-or-template-content	??	Content/Assets/Animations/GhostSamurai_Bundle/GhostSamurai/Bow/Movement/Walk/GhostSamurai_Bow_Walk_BL_Root.uasset
bulk-import-or-template-content	??	Content/Assets/Animations/GhostSamurai_Bundle/GhostSamurai/Bow/Movement/Walk/GhostSamurai_Bow_Walk_BR_Root.uasset
bulk-import-or-template-content	??	Content/Assets/Animations/GhostSamurai_Bundle/GhostSamurai/Bow/Movement/Walk/GhostSamurai_Bow_Walk_F_End_Root.uasset
bulk-import-or-template-content	??	Content/Assets/Animations/GhostSamurai_Bundle/GhostSamurai/Bow/Movement/Walk/GhostSamurai_Bow_Walk_F_Root.uasset
bulk-import-or-template-content	??	Content/Assets/Animations/GhostSamurai_Bundle/GhostSamurai/Bow/Movement/Walk/GhostSamurai_Bow_Walk_F_Start_Root.uasset
bulk-import-or-template-content	??	Content/Assets/Animations/GhostSamurai_Bundle/GhostSamurai/Bow/Movement/Walk/GhostSamurai_Bow_Walk_FL_Root.uasset
bulk-import-or-template-content	??	Content/Assets/Animations/GhostSamurai_Bundle/GhostSamurai/Bow/Movement/Walk/GhostSamurai_Bow_Walk_FR_Root.uasset
bulk-import-or-template-content	??	Content/Assets/Animations/GhostSamurai_Bundle/GhostSamurai/Bow/Movement/Walk/GhostSamurai_Bow_Walk_L_End_Root.uasset
bulk-import-or-template-content	??	Content/Assets/Animations/GhostSamurai_Bundle/GhostSamurai/Bow/Movement/Walk/GhostSamurai_Bow_Walk_L_Root.uasset
bulk-import-or-template-content	??	Content/Assets/Animations/GhostSamurai_Bundle/GhostSamurai/Bow/Movement/Walk/GhostSamurai_Bow_Walk_L_Start_Root.uasset
bulk-import-or-template-content	??	Content/Assets/Animations/GhostSamurai_Bundle/GhostSamurai/Bow/Movement/Walk/GhostSamurai_Bow_Walk_R_End_Root.uasset
bulk-import-or-template-content	??	Content/Assets/Animations/GhostSamurai_Bundle/GhostSamurai/Bow/Movement/Walk/GhostSamurai_Bow_Walk_R_Root.uasset
bulk-import-or-template-content	??	Content/Assets/Animations/GhostSamurai_Bundle/GhostSamurai/Bow/Movement/Walk/GhostSamurai_Bow_Walk_R_Start_Root.uasset
bulk-import-or-template-content	??	Content/Assets/Animations/GhostSamurai_Bundle/GhostSamurai/Katana/Apose/Attack/GhostSamurai_APose_Air_Attack01_1_Root_Montage.uasset
bulk-import-or-template-content	??	Content/Assets/Animations/GhostSamurai_Bundle/GhostSamurai/Katana/Apose/Attack/GhostSamurai_APose_Air_Attack01_1_Root.uasset
bulk-import-or-template-content	??	Content/Assets/Animations/GhostSamurai_Bundle/GhostSamurai/Katana/Apose/Attack/GhostSamurai_APose_Air_Attack01_2_ALL_Root_Montage.uasset
bulk-import-or-template-content	??	Content/Assets/Animations/GhostSamurai_Bundle/GhostSamurai/Katana/Apose/Attack/GhostSamurai_APose_Air_Attack01_2_ALL_Root.uasset
bulk-import-or-template-content	??	Content/Assets/Animations/GhostSamurai_Bundle/GhostSamurai/Katana/Apose/Attack/GhostSamurai_APose_Air_Attack01_2_Root_Montage.uasset
bulk-import-or-template-content	??	Content/Assets/Animations/GhostSamurai_Bundle/GhostSamurai/Katana/Apose/Attack/GhostSamurai_APose_Air_Attack01_2_Root.uasset
bulk-import-or-template-content	??	Content/Assets/Animations/GhostSamurai_Bundle/GhostSamurai/Katana/Apose/Attack/GhostSamurai_APose_Air_Attack02_Root.uasset
bulk-import-or-template-content	??	Content/Assets/Animations/GhostSamurai_Bundle/GhostSamurai/Katana/Apose/Attack/GhostSamurai_APose_Air_Attack03_End_Root.uasset
bulk-import-or-template-content	??	Content/Assets/Animations/GhostSamurai_Bundle/GhostSamurai/Katana/Apose/Attack/GhostSamurai_APose_Air_Attack03_Loop_Root.uasset
bulk-import-or-template-content	??	Content/Assets/Animations/GhostSamurai_Bundle/GhostSamurai/Katana/Apose/Attack/GhostSamurai_APose_Air_Attack03_Start_Root.uasset
bulk-import-or-template-content	??	Content/Assets/Animations/GhostSamurai_Bundle/GhostSamurai/Katana/Apose/Attack/GhostSamurai_APose_Attack01_1_ALL_Root_Montage.uasset
bulk-import-or-template-content	??	Content/Assets/Animations/GhostSamurai_Bundle/GhostSamurai/Katana/Apose/Attack/GhostSamurai_APose_Attack01_1_ALL_Root.uasset
bulk-import-or-template-content	??	Content/Assets/Animations/GhostSamurai_Bundle/GhostSamurai/Katana/Apose/Attack/GhostSamurai_APose_Attack01_2_ALL_Root_Montage.uasset
bulk-import-or-template-content	??	Content/Assets/Animations/GhostSamurai_Bundle/GhostSamurai/Katana/Apose/Attack/GhostSamurai_APose_Attack01_2_ALL_Root.uasset
bulk-import-or-template-content	??	Content/Assets/Animations/GhostSamurai_Bundle/GhostSamurai/Katana/Apose/Attack/GhostSamurai_APose_Attack01_2_Root_Montage.uasset
bulk-import-or-template-content	??	Content/Assets/Animations/GhostSamurai_Bundle/GhostSamurai/Katana/Apose/Attack/GhostSamurai_APose_Attack01_2_Root.uasset
bulk-import-or-template-content	??	Content/Assets/Animations/GhostSamurai_Bundle/GhostSamurai/Katana/Apose/Attack/GhostSamurai_APose_Attack01_3_ALL_Root_Montage.uasset
bulk-import-or-template-content	??	Content/Assets/Animations/GhostSamurai_Bundle/GhostSamurai/Katana/Apose/Attack/GhostSamurai_APose_Attack01_3_ALL_Root.uasset
bulk-import-or-template-content	??	Content/Assets/Animations/GhostSamurai_Bundle/GhostSamurai/Katana/Apose/Attack/GhostSamurai_APose_Attack01_3_Root_Montage.uasset
bulk-import-or-template-content	??	Content/Assets/Animations/GhostSamurai_Bundle/GhostSamurai/Katana/Apose/Attack/GhostSamurai_APose_Attack01_3_Root.uasset
bulk-import-or-template-content	??	Content/Assets/Animations/GhostSamurai_Bundle/GhostSamurai/Katana/Apose/Attack/GhostSamurai_APose_Attack01_4_ALL_Root_Montage.uasset
bulk-import-or-template-content	??	Content/Assets/Animations/GhostSamurai_Bundle/GhostSamurai/Katana/Apose/Attack/GhostSamurai_APose_Attack01_4_ALL_Root.uasset
bulk-import-or-template-content	??	Content/Assets/Animations/GhostSamurai_Bundle/GhostSamurai/Katana/Apose/Attack/GhostSamurai_APose_Attack01_4_Root_Montage.uasset
bulk-import-or-template-content	??	Content/Assets/Animations/GhostSamurai_Bundle/GhostSamurai/Katana/Apose/Attack/GhostSamurai_APose_Attack01_4_Root.uasset
bulk-import-or-template-content	??	Content/Assets/Animations/GhostSamurai_Bundle/GhostSamurai/Katana/Apose/Attack/GhostSamurai_APose_Attack02_1_ALL_Root_Montage.uasset
bulk-import-or-template-content	??	Content/Assets/Animations/GhostSamurai_Bundle/GhostSamurai/Katana/Apose/Attack/GhostSamurai_APose_Attack02_1_ALL_Root.uasset
bulk-import-or-template-content	??	Content/Assets/Animations/GhostSamurai_Bundle/GhostSamurai/Katana/Apose/Attack/GhostSamurai_APose_Attack02_2_ALL_Root_Montage.uasset
bulk-import-or-template-content	??	Content/Assets/Animations/GhostSamurai_Bundle/GhostSamurai/Katana/Apose/Attack/GhostSamurai_APose_Attack02_2_ALL_Root.uasset
bulk-import-or-template-content	??	Content/Assets/Animations/GhostSamurai_Bundle/GhostSamurai/Katana/Apose/Attack/GhostSamurai_APose_Attack02_2_Root_Montage.uasset
bulk-import-or-template-content	??	Content/Assets/Animations/GhostSamurai_Bundle/GhostSamurai/Katana/Apose/Attack/GhostSamurai_APose_Attack02_2_Root.uasset
bulk-import-or-template-content	??	Content/Assets/Animations/GhostSamurai_Bundle/GhostSamurai/Katana/Apose/Attack/GhostSamurai_APose_Attack02_3_ALL_Root_Montage.uasset
bulk-import-or-template-content	??	Content/Assets/Animations/GhostSamurai_Bundle/GhostSamurai/Katana/Apose/Attack/GhostSamurai_APose_Attack02_3_ALL_Root.uasset
bulk-import-or-template-content	??	Content/Assets/Animations/GhostSamurai_Bundle/GhostSamurai/Katana/Apose/Attack/GhostSamurai_APose_Attack02_3_Root_Montage.uasset
bulk-import-or-template-content	??	Content/Assets/Animations/GhostSamurai_Bundle/GhostSamurai/Katana/Apose/Attack/GhostSamurai_APose_Attack02_3_Root.uasset
bulk-import-or-template-content	??	Content/Assets/Animations/GhostSamurai_Bundle/GhostSamurai/Katana/Apose/Attack/GhostSamurai_APose_Attack02_4_ALL_Root_Montage.uasset
bulk-import-or-template-content	??	Content/Assets/Animations/GhostSamurai_Bundle/GhostSamurai/Katana/Apose/Attack/GhostSamurai_APose_Attack02_4_ALL_Root.uasset
bulk-import-or-template-content	??	Content/Assets/Animations/GhostSamurai_Bundle/GhostSamurai/Katana/Apose/Attack/GhostSamurai_APose_Attack02_4_Root_Montage.uasset
bulk-import-or-template-content	??	Content/Assets/Animations/GhostSamurai_Bundle/GhostSamurai/Katana/Apose/Attack/GhostSamurai_APose_Attack02_4_Root.uasset
bulk-import-or-template-content	??	Content/Assets/Animations/GhostSamurai_Bundle/GhostSamurai/Katana/Apose/Attack/GhostSamurai_APose_Attack02_5_ALL_Root_Montage.uasset
bulk-import-or-template-content	??	Content/Assets/Animations/GhostSamurai_Bundle/GhostSamurai/Katana/Apose/Attack/GhostSamurai_APose_Attack02_5_ALL_Root.uasset
bulk-import-or-template-content	??	Content/Assets/Animations/GhostSamurai_Bundle/GhostSamurai/Katana/Apose/Attack/GhostSamurai_APose_Attack02_5_Root_Montage.uasset
bulk-import-or-template-content	??	Content/Assets/Animations/GhostSamurai_Bundle/GhostSamurai/Katana/Apose/Attack/GhostSamurai_APose_Attack02_5_Root.uasset
bulk-import-or-template-content	??	Content/Assets/Animations/GhostSamurai_Bundle/GhostSamurai/Katana/Apose/Attack/GhostSamurai_APose_Attack02_6_ALL_Root_Montage.uasset
bulk-import-or-template-content	??	Content/Assets/Animations/GhostSamurai_Bundle/GhostSamurai/Katana/Apose/Attack/GhostSamurai_APose_Attack02_6_ALL_Root.uasset
bulk-import-or-template-content	??	Content/Assets/Animations/GhostSamurai_Bundle/GhostSamurai/Katana/Apose/Attack/GhostSamurai_APose_Attack02_6_Root_Montage.uasset
bulk-import-or-template-content	??	Content/Assets/Animations/GhostSamurai_Bundle/GhostSamurai/Katana/Apose/Attack/GhostSamurai_APose_Attack02_6_Root.uasset
bulk-import-or-template-content	??	Content/Assets/Animations/GhostSamurai_Bundle/GhostSamurai/Katana/Apose/Attack/GhostSamurai_APose_Attack03_1_ALL_Root_Montage.uasset
bulk-import-or-template-content	??	Content/Assets/Animations/GhostSamurai_Bundle/GhostSamurai/Katana/Apose/Attack/GhostSamurai_APose_Attack03_1_ALL_Root.uasset
bulk-import-or-template-content	??	Content/Assets/Animations/GhostSamurai_Bundle/GhostSamurai/Katana/Apose/Attack/GhostSamurai_APose_Attack03_2_ALL_Root_Montage.uasset
bulk-import-or-template-content	??	Content/Assets/Animations/GhostSamurai_Bundle/GhostSamurai/Katana/Apose/Attack/GhostSamurai_APose_Attack03_2_ALL_Root.uasset
bulk-import-or-template-content	??	Content/Assets/Animations/GhostSamurai_Bundle/GhostSamurai/Katana/Apose/Attack/GhostSamurai_APose_Attack03_2_Root_Montage.uasset
bulk-import-or-template-content	??	Content/Assets/Animations/GhostSamurai_Bundle/GhostSamurai/Katana/Apose/Attack/GhostSamurai_APose_Attack03_2_Root.uasset
bulk-import-or-template-content	??	Content/Assets/Animations/GhostSamurai_Bundle/GhostSamurai/Katana/Apose/Attack/GhostSamurai_APose_Attack03_3_ALL_Root_Montage.uasset
bulk-import-or-template-content	??	Content/Assets/Animations/GhostSamurai_Bundle/GhostSamurai/Katana/Apose/Attack/GhostSamurai_APose_Attack03_3_ALL_Root.uasset
bulk-import-or-template-content	??	Content/Assets/Animations/GhostSamurai_Bundle/GhostSamurai/Katana/Apose/Attack/GhostSamurai_APose_Attack03_3_Root_Montage.uasset
bulk-import-or-template-content	??	Content/Assets/Animations/GhostSamurai_Bundle/GhostSamurai/Katana/Apose/Attack/GhostSamurai_APose_Attack03_3_Root.uasset
bulk-import-or-template-content	??	Content/Assets/Animations/GhostSamurai_Bundle/GhostSamurai/Katana/Apose/Attack/GhostSamurai_APose_Attack03_4_ALL_Root_Montage.uasset
bulk-import-or-template-content	??	Content/Assets/Animations/GhostSamurai_Bundle/GhostSamurai/Katana/Apose/Attack/GhostSamurai_APose_Attack03_4_ALL_Root.uasset
bulk-import-or-template-content	??	Content/Assets/Animations/GhostSamurai_Bundle/GhostSamurai/Katana/Apose/Attack/GhostSamurai_APose_Attack03_4_Root_Montage.uasset
bulk-import-or-template-content	??	Content/Assets/Animations/GhostSamurai_Bundle/GhostSamurai/Katana/Apose/Attack/GhostSamurai_APose_Attack03_4_Root.uasset
bulk-import-or-template-content	??	Content/Assets/Animations/GhostSamurai_Bundle/GhostSamurai/Katana/Apose/Attack/GhostSamurai_APose_Attack03_5_ALL_Root_Montage.uasset
bulk-import-or-template-content	??	Content/Assets/Animations/GhostSamurai_Bundle/GhostSamurai/Katana/Apose/Attack/GhostSamurai_APose_Attack03_5_Root_Montage.uasset
bulk-import-or-template-content	??	Content/Assets/Animations/GhostSamurai_Bundle/GhostSamurai/Katana/Apose/Attack/GhostSamurai_APose_Attack03_5_Root.uasset
bulk-import-or-template-content	??	Content/Assets/Animations/GhostSamurai_Bundle/GhostSamurai/Katana/Apose/Attack/GhostSamurai_APose_Attack04_Root_Montage.uasset
bulk-import-or-template-content	??	Content/Assets/Animations/GhostSamurai_Bundle/GhostSamurai/Katana/Apose/Attack/GhostSamurai_APose_Attack04_Root.uasset
bulk-import-or-template-content	??	Content/Assets/Animations/GhostSamurai_Bundle/GhostSamurai/Katana/Apose/Attack/GhostSamurai_APose_Attack05_Root_Montage.uasset
bulk-import-or-template-content	??	Content/Assets/Animations/GhostSamurai_Bundle/GhostSamurai/Katana/Apose/Attack/GhostSamurai_APose_Attack05_Root.uasset
bulk-import-or-template-content	??	Content/Assets/Animations/GhostSamurai_Bundle/GhostSamurai/Katana/Apose/Attack/GhostSamurai_APose_Attack06_Root_Montage.uasset
bulk-import-or-template-content	??	Content/Assets/Animations/GhostSamurai_Bundle/GhostSamurai/Katana/Apose/Attack/GhostSamurai_APose_Attack06_Root.uasset
bulk-import-or-template-content	??	Content/Assets/Animations/GhostSamurai_Bundle/GhostSamurai/Katana/Apose/Attack/GhostSamurai_APose_Attack07_Root_Montage.uasset
bulk-import-or-template-content	??	Content/Assets/Animations/GhostSamurai_Bundle/GhostSamurai/Katana/Apose/Attack/GhostSamurai_APose_Attack07_Root.uasset
bulk-import-or-template-content	??	Content/Assets/Animations/GhostSamurai_Bundle/GhostSamurai/Katana/Apose/Attack/GhostSamurai_APose_JumpAttack01_Root_1.uasset
bulk-import-or-template-content	??	Content/Assets/Animations/GhostSamurai_Bundle/GhostSamurai/Katana/Apose/Attack/GhostSamurai_APose_JumpAttack01_Root_Montage.uasset
bulk-import-or-template-content	??	Content/Assets/Animations/GhostSamurai_Bundle/GhostSamurai/Katana/Apose/Attack/GhostSamurai_APose_JumpAttack01_Root_Montage1.uasset
bulk-import-or-template-content	??	Content/Assets/Animations/GhostSamurai_Bundle/GhostSamurai/Katana/Apose/Attack/GhostSamurai_APose_JumpAttack01_Root.uasset
bulk-import-or-template-content	??	Content/Assets/Animations/GhostSamurai_Bundle/GhostSamurai/Katana/Apose/Attack/GhostSamurai_APose_JumpAttack02_Root_1.uasset
bulk-import-or-template-content	??	Content/Assets/Animations/GhostSamurai_Bundle/GhostSamurai/Katana/Apose/Attack/GhostSamurai_APose_JumpAttack02_Root_Montage.uasset
bulk-import-or-template-content	??	Content/Assets/Animations/GhostSamurai_Bundle/GhostSamurai/Katana/Apose/Attack/GhostSamurai_APose_JumpAttack02_Root.uasset
bulk-import-or-template-content	??	Content/Assets/Animations/GhostSamurai_Bundle/GhostSamurai/Katana/Apose/Attack/GhostSamurai_APose_JumpAttack03_Root_1.uasset
bulk-import-or-template-content	??	Content/Assets/Animations/GhostSamurai_Bundle/GhostSamurai/Katana/Apose/Attack/GhostSamurai_APose_JumpAttack03_Root_Montage.uasset
bulk-import-or-template-content	??	Content/Assets/Animations/GhostSamurai_Bundle/GhostSamurai/Katana/Apose/Attack/GhostSamurai_APose_JumpAttack03_Root.uasset
bulk-import-or-template-content	??	Content/Assets/Animations/GhostSamurai_Bundle/GhostSamurai/Katana/Apose/Attack/GhostSamurai_APose_JumpAttack04_Root_1.uasset
bulk-import-or-template-content	??	Content/Assets/Animations/GhostSamurai_Bundle/GhostSamurai/Katana/Apose/Attack/GhostSamurai_APose_JumpAttack04_Root_Montage.uasset
bulk-import-or-template-content	??	Content/Assets/Animations/GhostSamurai_Bundle/GhostSamurai/Katana/Apose/Attack/GhostSamurai_APose_JumpAttack04_Root.uasset
bulk-import-or-template-content	??	Content/Assets/Animations/GhostSamurai_Bundle/GhostSamurai/Katana/Apose/Attack/GhostSamurai_APose_SPAttack01_Root_Montage.uasset
bulk-import-or-template-content	??	Content/Assets/Animations/GhostSamurai_Bundle/GhostSamurai/Katana/Apose/Attack/GhostSamurai_APose_SPAttack01_Root.uasset
bulk-import-or-template-content	??	Content/Assets/Animations/GhostSamurai_Bundle/GhostSamurai/Katana/Apose/Attack/GhostSamurai_APose_SPAttack02_Root_Montage.uasset
bulk-import-or-template-content	??	Content/Assets/Animations/GhostSamurai_Bundle/GhostSamurai/Katana/Apose/Attack/GhostSamurai_APose_SPAttack02_Root.uasset
bulk-import-or-template-content	??	Content/Assets/Animations/GhostSamurai_Bundle/GhostSamurai/Katana/Apose/Attack/GhostSamurai_APose_SPAttack03_Root_Montage.uasset
bulk-import-or-template-content	??	Content/Assets/Animations/GhostSamurai_Bundle/GhostSamurai/Katana/Apose/Attack/GhostSamurai_APose_SPAttack03_Root.uasset
bulk-import-or-template-content	??	Content/Assets/Animations/GhostSamurai_Bundle/GhostSamurai/Katana/Apose/Attack/GhostSamurai_APose_SPAttack04_Root_Montage.uasset
bulk-import-or-template-content	??	Content/Assets/Animations/GhostSamurai_Bundle/GhostSamurai/Katana/Apose/Attack/GhostSamurai_APose_SPAttack04_Root.uasset
bulk-import-or-template-content	??	Content/Assets/Animations/GhostSamurai_Bundle/GhostSamurai/Katana/Apose/Attack/GhostSamurai_APose_SPAttack05_Root_Montage.uasset
bulk-import-or-template-content	??	Content/Assets/Animations/GhostSamurai_Bundle/GhostSamurai/Katana/Apose/Attack/GhostSamurai_APose_SPAttack05_Root.uasset
bulk-import-or-template-content	??	Content/Assets/Animations/GhostSamurai_Bundle/GhostSamurai/Katana/Apose/Attack/GhostSamurai_APose_SPAttack06_Root_Montage.uasset
bulk-import-or-template-content	??	Content/Assets/Animations/GhostSamurai_Bundle/GhostSamurai/Katana/Apose/Attack/GhostSamurai_APose_SPAttack06_Root.uasset
bulk-import-or-template-content	??	Content/Assets/Animations/GhostSamurai_Bundle/GhostSamurai/Katana/Apose/Defense/DefenseL/GhostSamurai_DefenseL_Broken_Root.uasset
bulk-import-or-template-content	??	Content/Assets/Animations/GhostSamurai_Bundle/GhostSamurai/Katana/Apose/Defense/DefenseL/GhostSamurai_DefenseL_Hit01_Root.uasset
bulk-import-or-template-content	??	Content/Assets/Animations/GhostSamurai_Bundle/GhostSamurai/Katana/Apose/Defense/DefenseL/GhostSamurai_DefenseL_Hit02_Root.uasset
bulk-import-or-template-content	??	Content/Assets/Animations/GhostSamurai_Bundle/GhostSamurai/Katana/Apose/Defense/DefenseL/GhostSamurai_DefenseL_Loop_Root.uasset
bulk-import-or-template-content	??	Content/Assets/Animations/GhostSamurai_Bundle/GhostSamurai/Katana/Apose/Defense/DefenseL/GhostSamurai_DefenseL_Parry_L2R_Down_Root.uasset
bulk-import-or-template-content	??	Content/Assets/Animations/GhostSamurai_Bundle/GhostSamurai/Katana/Apose/Defense/DefenseL/GhostSamurai_DefenseL_Parry_L2R_Up_Root.uasset
bulk-import-or-template-content	??	Content/Assets/Animations/GhostSamurai_Bundle/GhostSamurai/Katana/Apose/Defense/DefenseL/GhostSamurai_DefenseL_Parry_Up_Executed_Root.uasset
bulk-import-or-template-content	??	Content/Assets/Animations/GhostSamurai_Bundle/GhostSamurai/Katana/Apose/Defense/DefenseL/GhostSamurai_DefenseL_Parry_Up_Executed_Sample.uasset
bulk-import-or-template-content	??	Content/Assets/Animations/GhostSamurai_Bundle/GhostSamurai/Katana/Apose/Defense/DefenseL/GhostSamurai_DefenseL_Parry_Up_Execution_Root.uasset
bulk-import-or-template-content	??	Content/Assets/Animations/GhostSamurai_Bundle/GhostSamurai/Katana/Apose/Defense/DefenseL/GhostSamurai_DefenseL_Parry_Up_Execution_Sample.uasset
bulk-import-or-template-content	??	Content/Assets/Animations/GhostSamurai_Bundle/GhostSamurai/Katana/Apose/Defense/DefenseL/GhostSamurai_DefenseL_Parry01_Root.uasset
bulk-import-or-template-content	??	Content/Assets/Animations/GhostSamurai_Bundle/GhostSamurai/Katana/Apose/Defense/DefenseL/GhostSamurai_DefenseL_Parry02_Root.uasset
bulk-import-or-template-content	??	Content/Assets/Animations/GhostSamurai_Bundle/GhostSamurai/Katana/Apose/Defense/DefenseL/GhostSamurai_DefenseL_Parry03_Root.uasset
bulk-import-or-template-content	??	Content/Assets/Animations/GhostSamurai_Bundle/GhostSamurai/Katana/Apose/Defense/DefenseL/GhostSamurai_DefenseL_Pose.uasset
bulk-import-or-template-content	??	Content/Assets/Animations/GhostSamurai_Bundle/GhostSamurai/Katana/Apose/Defense/DefenseL/GhostSamurai_DefenseL_Rebound_Root.uasset
bulk-import-or-template-content	??	Content/Assets/Animations/GhostSamurai_Bundle/GhostSamurai/Katana/Apose/Defense/DefenseL/GhostSamurai_DefenseL_Walk_B_Root.uasset
bulk-import-or-template-content	??	Content/Assets/Animations/GhostSamurai_Bundle/GhostSamurai/Katana/Apose/Defense/DefenseL/GhostSamurai_DefenseL_Walk_BL_Root.uasset
bulk-import-or-template-content	??	Content/Assets/Animations/GhostSamurai_Bundle/GhostSamurai/Katana/Apose/Defense/DefenseL/GhostSamurai_DefenseL_Walk_BR_Root.uasset
bulk-import-or-template-content	??	Content/Assets/Animations/GhostSamurai_Bundle/GhostSamurai/Katana/Apose/Defense/DefenseL/GhostSamurai_DefenseL_Walk_F_Root.uasset
bulk-import-or-template-content	??	Content/Assets/Animations/GhostSamurai_Bundle/GhostSamurai/Katana/Apose/Defense/DefenseL/GhostSamurai_DefenseL_Walk_FL_Root.uasset
bulk-import-or-template-content	??	Content/Assets/Animations/GhostSamurai_Bundle/GhostSamurai/Katana/Apose/Defense/DefenseL/GhostSamurai_DefenseL_Walk_FR_Root.uasset
bulk-import-or-template-content	??	Content/Assets/Animations/GhostSamurai_Bundle/GhostSamurai/Katana/Apose/Defense/DefenseL/GhostSamurai_DefenseL_Walk_L_Root.uasset
bulk-import-or-template-content	??	Content/Assets/Animations/GhostSamurai_Bundle/GhostSamurai/Katana/Apose/Defense/DefenseL/GhostSamurai_DefenseL_Walk_R_Root.uasset
bulk-import-or-template-content	??	Content/Assets/Animations/GhostSamurai_Bundle/GhostSamurai/Katana/Apose/Defense/DefenseR/GhostSamurai_DefenseR_Broken_Root.uasset
bulk-import-or-template-content	??	Content/Assets/Animations/GhostSamurai_Bundle/GhostSamurai/Katana/Apose/Defense/DefenseR/GhostSamurai_DefenseR_Hit01_Root.uasset
bulk-import-or-template-content	??	Content/Assets/Animations/GhostSamurai_Bundle/GhostSamurai/Katana/Apose/Defense/DefenseR/GhostSamurai_DefenseR_Hit02_Root.uasset
bulk-import-or-template-content	??	Content/Assets/Animations/GhostSamurai_Bundle/GhostSamurai/Katana/Apose/Defense/DefenseR/GhostSamurai_DefenseR_Loop_Root.uasset
bulk-import-or-template-content	??	Content/Assets/Animations/GhostSamurai_Bundle/GhostSamurai/Katana/Apose/Defense/DefenseR/GhostSamurai_DefenseR_Parry_R2L_Down_Root.uasset
bulk-import-or-template-content	??	Content/Assets/Animations/GhostSamurai_Bundle/GhostSamurai/Katana/Apose/Defense/DefenseR/GhostSamurai_DefenseR_Parry_R2L_Up_Root.uasset
bulk-import-or-template-content	??	Content/Assets/Animations/GhostSamurai_Bundle/GhostSamurai/Katana/Apose/Defense/DefenseR/GhostSamurai_DefenseR_Parry_Up_Executed_Root.uasset
bulk-import-or-template-content	??	Content/Assets/Animations/GhostSamurai_Bundle/GhostSamurai/Katana/Apose/Defense/DefenseR/GhostSamurai_DefenseR_Parry_Up_Executed_Sample.uasset
bulk-import-or-template-content	??	Content/Assets/Animations/GhostSamurai_Bundle/GhostSamurai/Katana/Apose/Defense/DefenseR/GhostSamurai_DefenseR_Parry_Up_Execution_Root.uasset
bulk-import-or-template-content	??	Content/Assets/Animations/GhostSamurai_Bundle/GhostSamurai/Katana/Apose/Defense/DefenseR/GhostSamurai_DefenseR_Parry_Up_Execution_Sample.uasset
bulk-import-or-template-content	??	Content/Assets/Animations/GhostSamurai_Bundle/GhostSamurai/Katana/Apose/Defense/DefenseR/GhostSamurai_DefenseR_Parry01_Root.uasset
bulk-import-or-template-content	??	Content/Assets/Animations/GhostSamurai_Bundle/GhostSamurai/Katana/Apose/Defense/DefenseR/GhostSamurai_DefenseR_Parry02_Root.uasset
bulk-import-or-template-content	??	Content/Assets/Animations/GhostSamurai_Bundle/GhostSamurai/Katana/Apose/Defense/DefenseR/GhostSamurai_DefenseR_Parry03_Root.uasset
bulk-import-or-template-content	??	Content/Assets/Animations/GhostSamurai_Bundle/GhostSamurai/Katana/Apose/Defense/DefenseR/GhostSamurai_DefenseR_Pose.uasset
bulk-import-or-template-content	??	Content/Assets/Animations/GhostSamurai_Bundle/GhostSamurai/Katana/Apose/Defense/DefenseR/GhostSamurai_DefenseR_Rebound_1_Root.uasset
bulk-import-or-template-content	??	Content/Assets/Animations/GhostSamurai_Bundle/GhostSamurai/Katana/Apose/Defense/DefenseR/GhostSamurai_DefenseR_Rebound_Root.uasset
bulk-import-or-template-content	??	Content/Assets/Animations/GhostSamurai_Bundle/GhostSamurai/Katana/Apose/Defense/DefenseR/GhostSamurai_DefenseR_Walk_B_Root.uasset
bulk-import-or-template-content	??	Content/Assets/Animations/GhostSamurai_Bundle/GhostSamurai/Katana/Apose/Defense/DefenseR/GhostSamurai_DefenseR_Walk_BL_Root.uasset
bulk-import-or-template-content	??	Content/Assets/Animations/GhostSamurai_Bundle/GhostSamurai/Katana/Apose/Defense/DefenseR/GhostSamurai_DefenseR_Walk_BR_Root.uasset
bulk-import-or-template-content	??	Content/Assets/Animations/GhostSamurai_Bundle/GhostSamurai/Katana/Apose/Defense/DefenseR/GhostSamurai_DefenseR_Walk_F_Root.uasset
bulk-import-or-template-content	??	Content/Assets/Animations/GhostSamurai_Bundle/GhostSamurai/Katana/Apose/Defense/DefenseR/GhostSamurai_DefenseR_Walk_FL_Root.uasset
bulk-import-or-template-content	??	Content/Assets/Animations/GhostSamurai_Bundle/GhostSamurai/Katana/Apose/Defense/DefenseR/GhostSamurai_DefenseR_Walk_FR_Root.uasset
bulk-import-or-template-content	??	Content/Assets/Animations/GhostSamurai_Bundle/GhostSamurai/Katana/Apose/Defense/DefenseR/GhostSamurai_DefenseR_Walk_L_Root.uasset
bulk-import-or-template-content	??	Content/Assets/Animations/GhostSamurai_Bundle/GhostSamurai/Katana/Apose/Defense/DefenseR/GhostSamurai_DefenseR_Walk_R_Root.uasset
bulk-import-or-template-content	??	Content/Assets/Animations/GhostSamurai_Bundle/GhostSamurai/Katana/Apose/Defense/GhostSamurai_APose2DefenseL_Root.uasset
bulk-import-or-template-content	??	Content/Assets/Animations/GhostSamurai_Bundle/GhostSamurai/Katana/Apose/Defense/GhostSamurai_APose2DefenseR_Root.uasset
bulk-import-or-template-content	??	Content/Assets/Animations/GhostSamurai_Bundle/GhostSamurai/Katana/Apose/Defense/GhostSamurai_DefenseL2APose_Root.uasset
bulk-import-or-template-content	??	Content/Assets/Animations/GhostSamurai_Bundle/GhostSamurai/Katana/Apose/Defense/GhostSamurai_DefenseR2APose_Root.uasset
bulk-import-or-template-content	??	Content/Assets/Animations/GhostSamurai_Bundle/GhostSamurai/Katana/Apose/Deflect/Root/GhostSamurai_LAttack_DeflectL_CounterExecuted_Root.uasset
bulk-import-or-template-content	??	Content/Assets/Animations/GhostSamurai_Bundle/GhostSamurai/Katana/Apose/Deflect/Root/GhostSamurai_LAttack_DeflectL_CounterExecution_Root.uasset
bulk-import-or-template-content	??	Content/Assets/Animations/GhostSamurai_Bundle/GhostSamurai/Katana/Apose/Deflect/Root/GhostSamurai_LAttack_DeflectL180_Root.uasset
bulk-import-or-template-content	??	Content/Assets/Animations/GhostSamurai_Bundle/GhostSamurai/Katana/Apose/Deflect/Root/GhostSamurai_LAttack_DeflectL90_Root.uasset
bulk-import-or-template-content	??	Content/Assets/Animations/GhostSamurai_Bundle/GhostSamurai/Katana/Apose/Deflect/Root/GhostSamurai_LAttack_DeflectR_CounterExecuted_Root.uasset
bulk-import-or-template-content	??	Content/Assets/Animations/GhostSamurai_Bundle/GhostSamurai/Katana/Apose/Deflect/Root/GhostSamurai_LAttack_DeflectR_CounterExecution_Root.uasset
bulk-import-or-template-content	??	Content/Assets/Animations/GhostSamurai_Bundle/GhostSamurai/Katana/Apose/Deflect/Root/GhostSamurai_LAttack_DeflectR180_Root.uasset
bulk-import-or-template-content	??	Content/Assets/Animations/GhostSamurai_Bundle/GhostSamurai/Katana/Apose/Deflect/Root/GhostSamurai_LAttack_DeflectR90_Root.uasset
bulk-import-or-template-content	??	Content/Assets/Animations/GhostSamurai_Bundle/GhostSamurai/Katana/Apose/Deflect/Root/GhostSamurai_LAttack_LFail_Root.uasset
bulk-import-or-template-content	??	Content/Assets/Animations/GhostSamurai_Bundle/GhostSamurai/Katana/Apose/Deflect/Root/GhostSamurai_LAttack_RFail_Root.uasset
bulk-import-or-template-content	??	Content/Assets/Animations/GhostSamurai_Bundle/GhostSamurai/Katana/Apose/Deflect/Root/GhostSamurai_LAttack_RFail180_Root.uasset
bulk-import-or-template-content	??	Content/Assets/Animations/GhostSamurai_Bundle/GhostSamurai/Katana/Apose/Deflect/Root/GhostSamurai_LSting_DeflectL_CounterExecuted_Root.uasset
bulk-import-or-template-content	??	Content/Assets/Animations/GhostSamurai_Bundle/GhostSamurai/Katana/Apose/Deflect/Root/GhostSamurai_LSting_DeflectL_CounterExecution_Root.uasset
bulk-import-or-template-content	??	Content/Assets/Animations/GhostSamurai_Bundle/GhostSamurai/Katana/Apose/Deflect/Root/GhostSamurai_LSting_DeflectR90_Root.uasset
bulk-import-or-template-content	??	Content/Assets/Animations/GhostSamurai_Bundle/GhostSamurai/Katana/Apose/Deflect/Root/GhostSamurai_LSting_RFail_Root.uasset
bulk-import-or-template-content	??	Content/Assets/Animations/GhostSamurai_Bundle/GhostSamurai/Katana/Apose/Deflect/Root/GhostSamurai_RAttack_DeflectL_CounterExecuted_Root.uasset
bulk-import-or-template-content	??	Content/Assets/Animations/GhostSamurai_Bundle/GhostSamurai/Katana/Apose/Deflect/Root/GhostSamurai_RAttack_DeflectL_CounterExecution_Root.uasset
bulk-import-or-template-content	??	Content/Assets/Animations/GhostSamurai_Bundle/GhostSamurai/Katana/Apose/Deflect/Root/GhostSamurai_RAttack_DeflectL180_Root.uasset
bulk-import-or-template-content	??	Content/Assets/Animations/GhostSamurai_Bundle/GhostSamurai/Katana/Apose/Deflect/Root/GhostSamurai_RAttack_DeflectL90_Root.uasset
bulk-import-or-template-content	??	Content/Assets/Animations/GhostSamurai_Bundle/GhostSamurai/Katana/Apose/Deflect/Root/GhostSamurai_RAttack_DeflectR_CounterExecuted_Root.uasset
bulk-import-or-template-content	??	Content/Assets/Animations/GhostSamurai_Bundle/GhostSamurai/Katana/Apose/Deflect/Root/GhostSamurai_RAttack_DeflectR_CounterExecution_Root.uasset
bulk-import-or-template-content	??	Content/Assets/Animations/GhostSamurai_Bundle/GhostSamurai/Katana/Apose/Deflect/Root/GhostSamurai_RAttack_DeflectR180_Root.uasset
bulk-import-or-template-content	??	Content/Assets/Animations/GhostSamurai_Bundle/GhostSamurai/Katana/Apose/Deflect/Root/GhostSamurai_RAttack_DeflectR90_Root.uasset
bulk-import-or-template-content	??	Content/Assets/Animations/GhostSamurai_Bundle/GhostSamurai/Katana/Apose/Deflect/Root/GhostSamurai_RAttack_LFail_Root.uasset
bulk-import-or-template-content	??	Content/Assets/Animations/GhostSamurai_Bundle/GhostSamurai/Katana/Apose/Deflect/Root/GhostSamurai_RAttack_LFail180_Root.uasset
bulk-import-or-template-content	??	Content/Assets/Animations/GhostSamurai_Bundle/GhostSamurai/Katana/Apose/Deflect/Root/GhostSamurai_RAttack_RFail_Root.uasset
bulk-import-or-template-content	??	Content/Assets/Animations/GhostSamurai_Bundle/GhostSamurai/Katana/Apose/Deflect/Root/GhostSamurai_RSting_DeflectL90_Root.uasset
bulk-import-or-template-content	??	Content/Assets/Animations/GhostSamurai_Bundle/GhostSamurai/Katana/Apose/Deflect/Root/GhostSamurai_RSting_DeflectR_CounterExecuted_Root.uasset
bulk-import-or-template-content	??	Content/Assets/Animations/GhostSamurai_Bundle/GhostSamurai/Katana/Apose/Deflect/Root/GhostSamurai_RSting_DeflectR_CounterExecution_Root.uasset
bulk-import-or-template-content	??	Content/Assets/Animations/GhostSamurai_Bundle/GhostSamurai/Katana/Apose/Deflect/Root/GhostSamurai_RSting_LFail_Root.uasset
bulk-import-or-template-content	??	Content/Assets/Animations/GhostSamurai_Bundle/GhostSamurai/Katana/Apose/Deflect/Sample/GhostSamurai_LAttack_DeflectL_CounterExecuted_Sample.uasset
bulk-import-or-template-content	??	Content/Assets/Animations/GhostSamurai_Bundle/GhostSamurai/Katana/Apose/Deflect/Sample/GhostSamurai_LAttack_DeflectL_CounterExecution_Sample.uasset
bulk-import-or-template-content	??	Content/Assets/Animations/GhostSamurai_Bundle/GhostSamurai/Katana/Apose/Deflect/Sample/GhostSamurai_LAttack_DeflectL180_Sample.uasset
bulk-import-or-template-content	??	Content/Assets/Animations/GhostSamurai_Bundle/GhostSamurai/Katana/Apose/Deflect/Sample/GhostSamurai_LAttack_DeflectL90_Sample.uasset
bulk-import-or-template-content	??	Content/Assets/Animations/GhostSamurai_Bundle/GhostSamurai/Katana/Apose/Deflect/Sample/GhostSamurai_LAttack_DeflectR_CounterExecuted_Sample.uasset
bulk-import-or-template-content	??	Content/Assets/Animations/GhostSamurai_Bundle/GhostSamurai/Katana/Apose/Deflect/Sample/GhostSamurai_LAttack_DeflectR_CounterExecution_Sample.uasset
bulk-import-or-template-content	??	Content/Assets/Animations/GhostSamurai_Bundle/GhostSamurai/Katana/Apose/Deflect/Sample/GhostSamurai_LAttack_DeflectR180_Sample.uasset
bulk-import-or-template-content	??	Content/Assets/Animations/GhostSamurai_Bundle/GhostSamurai/Katana/Apose/Deflect/Sample/GhostSamurai_LAttack_DeflectR90_Sample.uasset
bulk-import-or-template-content	??	Content/Assets/Animations/GhostSamurai_Bundle/GhostSamurai/Katana/Apose/Deflect/Sample/GhostSamurai_LAttack_LFail_Sample.uasset
bulk-import-or-template-content	??	Content/Assets/Animations/GhostSamurai_Bundle/GhostSamurai/Katana/Apose/Deflect/Sample/GhostSamurai_LAttack_RFail_Sample.uasset
bulk-import-or-template-content	??	Content/Assets/Animations/GhostSamurai_Bundle/GhostSamurai/Katana/Apose/Deflect/Sample/GhostSamurai_LAttack_RFail180_Sample.uasset
bulk-import-or-template-content	??	Content/Assets/Animations/GhostSamurai_Bundle/GhostSamurai/Katana/Apose/Deflect/Sample/GhostSamurai_LSting_DeflectL_CounterExecuted_Sample.uasset
bulk-import-or-template-content	??	Content/Assets/Animations/GhostSamurai_Bundle/GhostSamurai/Katana/Apose/Deflect/Sample/GhostSamurai_LSting_DeflectL_CounterExecution_Sample.uasset
bulk-import-or-template-content	??	Content/Assets/Animations/GhostSamurai_Bundle/GhostSamurai/Katana/Apose/Deflect/Sample/GhostSamurai_LSting_DeflectR90_Sample.uasset
bulk-import-or-template-content	??	Content/Assets/Animations/GhostSamurai_Bundle/GhostSamurai/Katana/Apose/Deflect/Sample/GhostSamurai_LSting_RFail_Sample.uasset
bulk-import-or-template-content	??	Content/Assets/Animations/GhostSamurai_Bundle/GhostSamurai/Katana/Apose/Deflect/Sample/GhostSamurai_RAttack_DeflectL_CounterExecuted_Sample.uasset
bulk-import-or-template-content	??	Content/Assets/Animations/GhostSamurai_Bundle/GhostSamurai/Katana/Apose/Deflect/Sample/GhostSamurai_RAttack_DeflectL_CounterExecution_Sample.uasset
bulk-import-or-template-content	??	Content/Assets/Animations/GhostSamurai_Bundle/GhostSamurai/Katana/Apose/Deflect/Sample/GhostSamurai_RAttack_DeflectL180_Sample.uasset
bulk-import-or-template-content	??	Content/Assets/Animations/GhostSamurai_Bundle/GhostSamurai/Katana/Apose/Deflect/Sample/GhostSamurai_RAttack_DeflectL90_Sample.uasset
bulk-import-or-template-content	??	Content/Assets/Animations/GhostSamurai_Bundle/GhostSamurai/Katana/Apose/Deflect/Sample/GhostSamurai_RAttack_DeflectR_CounterExecuted_Sample.uasset
bulk-import-or-template-content	??	Content/Assets/Animations/GhostSamurai_Bundle/GhostSamurai/Katana/Apose/Deflect/Sample/GhostSamurai_RAttack_DeflectR_CounterExecution_Sample.uasset
bulk-import-or-template-content	??	Content/Assets/Animations/GhostSamurai_Bundle/GhostSamurai/Katana/Apose/Deflect/Sample/GhostSamurai_RAttack_DeflectR180_Sample.uasset
bulk-import-or-template-content	??	Content/Assets/Animations/GhostSamurai_Bundle/GhostSamurai/Katana/Apose/Deflect/Sample/GhostSamurai_RAttack_DeflectR90_Sample.uasset
bulk-import-or-template-content	??	Content/Assets/Animations/GhostSamurai_Bundle/GhostSamurai/Katana/Apose/Deflect/Sample/GhostSamurai_RAttack_LFail_Sample.uasset
bulk-import-or-template-content	??	Content/Assets/Animations/GhostSamurai_Bundle/GhostSamurai/Katana/Apose/Deflect/Sample/GhostSamurai_RAttack_LFail180_Sample.uasset
bulk-import-or-template-content	??	Content/Assets/Animations/GhostSamurai_Bundle/GhostSamurai/Katana/Apose/Deflect/Sample/GhostSamurai_RAttack_RFail_Sample.uasset
bulk-import-or-template-content	??	Content/Assets/Animations/GhostSamurai_Bundle/GhostSamurai/Katana/Apose/Deflect/Sample/GhostSamurai_RSting_DeflectL90_Sample.uasset
bulk-import-or-template-content	??	Content/Assets/Animations/GhostSamurai_Bundle/GhostSamurai/Katana/Apose/Deflect/Sample/GhostSamurai_RSting_DeflectR_CounterExecuted_Sample.uasset
bulk-import-or-template-content	??	Content/Assets/Animations/GhostSamurai_Bundle/GhostSamurai/Katana/Apose/Deflect/Sample/GhostSamurai_RSting_DeflectR_CounterExecution_Sample.uasset
bulk-import-or-template-content	??	Content/Assets/Animations/GhostSamurai_Bundle/GhostSamurai/Katana/Apose/Deflect/Sample/GhostSamurai_RSting_LFail_Sample.uasset
bulk-import-or-template-content	??	Content/Assets/Animations/GhostSamurai_Bundle/GhostSamurai/Katana/Apose/Die/GhostSamurai_APose_Die01_Root.uasset
bulk-import-or-template-content	??	Content/Assets/Animations/GhostSamurai_Bundle/GhostSamurai/Katana/Apose/Die/GhostSamurai_APose_Die02_Root.uasset
bulk-import-or-template-content	??	Content/Assets/Animations/GhostSamurai_Bundle/GhostSamurai/Katana/Apose/Die/GhostSamurai_APose_Die03_Root.uasset
bulk-import-or-template-content	??	Content/Assets/Animations/GhostSamurai_Bundle/GhostSamurai/Katana/Apose/Die/GhostSamurai_APose_Die04_Root.uasset
bulk-import-or-template-content	??	Content/Assets/Animations/GhostSamurai_Bundle/GhostSamurai/Katana/Apose/Die/GhostSamurai_APose_Die05_Root.uasset
bulk-import-or-template-content	??	Content/Assets/Animations/GhostSamurai_Bundle/GhostSamurai/Katana/Apose/Die/GhostSamurai_APose_Die06_Root.uasset
bulk-import-or-template-content	??	Content/Assets/Animations/GhostSamurai_Bundle/GhostSamurai/Katana/Apose/Die/GhostSamurai_APose_Die07_Root.uasset
bulk-import-or-template-content	??	Content/Assets/Animations/GhostSamurai_Bundle/GhostSamurai/Katana/Apose/Die/GhostSamurai_APose_Die08_Root.uasset
bulk-import-or-template-content	??	Content/Assets/Animations/GhostSamurai_Bundle/GhostSamurai/Katana/Apose/Die/GhostSamurai_APose_Die09_Root.uasset
bulk-import-or-template-content	??	Content/Assets/Animations/GhostSamurai_Bundle/GhostSamurai/Katana/Apose/Die/GhostSamurai_APose_Die10_Root.uasset
bulk-import-or-template-content	??	Content/Assets/Animations/GhostSamurai_Bundle/GhostSamurai/Katana/Apose/Die/GhostSamurai_APose_Die11_Root.uasset
bulk-import-or-template-content	??	Content/Assets/Animations/GhostSamurai_Bundle/GhostSamurai/Katana/Apose/Dodge/GhostSamurai_APose_Avoid_B_1_Root.uasset
bulk-import-or-template-content	??	Content/Assets/Animations/GhostSamurai_Bundle/GhostSamurai/Katana/Apose/Dodge/GhostSamurai_APose_Avoid_B_Root.uasset
bulk-import-or-template-content	??	Content/Assets/Animations/GhostSamurai_Bundle/GhostSamurai/Katana/Apose/Dodge/GhostSamurai_APose_Avoid_BL_Root.uasset
bulk-import-or-template-content	??	Content/Assets/Animations/GhostSamurai_Bundle/GhostSamurai/Katana/Apose/Dodge/GhostSamurai_APose_Avoid_BR_Root.uasset
bulk-import-or-template-content	??	Content/Assets/Animations/GhostSamurai_Bundle/GhostSamurai/Katana/Apose/Dodge/GhostSamurai_APose_Avoid_F_Root.uasset
bulk-import-or-template-content	??	Content/Assets/Animations/GhostSamurai_Bundle/GhostSamurai/Katana/Apose/Dodge/GhostSamurai_APose_Avoid_FL_Root.uasset
bulk-import-or-template-content	??	Content/Assets/Animations/GhostSamurai_Bundle/GhostSamurai/Katana/Apose/Dodge/GhostSamurai_APose_Avoid_FR_Root.uasset
bulk-import-or-template-content	??	Content/Assets/Animations/GhostSamurai_Bundle/GhostSamurai/Katana/Apose/Dodge/GhostSamurai_APose_Avoid_L_Root.uasset
bulk-import-or-template-content	??	Content/Assets/Animations/GhostSamurai_Bundle/GhostSamurai/Katana/Apose/Dodge/GhostSamurai_APose_Avoid_R_Root.uasset
bulk-import-or-template-content	??	Content/Assets/Animations/GhostSamurai_Bundle/GhostSamurai/Katana/Apose/Dodge/GhostSamurai_APose_Dodge_Attack_B_Root.uasset
bulk-import-or-template-content	??	Content/Assets/Animations/GhostSamurai_Bundle/GhostSamurai/Katana/Apose/Dodge/GhostSamurai_APose_Dodge_Attack_F_Root.uasset
bulk-import-or-template-content	??	Content/Assets/Animations/GhostSamurai_Bundle/GhostSamurai/Katana/Apose/Dodge/GhostSamurai_APose_Dodge_B_1_Root.uasset
bulk-import-or-template-content	??	Content/Assets/Animations/GhostSamurai_Bundle/GhostSamurai/Katana/Apose/Dodge/GhostSamurai_APose_Dodge_B_Root.uasset
bulk-import-or-template-content	??	Content/Assets/Animations/GhostSamurai_Bundle/GhostSamurai/Katana/Apose/Dodge/GhostSamurai_APose_Dodge_BL_Root.uasset
bulk-import-or-template-content	??	Content/Assets/Animations/GhostSamurai_Bundle/GhostSamurai/Katana/Apose/Dodge/GhostSamurai_APose_Dodge_BR_Root.uasset
bulk-import-or-template-content	??	Content/Assets/Animations/GhostSamurai_Bundle/GhostSamurai/Katana/Apose/Dodge/GhostSamurai_APose_Dodge_F_Root.uasset
bulk-import-or-template-content	??	Content/Assets/Animations/GhostSamurai_Bundle/GhostSamurai/Katana/Apose/Dodge/GhostSamurai_APose_Dodge_FL_Root.uasset
bulk-import-or-template-content	??	Content/Assets/Animations/GhostSamurai_Bundle/GhostSamurai/Katana/Apose/Dodge/GhostSamurai_APose_Dodge_FR_Root.uasset
bulk-import-or-template-content	??	Content/Assets/Animations/GhostSamurai_Bundle/GhostSamurai/Katana/Apose/Dodge/GhostSamurai_APose_Dodge_L_Root.uasset
bulk-import-or-template-content	??	Content/Assets/Animations/GhostSamurai_Bundle/GhostSamurai/Katana/Apose/Dodge/GhostSamurai_APose_Dodge_R_Root.uasset
bulk-import-or-template-content	??	Content/Assets/Animations/GhostSamurai_Bundle/GhostSamurai/Katana/Apose/Dodge/GhostSamurai_APose_Slide_B_Root.uasset
bulk-import-or-template-content	??	Content/Assets/Animations/GhostSamurai_Bundle/GhostSamurai/Katana/Apose/Dodge/GhostSamurai_APose_Slide_BL_Root.uasset
bulk-import-or-template-content	??	Content/Assets/Animations/GhostSamurai_Bundle/GhostSamurai/Katana/Apose/Dodge/GhostSamurai_APose_Slide_BR_Root.uasset
bulk-import-or-template-content	??	Content/Assets/Animations/GhostSamurai_Bundle/GhostSamurai/Katana/Apose/Dodge/GhostSamurai_APose_Slide_F_Root.uasset
bulk-import-or-template-content	??	Content/Assets/Animations/GhostSamurai_Bundle/GhostSamurai/Katana/Apose/Dodge/GhostSamurai_APose_Slide_FL_Root.uasset
bulk-import-or-template-content	??	Content/Assets/Animations/GhostSamurai_Bundle/GhostSamurai/Katana/Apose/Dodge/GhostSamurai_APose_Slide_FR_Root.uasset
bulk-import-or-template-content	??	Content/Assets/Animations/GhostSamurai_Bundle/GhostSamurai/Katana/Apose/Dodge/GhostSamurai_APose_Slide_L_Root.uasset
bulk-import-or-template-content	??	Content/Assets/Animations/GhostSamurai_Bundle/GhostSamurai/Katana/Apose/Dodge/GhostSamurai_APose_Slide_R_Root.uasset
bulk-import-or-template-content	??	Content/Assets/Animations/GhostSamurai_Bundle/GhostSamurai/Katana/Apose/Execution/Enemy_Idle.uasset
bulk-import-or-template-content	??	Content/Assets/Animations/GhostSamurai_Bundle/GhostSamurai/Katana/Apose/Execution/GhostSamurai_Ambush01.uasset
bulk-import-or-template-content	??	Content/Assets/Animations/GhostSamurai_Bundle/GhostSamurai/Katana/Apose/Execution/GhostSamurai_Ambush02.uasset
bulk-import-or-template-content	??	Content/Assets/Animations/GhostSamurai_Bundle/GhostSamurai/Katana/Apose/Execution/GhostSamurai_Ambush03.uasset
bulk-import-or-template-content	??	Content/Assets/Animations/GhostSamurai_Bundle/GhostSamurai/Katana/Apose/Execution/GhostSamurai_Ambush04.uasset
bulk-import-or-template-content	??	Content/Assets/Animations/GhostSamurai_Bundle/GhostSamurai/Katana/Apose/Execution/GhostSamurai_Ambushed01.uasset
bulk-import-or-template-content	??	Content/Assets/Animations/GhostSamurai_Bundle/GhostSamurai/Katana/Apose/Execution/GhostSamurai_Ambushed02.uasset
bulk-import-or-template-content	??	Content/Assets/Animations/GhostSamurai_Bundle/GhostSamurai/Katana/Apose/Execution/GhostSamurai_Ambushed03.uasset
bulk-import-or-template-content	??	Content/Assets/Animations/GhostSamurai_Bundle/GhostSamurai/Katana/Apose/Execution/GhostSamurai_Ambushed04.uasset
bulk-import-or-template-content	??	Content/Assets/Animations/GhostSamurai_Bundle/GhostSamurai/Katana/Apose/Execution/GhostSamurai_Executed01.uasset
bulk-import-or-template-content	??	Content/Assets/Animations/GhostSamurai_Bundle/GhostSamurai/Katana/Apose/Execution/GhostSamurai_Executed02.uasset
bulk-import-or-template-content	??	Content/Assets/Animations/GhostSamurai_Bundle/GhostSamurai/Katana/Apose/Execution/GhostSamurai_Executed03.uasset
bulk-import-or-template-content	??	Content/Assets/Animations/GhostSamurai_Bundle/GhostSamurai/Katana/Apose/Execution/GhostSamurai_Executed04.uasset
bulk-import-or-template-content	??	Content/Assets/Animations/GhostSamurai_Bundle/GhostSamurai/Katana/Apose/Execution/GhostSamurai_Executed05.uasset
bulk-import-or-template-content	??	Content/Assets/Animations/GhostSamurai_Bundle/GhostSamurai/Katana/Apose/Execution/GhostSamurai_Executed06.uasset
bulk-import-or-template-content	??	Content/Assets/Animations/GhostSamurai_Bundle/GhostSamurai/Katana/Apose/Execution/GhostSamurai_Executed07.uasset
bulk-import-or-template-content	??	Content/Assets/Animations/GhostSamurai_Bundle/GhostSamurai/Katana/Apose/Execution/GhostSamurai_Execution01.uasset
bulk-import-or-template-content	??	Content/Assets/Animations/GhostSamurai_Bundle/GhostSamurai/Katana/Apose/Execution/GhostSamurai_Execution02.uasset
bulk-import-or-template-content	??	Content/Assets/Animations/GhostSamurai_Bundle/GhostSamurai/Katana/Apose/Execution/GhostSamurai_Execution03.uasset
bulk-import-or-template-content	??	Content/Assets/Animations/GhostSamurai_Bundle/GhostSamurai/Katana/Apose/Execution/GhostSamurai_Execution04.uasset
bulk-import-or-template-content	??	Content/Assets/Animations/GhostSamurai_Bundle/GhostSamurai/Katana/Apose/Execution/GhostSamurai_Execution05.uasset
bulk-import-or-template-content	??	Content/Assets/Animations/GhostSamurai_Bundle/GhostSamurai/Katana/Apose/Execution/GhostSamurai_Execution06.uasset
bulk-import-or-template-content	??	Content/Assets/Animations/GhostSamurai_Bundle/GhostSamurai/Katana/Apose/Execution/GhostSamurai_Execution07.uasset
bulk-import-or-template-content	??	Content/Assets/Animations/GhostSamurai_Bundle/GhostSamurai/Katana/Apose/Execution/Sample/GhostSamurai_Ambush01_Sample.uasset
bulk-import-or-template-content	??	Content/Assets/Animations/GhostSamurai_Bundle/GhostSamurai/Katana/Apose/Execution/Sample/GhostSamurai_Ambush02_Sample.uasset
bulk-import-or-template-content	??	Content/Assets/Animations/GhostSamurai_Bundle/GhostSamurai/Katana/Apose/Execution/Sample/GhostSamurai_Ambush03_Sample.uasset
bulk-import-or-template-content	??	Content/Assets/Animations/GhostSamurai_Bundle/GhostSamurai/Katana/Apose/Execution/Sample/GhostSamurai_Ambush04_Sample.uasset
bulk-import-or-template-content	??	Content/Assets/Animations/GhostSamurai_Bundle/GhostSamurai/Katana/Apose/Execution/Sample/GhostSamurai_Ambushed01_Sample.uasset
bulk-import-or-template-content	??	Content/Assets/Animations/GhostSamurai_Bundle/GhostSamurai/Katana/Apose/Execution/Sample/GhostSamurai_Ambushed02_Sample.uasset
bulk-import-or-template-content	??	Content/Assets/Animations/GhostSamurai_Bundle/GhostSamurai/Katana/Apose/Execution/Sample/GhostSamurai_Ambushed03_Sample.uasset
bulk-import-or-template-content	??	Content/Assets/Animations/GhostSamurai_Bundle/GhostSamurai/Katana/Apose/Execution/Sample/GhostSamurai_Ambushed04_Sample.uasset
bulk-import-or-template-content	??	Content/Assets/Animations/GhostSamurai_Bundle/GhostSamurai/Katana/Apose/Execution/Sample/GhostSamurai_Executed01_Sample.uasset
bulk-import-or-template-content	??	Content/Assets/Animations/GhostSamurai_Bundle/GhostSamurai/Katana/Apose/Execution/Sample/GhostSamurai_Executed02_Sample.uasset
bulk-import-or-template-content	??	Content/Assets/Animations/GhostSamurai_Bundle/GhostSamurai/Katana/Apose/Execution/Sample/GhostSamurai_Executed03_Sample.uasset
bulk-import-or-template-content	??	Content/Assets/Animations/GhostSamurai_Bundle/GhostSamurai/Katana/Apose/Execution/Sample/GhostSamurai_Executed04_Sample.uasset
bulk-import-or-template-content	??	Content/Assets/Animations/GhostSamurai_Bundle/GhostSamurai/Katana/Apose/Execution/Sample/GhostSamurai_Executed05_Sample.uasset
bulk-import-or-template-content	??	Content/Assets/Animations/GhostSamurai_Bundle/GhostSamurai/Katana/Apose/Execution/Sample/GhostSamurai_Executed06_Sample.uasset
bulk-import-or-template-content	??	Content/Assets/Animations/GhostSamurai_Bundle/GhostSamurai/Katana/Apose/Execution/Sample/GhostSamurai_Executed07_Sample.uasset
bulk-import-or-template-content	??	Content/Assets/Animations/GhostSamurai_Bundle/GhostSamurai/Katana/Apose/Execution/Sample/GhostSamurai_Execution01_Sample.uasset
bulk-import-or-template-content	??	Content/Assets/Animations/GhostSamurai_Bundle/GhostSamurai/Katana/Apose/Execution/Sample/GhostSamurai_Execution02_Sample.uasset
bulk-import-or-template-content	??	Content/Assets/Animations/GhostSamurai_Bundle/GhostSamurai/Katana/Apose/Execution/Sample/GhostSamurai_Execution03_Sample.uasset
bulk-import-or-template-content	??	Content/Assets/Animations/GhostSamurai_Bundle/GhostSamurai/Katana/Apose/Execution/Sample/GhostSamurai_Execution04_Sample.uasset
bulk-import-or-template-content	??	Content/Assets/Animations/GhostSamurai_Bundle/GhostSamurai/Katana/Apose/Execution/Sample/GhostSamurai_Execution05_Sample.uasset
bulk-import-or-template-content	??	Content/Assets/Animations/GhostSamurai_Bundle/GhostSamurai/Katana/Apose/Execution/Sample/GhostSamurai_Execution06_Sample.uasset
bulk-import-or-template-content	??	Content/Assets/Animations/GhostSamurai_Bundle/GhostSamurai/Katana/Apose/Execution/Sample/GhostSamurai_Execution07_Sample.uasset
bulk-import-or-template-content	??	Content/Assets/Animations/GhostSamurai_Bundle/GhostSamurai/Katana/Apose/GhostSamurai_APose_Idle.uasset
bulk-import-or-template-content	??	Content/Assets/Animations/GhostSamurai_Bundle/GhostSamurai/Katana/Apose/GhostSamurai_APose.uasset
bulk-import-or-template-content	??	Content/Assets/Animations/GhostSamurai_Bundle/GhostSamurai/Katana/Apose/Hit/GhostSamurai_APose_Air__DownLoop_Root.uasset
bulk-import-or-template-content	??	Content/Assets/Animations/GhostSamurai_Bundle/GhostSamurai/Katana/Apose/Hit/GhostSamurai_APose_Air_Hit_Root.uasset
bulk-import-or-template-content	??	Content/Assets/Animations/GhostSamurai_Bundle/GhostSamurai/Katana/Apose/Hit/GhostSamurai_APose_Falldown_F_End_Root.uasset
bulk-import-or-template-content	??	Content/Assets/Animations/GhostSamurai_Bundle/GhostSamurai/Katana/Apose/Hit/GhostSamurai_APose_Falldown_F_Loop_Root.uasset
bulk-import-or-template-content	??	Content/Assets/Animations/GhostSamurai_Bundle/GhostSamurai/Katana/Apose/Hit/GhostSamurai_APose_Falldown_F_Start_Root.uasset
bulk-import-or-template-content	??	Content/Assets/Animations/GhostSamurai_Bundle/GhostSamurai/Katana/Apose/Hit/GhostSamurai_APose_Hit_B_Root.uasset
bulk-import-or-template-content	??	Content/Assets/Animations/GhostSamurai_Bundle/GhostSamurai/Katana/Apose/Hit/GhostSamurai_APose_Hit_F_Root.uasset
bulk-import-or-template-content	??	Content/Assets/Animations/GhostSamurai_Bundle/GhostSamurai/Katana/Apose/Hit/GhostSamurai_APose_Hit_FL_Root.uasset
bulk-import-or-template-content	??	Content/Assets/Animations/GhostSamurai_Bundle/GhostSamurai/Katana/Apose/Hit/GhostSamurai_APose_Hit_FR_Root.uasset
bulk-import-or-template-content	??	Content/Assets/Animations/GhostSamurai_Bundle/GhostSamurai/Katana/Apose/Hit/GhostSamurai_APose_Hit_L_Root.uasset
bulk-import-or-template-content	??	Content/Assets/Animations/GhostSamurai_Bundle/GhostSamurai/Katana/Apose/Hit/GhostSamurai_APose_Hit_R_Root.uasset
bulk-import-or-template-content	??	Content/Assets/Animations/GhostSamurai_Bundle/GhostSamurai/Katana/Apose/Hit/GhostSamurai_APose_Hit_Up_GetUP_Root.uasset
bulk-import-or-template-content	??	Content/Assets/Animations/GhostSamurai_Bundle/GhostSamurai/Katana/Apose/Hit/GhostSamurai_APose_Hit_Up_Loop_Root.uasset
bulk-import-or-template-content	??	Content/Assets/Animations/GhostSamurai_Bundle/GhostSamurai/Katana/Apose/Hit/GhostSamurai_APose_Hit_Up_Root.uasset
bulk-import-or-template-content	??	Content/Assets/Animations/GhostSamurai_Bundle/GhostSamurai/Katana/Apose/Hit/GhostSamurai_APose_Large_Hit_1_Root.uasset
bulk-import-or-template-content	??	Content/Assets/Animations/GhostSamurai_Bundle/GhostSamurai/Katana/Apose/Hit/GhostSamurai_APose_Large_Hit_2_Root.uasset
bulk-import-or-template-content	??	Content/Assets/Animations/GhostSamurai_Bundle/GhostSamurai/Katana/Apose/Hit/GhostSamurai_APose_Large_Hit_Root.uasset
bulk-import-or-template-content	??	Content/Assets/Animations/GhostSamurai_Bundle/GhostSamurai/Katana/Apose/Movement/Crouch/GhostSamurai_APose2Crouch_Root.uasset
bulk-import-or-template-content	??	Content/Assets/Animations/GhostSamurai_Bundle/GhostSamurai/Katana/Apose/Movement/Crouch/GhostSamurai_Crouch_Loop_Root.uasset
bulk-import-or-template-content	??	Content/Assets/Animations/GhostSamurai_Bundle/GhostSamurai/Katana/Apose/Movement/Crouch/GhostSamurai_Crouch_Pose.uasset
bulk-import-or-template-content	??	Content/Assets/Animations/GhostSamurai_Bundle/GhostSamurai/Katana/Apose/Movement/Crouch/GhostSamurai_Crouch_Run_End_Root.uasset
bulk-import-or-template-content	??	Content/Assets/Animations/GhostSamurai_Bundle/GhostSamurai/Katana/Apose/Movement/Crouch/GhostSamurai_Crouch_Run_Loop_Root.uasset
bulk-import-or-template-content	??	Content/Assets/Animations/GhostSamurai_Bundle/GhostSamurai/Katana/Apose/Movement/Crouch/GhostSamurai_Crouch_Run_Start_Root.uasset
bulk-import-or-template-content	??	Content/Assets/Animations/GhostSamurai_Bundle/GhostSamurai/Katana/Apose/Movement/Crouch/GhostSamurai_Crouch_Walk_B_Root.uasset
bulk-import-or-template-content	??	Content/Assets/Animations/GhostSamurai_Bundle/GhostSamurai/Katana/Apose/Movement/Crouch/GhostSamurai_Crouch_Walk_BL_Root.uasset
bulk-import-or-template-content	??	Content/Assets/Animations/GhostSamurai_Bundle/GhostSamurai/Katana/Apose/Movement/Crouch/GhostSamurai_Crouch_Walk_BR_Root.uasset
bulk-import-or-template-content	??	Content/Assets/Animations/GhostSamurai_Bundle/GhostSamurai/Katana/Apose/Movement/Crouch/GhostSamurai_Crouch_Walk_F_End_Root.uasset
bulk-import-or-template-content	??	Content/Assets/Animations/GhostSamurai_Bundle/GhostSamurai/Katana/Apose/Movement/Crouch/GhostSamurai_Crouch_Walk_F_Loop_Root.uasset
bulk-import-or-template-content	??	Content/Assets/Animations/GhostSamurai_Bundle/GhostSamurai/Katana/Apose/Movement/Crouch/GhostSamurai_Crouch_Walk_F_Start_Root.uasset
bulk-import-or-template-content	??	Content/Assets/Animations/GhostSamurai_Bundle/GhostSamurai/Katana/Apose/Movement/Crouch/GhostSamurai_Crouch_Walk_FL_Root.uasset
bulk-import-or-template-content	??	Content/Assets/Animations/GhostSamurai_Bundle/GhostSamurai/Katana/Apose/Movement/Crouch/GhostSamurai_Crouch_Walk_FR_Root.uasset
bulk-import-or-template-content	??	Content/Assets/Animations/GhostSamurai_Bundle/GhostSamurai/Katana/Apose/Movement/Crouch/GhostSamurai_Crouch_Walk_L_Root.uasset
bulk-import-or-template-content	??	Content/Assets/Animations/GhostSamurai_Bundle/GhostSamurai/Katana/Apose/Movement/Crouch/GhostSamurai_Crouch_Walk_R_Root.uasset
bulk-import-or-template-content	??	Content/Assets/Animations/GhostSamurai_Bundle/GhostSamurai/Katana/Apose/Movement/Crouch/GhostSamurai_Crouch2APose_Root.uasset
bulk-import-or-template-content	??	Content/Assets/Animations/GhostSamurai_Bundle/GhostSamurai/Katana/Apose/Movement/GhostSamurai_APose_Jump_End_Root.uasset
bulk-import-or-template-content	??	Content/Assets/Animations/GhostSamurai_Bundle/GhostSamurai/Katana/Apose/Movement/GhostSamurai_APose_Jump_Loop_Root.uasset
bulk-import-or-template-content	??	Content/Assets/Animations/GhostSamurai_Bundle/GhostSamurai/Katana/Apose/Movement/GhostSamurai_APose_Jump_Start_Root.uasset
bulk-import-or-template-content	??	Content/Assets/Animations/GhostSamurai_Bundle/GhostSamurai/Katana/Apose/Movement/GhostSamurai_APose_Slide_End_Root.uasset
bulk-import-or-template-content	??	Content/Assets/Animations/GhostSamurai_Bundle/GhostSamurai/Katana/Apose/Movement/GhostSamurai_APose_Slide_Loop_Root.uasset
bulk-import-or-template-content	??	Content/Assets/Animations/GhostSamurai_Bundle/GhostSamurai/Katana/Apose/Movement/GhostSamurai_APose_Slide_Start_Root.uasset
bulk-import-or-template-content	??	Content/Assets/Animations/GhostSamurai_Bundle/GhostSamurai/Katana/Apose/Movement/GhostSamurai_APose_TurnL180_Root.uasset
bulk-import-or-template-content	??	Content/Assets/Animations/GhostSamurai_Bundle/GhostSamurai/Katana/Apose/Movement/GhostSamurai_APose_TurnL90_Root.uasset
bulk-import-or-template-content	??	Content/Assets/Animations/GhostSamurai_Bundle/GhostSamurai/Katana/Apose/Movement/GhostSamurai_APose_TurnR180_Root.uasset
bulk-import-or-template-content	??	Content/Assets/Animations/GhostSamurai_Bundle/GhostSamurai/Katana/Apose/Movement/GhostSamurai_APose_TurnR90_Root.uasset
bulk-import-or-template-content	??	Content/Assets/Animations/GhostSamurai_Bundle/GhostSamurai/Katana/Apose/Movement/Run/GhostSamurai_APose_Strafe_Run_B_Root.uasset
bulk-import-or-template-content	??	Content/Assets/Animations/GhostSamurai_Bundle/GhostSamurai/Katana/Apose/Movement/Run/GhostSamurai_APose_Strafe_Run_BL_Root.uasset
bulk-import-or-template-content	??	Content/Assets/Animations/GhostSamurai_Bundle/GhostSamurai/Katana/Apose/Movement/Run/GhostSamurai_APose_Strafe_Run_BR_Root.uasset
bulk-import-or-template-content	??	Content/Assets/Animations/GhostSamurai_Bundle/GhostSamurai/Katana/Apose/Movement/Run/GhostSamurai_APose_Strafe_Run_F_End_Root.uasset
bulk-import-or-template-content	??	Content/Assets/Animations/GhostSamurai_Bundle/GhostSamurai/Katana/Apose/Movement/Run/GhostSamurai_APose_Strafe_Run_F_Loop_Root.uasset
bulk-import-or-template-content	??	Content/Assets/Animations/GhostSamurai_Bundle/GhostSamurai/Katana/Apose/Movement/Run/GhostSamurai_APose_Strafe_Run_F_Sprint_Root.uasset
bulk-import-or-template-content	??	Content/Assets/Animations/GhostSamurai_Bundle/GhostSamurai/Katana/Apose/Movement/Run/GhostSamurai_APose_Strafe_Run_F_Start_Root.uasset
bulk-import-or-template-content	??	Content/Assets/Animations/GhostSamurai_Bundle/GhostSamurai/Katana/Apose/Movement/Run/GhostSamurai_APose_Strafe_Run_FL_Root.uasset
bulk-import-or-template-content	??	Content/Assets/Animations/GhostSamurai_Bundle/GhostSamurai/Katana/Apose/Movement/Run/GhostSamurai_APose_Strafe_Run_FR_Root.uasset
bulk-import-or-template-content	??	Content/Assets/Animations/GhostSamurai_Bundle/GhostSamurai/Katana/Apose/Movement/Run/GhostSamurai_APose_Strafe_Run_L_Root.uasset
bulk-import-or-template-content	??	Content/Assets/Animations/GhostSamurai_Bundle/GhostSamurai/Katana/Apose/Movement/Run/GhostSamurai_APose_Strafe_Run_R_Root.uasset
bulk-import-or-template-content	??	Content/Assets/Animations/GhostSamurai_Bundle/GhostSamurai/Katana/Apose/Movement/Walk/GhostSamurai_APose_Strafe_Walk_B_End_Root.uasset
bulk-import-or-template-content	??	Content/Assets/Animations/GhostSamurai_Bundle/GhostSamurai/Katana/Apose/Movement/Walk/GhostSamurai_APose_Strafe_Walk_B_Root.uasset
bulk-import-or-template-content	??	Content/Assets/Animations/GhostSamurai_Bundle/GhostSamurai/Katana/Apose/Movement/Walk/GhostSamurai_APose_Strafe_Walk_B_Start_Root.uasset
bulk-import-or-template-content	??	Content/Assets/Animations/GhostSamurai_Bundle/GhostSamurai/Katana/Apose/Movement/Walk/GhostSamurai_APose_Strafe_Walk_BL_Root.uasset
bulk-import-or-template-content	??	Content/Assets/Animations/GhostSamurai_Bundle/GhostSamurai/Katana/Apose/Movement/Walk/GhostSamurai_APose_Strafe_Walk_BR_Root.uasset
bulk-import-or-template-content	??	Content/Assets/Animations/GhostSamurai_Bundle/GhostSamurai/Katana/Apose/Movement/Walk/GhostSamurai_APose_Strafe_Walk_F_End_Root.uasset
bulk-import-or-template-content	??	Content/Assets/Animations/GhostSamurai_Bundle/GhostSamurai/Katana/Apose/Movement/Walk/GhostSamurai_APose_Strafe_Walk_F_Loop_Root.uasset
bulk-import-or-template-content	??	Content/Assets/Animations/GhostSamurai_Bundle/GhostSamurai/Katana/Apose/Movement/Walk/GhostSamurai_APose_Strafe_Walk_F_Start_Root.uasset
bulk-import-or-template-content	??	Content/Assets/Animations/GhostSamurai_Bundle/GhostSamurai/Katana/Apose/Movement/Walk/GhostSamurai_APose_Strafe_Walk_FL_Root.uasset
bulk-import-or-template-content	??	Content/Assets/Animations/GhostSamurai_Bundle/GhostSamurai/Katana/Apose/Movement/Walk/GhostSamurai_APose_Strafe_Walk_FR_Root.uasset
bulk-import-or-template-content	??	Content/Assets/Animations/GhostSamurai_Bundle/GhostSamurai/Katana/Apose/Movement/Walk/GhostSamurai_APose_Strafe_Walk_L_End_Root.uasset
bulk-import-or-template-content	??	Content/Assets/Animations/GhostSamurai_Bundle/GhostSamurai/Katana/Apose/Movement/Walk/GhostSamurai_APose_Strafe_Walk_L_Root.uasset
bulk-import-or-template-content	??	Content/Assets/Animations/GhostSamurai_Bundle/GhostSamurai/Katana/Apose/Movement/Walk/GhostSamurai_APose_Strafe_Walk_L_Start_Root.uasset
bulk-import-or-template-content	??	Content/Assets/Animations/GhostSamurai_Bundle/GhostSamurai/Katana/Apose/Movement/Walk/GhostSamurai_APose_Strafe_Walk_R_End_Root.uasset
bulk-import-or-template-content	??	Content/Assets/Animations/GhostSamurai_Bundle/GhostSamurai/Katana/Apose/Movement/Walk/GhostSamurai_APose_Strafe_Walk_R_Root.uasset
bulk-import-or-template-content	??	Content/Assets/Animations/GhostSamurai_Bundle/GhostSamurai/Katana/Apose/Movement/Walk/GhostSamurai_APose_Strafe_Walk_R_Start_Root.uasset
bulk-import-or-template-content	??	Content/Assets/Animations/GhostSamurai_Bundle/GhostSamurai/Katana/Common/CommonCrouch/GhostSamurai_Common2CommonCrouch_Root.uasset
bulk-import-or-template-content	??	Content/Assets/Animations/GhostSamurai_Bundle/GhostSamurai/Katana/Common/CommonCrouch/GhostSamurai_CommonCrouch_Loop_Root.uasset
bulk-import-or-template-content	??	Content/Assets/Animations/GhostSamurai_Bundle/GhostSamurai/Katana/Common/CommonCrouch/GhostSamurai_CommonCrouch_Pose.uasset
bulk-import-or-template-content	??	Content/Assets/Animations/GhostSamurai_Bundle/GhostSamurai/Katana/Common/CommonCrouch/GhostSamurai_CommonCrouch_Run_End_Root.uasset
bulk-import-or-template-content	??	Content/Assets/Animations/GhostSamurai_Bundle/GhostSamurai/Katana/Common/CommonCrouch/GhostSamurai_CommonCrouch_Run_Loop_Root.uasset
bulk-import-or-template-content	??	Content/Assets/Animations/GhostSamurai_Bundle/GhostSamurai/Katana/Common/CommonCrouch/GhostSamurai_CommonCrouch_Run_Start_Root.uasset
bulk-import-or-template-content	??	Content/Assets/Animations/GhostSamurai_Bundle/GhostSamurai/Katana/Common/CommonCrouch/GhostSamurai_CommonCrouch_Walk_B_Root.uasset
bulk-import-or-template-content	??	Content/Assets/Animations/GhostSamurai_Bundle/GhostSamurai/Katana/Common/CommonCrouch/GhostSamurai_CommonCrouch_Walk_BL_Root.uasset
bulk-import-or-template-content	??	Content/Assets/Animations/GhostSamurai_Bundle/GhostSamurai/Katana/Common/CommonCrouch/GhostSamurai_CommonCrouch_Walk_BR_Root.uasset
bulk-import-or-template-content	??	Content/Assets/Animations/GhostSamurai_Bundle/GhostSamurai/Katana/Common/CommonCrouch/GhostSamurai_CommonCrouch_Walk_F_End_Root.uasset
bulk-import-or-template-content	??	Content/Assets/Animations/GhostSamurai_Bundle/GhostSamurai/Katana/Common/CommonCrouch/GhostSamurai_CommonCrouch_Walk_F_Loop_Root.uasset
bulk-import-or-template-content	??	Content/Assets/Animations/GhostSamurai_Bundle/GhostSamurai/Katana/Common/CommonCrouch/GhostSamurai_CommonCrouch_Walk_F_Start_Root.uasset
bulk-import-or-template-content	??	Content/Assets/Animations/GhostSamurai_Bundle/GhostSamurai/Katana/Common/CommonCrouch/GhostSamurai_CommonCrouch_Walk_FL_Root.uasset
bulk-import-or-template-content	??	Content/Assets/Animations/GhostSamurai_Bundle/GhostSamurai/Katana/Common/CommonCrouch/GhostSamurai_CommonCrouch_Walk_FR_Root.uasset
bulk-import-or-template-content	??	Content/Assets/Animations/GhostSamurai_Bundle/GhostSamurai/Katana/Common/CommonCrouch/GhostSamurai_CommonCrouch_Walk_L_Root.uasset
bulk-import-or-template-content	??	Content/Assets/Animations/GhostSamurai_Bundle/GhostSamurai/Katana/Common/CommonCrouch/GhostSamurai_CommonCrouch_Walk_R_Root.uasset
bulk-import-or-template-content	??	Content/Assets/Animations/GhostSamurai_Bundle/GhostSamurai/Katana/Common/CommonCrouch/GhostSamurai_CommonCrouch2Common_Root.uasset
bulk-import-or-template-content	??	Content/Assets/Animations/GhostSamurai_Bundle/GhostSamurai/Katana/Common/EquipAndUnarm/GhostSamurai_APose_Equip01_Root.uasset
bulk-import-or-template-content	??	Content/Assets/Animations/GhostSamurai_Bundle/GhostSamurai/Katana/Common/EquipAndUnarm/GhostSamurai_APose_Equip02_Root.uasset
bulk-import-or-template-content	??	Content/Assets/Animations/GhostSamurai_Bundle/GhostSamurai/Katana/Common/EquipAndUnarm/GhostSamurai_APose_Unarm_1_Root.uasset
bulk-import-or-template-content	??	Content/Assets/Animations/GhostSamurai_Bundle/GhostSamurai/Katana/Common/EquipAndUnarm/GhostSamurai_APose_Unarm_2_Root_Montage.uasset
bulk-import-or-template-content	??	Content/Assets/Animations/GhostSamurai_Bundle/GhostSamurai/Katana/Common/EquipAndUnarm/GhostSamurai_APose_Unarm_2_Root.uasset
bulk-import-or-template-content	??	Content/Assets/Animations/GhostSamurai_Bundle/GhostSamurai/Katana/Common/EquipAndUnarm/GhostSamurai_APose_Unarm_3_Root_Montage.uasset
bulk-import-or-template-content	??	Content/Assets/Animations/GhostSamurai_Bundle/GhostSamurai/Katana/Common/EquipAndUnarm/GhostSamurai_APose_Unarm_3_Root.uasset
bulk-import-or-template-content	??	Content/Assets/Animations/GhostSamurai_Bundle/GhostSamurai/Katana/Common/EquipAndUnarm/GhostSamurai_APose_Unarm_4_Root_Montage.uasset
bulk-import-or-template-content	??	Content/Assets/Animations/GhostSamurai_Bundle/GhostSamurai/Katana/Common/EquipAndUnarm/GhostSamurai_APose_Unarm_4_Root.uasset
bulk-import-or-template-content	??	Content/Assets/Animations/GhostSamurai_Bundle/GhostSamurai/Katana/Common/EquipAndUnarm/GhostSamurai_APose_Unarm_5_Root_Montage.uasset
bulk-import-or-template-content	??	Content/Assets/Animations/GhostSamurai_Bundle/GhostSamurai/Katana/Common/EquipAndUnarm/GhostSamurai_APose_Unarm_5_Root.uasset
bulk-import-or-template-content	??	Content/Assets/Animations/GhostSamurai_Bundle/GhostSamurai/Katana/Common/EquipAndUnarm/GhostSamurai_Common_POSE_Montage.uasset
bulk-import-or-template-content	??	Content/Assets/Animations/GhostSamurai_Bundle/GhostSamurai/Katana/Common/EquipAndUnarm/GhostSamurai_Common_POSE.uasset
bulk-import-or-template-content	??	Content/Assets/Animations/GhostSamurai_Bundle/GhostSamurai/Katana/Common/EquipAndUnarm/GhostSamurai_CommonCrouch_Equip_Root.uasset
bulk-import-or-template-content	??	Content/Assets/Animations/GhostSamurai_Bundle/GhostSamurai/Katana/Common/EquipAndUnarm/GhostSamurai_CommonCrouch_Unarm_Root.uasset
bulk-import-or-template-content	??	Content/Assets/Animations/GhostSamurai_Bundle/GhostSamurai/Katana/Common/GhostSamurai_Common_Idle_Root_Montage.uasset
bulk-import-or-template-content	??	Content/Assets/Animations/GhostSamurai_Bundle/GhostSamurai/Katana/Common/GhostSamurai_Common_Idle_Root.uasset
bulk-import-or-template-content	??	Content/Assets/Animations/GhostSamurai_Bundle/GhostSamurai/Katana/Common/GhostSamurai_Common_Jump_End_Root.uasset
bulk-import-or-template-content	??	Content/Assets/Animations/GhostSamurai_Bundle/GhostSamurai/Katana/Common/GhostSamurai_Common_Jump_Loop_Root.uasset
bulk-import-or-template-content	??	Content/Assets/Animations/GhostSamurai_Bundle/GhostSamurai/Katana/Common/GhostSamurai_Common_Jump_Start_Root.uasset
bulk-import-or-template-content	??	Content/Assets/Animations/GhostSamurai_Bundle/GhostSamurai/Katana/Common/GhostSamurai_Common_Run_End_Root.uasset
bulk-import-or-template-content	??	Content/Assets/Animations/GhostSamurai_Bundle/GhostSamurai/Katana/Common/GhostSamurai_Common_Run_Loop_Root.uasset
bulk-import-or-template-content	??	Content/Assets/Animations/GhostSamurai_Bundle/GhostSamurai/Katana/Common/GhostSamurai_Common_Run_Sprint_Root.uasset
bulk-import-or-template-content	??	Content/Assets/Animations/GhostSamurai_Bundle/GhostSamurai/Katana/Common/GhostSamurai_Common_Run_Start_Root.uasset
bulk-import-or-template-content	??	Content/Assets/Animations/GhostSamurai_Bundle/GhostSamurai/Katana/Common/GhostSamurai_Common_StrafeRun_B_Root.uasset
bulk-import-or-template-content	??	Content/Assets/Animations/GhostSamurai_Bundle/GhostSamurai/Katana/Common/GhostSamurai_Common_StrafeRun_BL_Root.uasset
bulk-import-or-template-content	??	Content/Assets/Animations/GhostSamurai_Bundle/GhostSamurai/Katana/Common/GhostSamurai_Common_StrafeRun_BR_Root.uasset
bulk-import-or-template-content	??	Content/Assets/Animations/GhostSamurai_Bundle/GhostSamurai/Katana/Common/GhostSamurai_Common_StrafeRun_F_Root.uasset
bulk-import-or-template-content	??	Content/Assets/Animations/GhostSamurai_Bundle/GhostSamurai/Katana/Common/GhostSamurai_Common_StrafeRun_FL_Root.uasset
bulk-import-or-template-content	??	Content/Assets/Animations/GhostSamurai_Bundle/GhostSamurai/Katana/Common/GhostSamurai_Common_StrafeRun_FR_Root.uasset
bulk-import-or-template-content	??	Content/Assets/Animations/GhostSamurai_Bundle/GhostSamurai/Katana/Common/GhostSamurai_Common_StrafeRun_L_Root.uasset
bulk-import-or-template-content	??	Content/Assets/Animations/GhostSamurai_Bundle/GhostSamurai/Katana/Common/GhostSamurai_Common_StrafeRun_R_Root.uasset
bulk-import-or-template-content	??	Content/Assets/Animations/GhostSamurai_Bundle/GhostSamurai/Katana/Common/GhostSamurai_Common_StrafeWalkB_Root.uasset
bulk-import-or-template-content	??	Content/Assets/Animations/GhostSamurai_Bundle/GhostSamurai/Katana/Common/GhostSamurai_Common_StrafeWalkBL_Root.uasset
bulk-import-or-template-content	??	Content/Assets/Animations/GhostSamurai_Bundle/GhostSamurai/Katana/Common/GhostSamurai_Common_StrafeWalkBR_Root.uasset
bulk-import-or-template-content	??	Content/Assets/Animations/GhostSamurai_Bundle/GhostSamurai/Katana/Common/GhostSamurai_Common_StrafeWalkF_Root.uasset
bulk-import-or-template-content	??	Content/Assets/Animations/GhostSamurai_Bundle/GhostSamurai/Katana/Common/GhostSamurai_Common_StrafeWalkFL_Root.uasset
bulk-import-or-template-content	??	Content/Assets/Animations/GhostSamurai_Bundle/GhostSamurai/Katana/Common/GhostSamurai_Common_StrafeWalkFR_Root.uasset
bulk-import-or-template-content	??	Content/Assets/Animations/GhostSamurai_Bundle/GhostSamurai/Katana/Common/GhostSamurai_Common_StrafeWalkL_Root.uasset
bulk-import-or-template-content	??	Content/Assets/Animations/GhostSamurai_Bundle/GhostSamurai/Katana/Common/GhostSamurai_Common_StrafeWalkR_Root.uasset
bulk-import-or-template-content	??	Content/Assets/Animations/GhostSamurai_Bundle/GhostSamurai/Katana/Common/GhostSamurai_Common_Walk_End_Root.uasset
bulk-import-or-template-content	??	Content/Assets/Animations/GhostSamurai_Bundle/GhostSamurai/Katana/Common/GhostSamurai_Common_Walk_Loop_Root.uasset
bulk-import-or-template-content	??	Content/Assets/Animations/GhostSamurai_Bundle/GhostSamurai/Katana/Common/GhostSamurai_Common_Walk_Start_Root.uasset
bulk-import-or-template-content	??	Content/Assets/Animations/GhostSamurai_Bundle/GhostSamurai/Map/Materials/Materials/M_B_Ground.uasset
bulk-import-or-template-content	??	Content/Assets/Animations/GhostSamurai_Bundle/GhostSamurai/Map/Materials/Materials/MI_B_Ground.uasset
bulk-import-or-template-content	??	Content/Assets/Animations/GhostSamurai_Bundle/GhostSamurai/Map/Materials/Texture/T_Ground_BaseColor.uasset
bulk-import-or-template-content	??	Content/Assets/Animations/GhostSamurai_Bundle/GhostSamurai/Map/Materials/Texture/T_Ground_Normal.uasset
bulk-import-or-template-content	??	Content/Assets/Animations/GhostSamurai_Bundle/GhostSamurai/Map/Materials/Texture/T_Ground_ORD.uasset
bulk-import-or-template-content	??	Content/Assets/Animations/GhostSamurai_Bundle/GhostSamurai/Map/Materials/Texture/T_Tiling_Perlin.uasset
bulk-import-or-template-content	??	Content/Assets/Animations/GhostSamurai_Bundle/GhostSamurai/Map/Preview_GhostSamurai_Bow_BuiltData.uasset
bulk-import-or-template-content	??	Content/Assets/Animations/GhostSamurai_Bundle/GhostSamurai/Map/Preview_GhostSamurai_Bow.umap
bulk-import-or-template-content	??	Content/Assets/Animations/GhostSamurai_Bundle/GhostSamurai/Map/Preview_GhostSamurai_katana_BuiltData.uasset
bulk-import-or-template-content	??	Content/Assets/Animations/GhostSamurai_Bundle/GhostSamurai/Map/Preview_GhostSamurai_katana_Skill_BuiltData.uasset
bulk-import-or-template-content	??	Content/Assets/Animations/GhostSamurai_Bundle/GhostSamurai/Map/Preview_GhostSamurai_katana_Skill.umap
bulk-import-or-template-content	??	Content/Assets/Animations/GhostSamurai_Bundle/GhostSamurai/Map/Preview_GhostSamurai_katana.umap
bulk-import-or-template-content	??	Content/Assets/Animations/GhostSamurai_Bundle/GhostSamurai/VFX/BaseEmitter/NE_Base.uasset
bulk-import-or-template-content	??	Content/Assets/Animations/GhostSamurai_Bundle/GhostSamurai/VFX/BaseEmitter/NE_CameraShake.uasset
bulk-import-or-template-content	??	Content/Assets/Animations/GhostSamurai_Bundle/GhostSamurai/VFX/BaseEmitter/NE_Decal.uasset
bulk-import-or-template-content	??	Content/Assets/Animations/GhostSamurai_Bundle/GhostSamurai/VFX/BaseEmitter/NE_Flare.uasset
bulk-import-or-template-content	??	Content/Assets/Animations/GhostSamurai_Bundle/GhostSamurai/VFX/BaseEmitter/NE_Light.uasset
bulk-import-or-template-content	??	Content/Assets/Animations/GhostSamurai_Bundle/GhostSamurai/VFX/BaseEmitter/NE_Mesh.uasset
bulk-import-or-template-content	??	Content/Assets/Animations/GhostSamurai_Bundle/GhostSamurai/VFX/BaseEmitter/NE_Modulate.uasset
bulk-import-or-template-content	??	Content/Assets/Animations/GhostSamurai_Bundle/GhostSamurai/VFX/BaseEmitter/NE_Sparks_Burst.uasset
bulk-import-or-template-content	??	Content/Assets/Animations/GhostSamurai_Bundle/GhostSamurai/VFX/BP/CameraShake/CameraShake_S.uasset
bulk-import-or-template-content	??	Content/Assets/Animations/GhostSamurai_Bundle/GhostSamurai/VFX/BP/CameraShake/CameraShake_XL.uasset
bulk-import-or-template-content	??	Content/Assets/Animations/GhostSamurai_Bundle/GhostSamurai/VFX/BP/CameraShake/CS_DragonFlash_01.uasset
bulk-import-or-template-content	??	Content/Assets/Animations/GhostSamurai_Bundle/GhostSamurai/VFX/BP/CameraShake/CS_DragonFlash_02.uasset
bulk-import-or-template-content	??	Content/Assets/Animations/GhostSamurai_Bundle/GhostSamurai/VFX/BP/CameraShake/CS_DragonFlash_03.uasset
bulk-import-or-template-content	??	Content/Assets/Animations/GhostSamurai_Bundle/GhostSamurai/VFX/BP/CameraShake/CS_DragonFlash_04.uasset
bulk-import-or-template-content	??	Content/Assets/Animations/GhostSamurai_Bundle/GhostSamurai/VFX/BP/CameraShake/CS_DragonFlash_Loop_02.uasset
bulk-import-or-template-content	??	Content/Assets/Animations/GhostSamurai_Bundle/GhostSamurai/VFX/BP/CameraShake/CS_DragonFlash_Loop.uasset
bulk-import-or-template-content	??	Content/Assets/Animations/GhostSamurai_Bundle/GhostSamurai/VFX/BP/CameraShake/CS_FrostBlade_Burst_01.uasset
bulk-import-or-template-content	??	Content/Assets/Animations/GhostSamurai_Bundle/GhostSamurai/VFX/BP/CameraShake/CS_FrostBlade_Loop_01.uasset
bulk-import-or-template-content	??	Content/Assets/Animations/GhostSamurai_Bundle/GhostSamurai/VFX/BP/CameraShake/CS_FrostBlade_Loop_02.uasset
bulk-import-or-template-content	??	Content/Assets/Animations/GhostSamurai_Bundle/GhostSamurai/VFX/Effect/Slash/MI_FX_Decal.uasset
bulk-import-or-template-content	??	Content/Assets/Animations/GhostSamurai_Bundle/GhostSamurai/VFX/Effect/Slash/MI_FX_Slash_001.uasset
bulk-import-or-template-content	??	Content/Assets/Animations/GhostSamurai_Bundle/GhostSamurai/VFX/Effect/Slash/MI_FX_Slash_002.uasset
bulk-import-or-template-content	??	Content/Assets/Animations/GhostSamurai_Bundle/GhostSamurai/VFX/Effect/Slash/MI_FX_Slash_003.uasset
bulk-import-or-template-content	??	Content/Assets/Animations/GhostSamurai_Bundle/GhostSamurai/VFX/Effect/Slash/MI_FX_Slash_004.uasset
bulk-import-or-template-content	??	Content/Assets/Animations/GhostSamurai_Bundle/GhostSamurai/VFX/Effect/Slash/MI_FX_Slash_005.uasset
bulk-import-or-template-content	??	Content/Assets/Animations/GhostSamurai_Bundle/GhostSamurai/VFX/Effect/Slash/MI_FX_Slash_006.uasset
bulk-import-or-template-content	??	Content/Assets/Animations/GhostSamurai_Bundle/GhostSamurai/VFX/Effect/Slash/MI_FX_Slash_007.uasset
bulk-import-or-template-content	??	Content/Assets/Animations/GhostSamurai_Bundle/GhostSamurai/VFX/Effect/Slash/MI_FX_Slash_008.uasset
bulk-import-or-template-content	??	Content/Assets/Animations/GhostSamurai_Bundle/GhostSamurai/VFX/Effect/Slash/MI_FX_Slash_Chromatic_001.uasset
bulk-import-or-template-content	??	Content/Assets/Animations/GhostSamurai_Bundle/GhostSamurai/VFX/Effect/Slash/MI_FX_Slash_Decal_001.uasset
bulk-import-or-template-content	??	Content/Assets/Animations/GhostSamurai_Bundle/GhostSamurai/VFX/Effect/Slash/MI_FX_Slash_Flare_001.uasset
bulk-import-or-template-content	??	Content/Assets/Animations/GhostSamurai_Bundle/GhostSamurai/VFX/Effect/Slash/MI_FX_Slash_Flare_002.uasset
bulk-import-or-template-content	??	Content/Assets/Animations/GhostSamurai_Bundle/GhostSamurai/VFX/Effect/Slash/MI_FX_Slash_Flare_003.uasset
bulk-import-or-template-content	??	Content/Assets/Animations/GhostSamurai_Bundle/GhostSamurai/VFX/Effect/Slash/MI_FX_Slash_Flare_004.uasset
bulk-import-or-template-content	??	Content/Assets/Animations/GhostSamurai_Bundle/GhostSamurai/VFX/Effect/Slash/MI_FX_Slash_LightFlare_001.uasset
bulk-import-or-template-content	??	Content/Assets/Animations/GhostSamurai_Bundle/GhostSamurai/VFX/Effect/Slash/MI_FX_Slash_Ribbon_001.uasset
bulk-import-or-template-content	??	Content/Assets/Animations/GhostSamurai_Bundle/GhostSamurai/VFX/Effect/Slash/MI_FX_Slash_Ribbon_002.uasset
bulk-import-or-template-content	??	Content/Assets/Animations/GhostSamurai_Bundle/GhostSamurai/VFX/Effect/Slash/MI_FX_Slash_Ribbon_003.uasset
bulk-import-or-template-content	??	Content/Assets/Animations/GhostSamurai_Bundle/GhostSamurai/VFX/Effect/Slash/MI_FX_Slash_Ribbon_004.uasset
bulk-import-or-template-content	??	Content/Assets/Animations/GhostSamurai_Bundle/GhostSamurai/VFX/Effect/Slash/MI_FX_Slash_Ribbon_005.uasset
bulk-import-or-template-content	??	Content/Assets/Animations/GhostSamurai_Bundle/GhostSamurai/VFX/Effect/Slash/MI_FX_Slash_Ribbon_006.uasset
bulk-import-or-template-content	??	Content/Assets/Animations/GhostSamurai_Bundle/GhostSamurai/VFX/Effect/Slash/MI_FX_Slash_Shockwave_Air_001.uasset
bulk-import-or-template-content	??	Content/Assets/Animations/GhostSamurai_Bundle/GhostSamurai/VFX/Effect/Slash/MI_FX_Slash_Shockwave_Air_002.uasset
bulk-import-or-template-content	??	Content/Assets/Animations/GhostSamurai_Bundle/GhostSamurai/VFX/Effect/Slash/MI_FX_Slash_Stab_001.uasset
bulk-import-or-template-content	??	Content/Assets/Animations/GhostSamurai_Bundle/GhostSamurai/VFX/Effect/Slash/MI_FX_Slash_Stab_002.uasset
bulk-import-or-template-content	??	Content/Assets/Animations/GhostSamurai_Bundle/GhostSamurai/VFX/Effect/Slash/MI_FX_Slash_TrailMesh_001.uasset
bulk-import-or-template-content	??	Content/Assets/Animations/GhostSamurai_Bundle/GhostSamurai/VFX/Effect/Slash/MI_FX_Slash_TrailMesh_002.uasset
bulk-import-or-template-content	??	Content/Assets/Animations/GhostSamurai_Bundle/GhostSamurai/VFX/Effect/Slash/MI_FX_Slash_TrailMesh_003.uasset
bulk-import-or-template-content	??	Content/Assets/Animations/GhostSamurai_Bundle/GhostSamurai/VFX/Effect/Slash/MI_FX_Slash_TrailMesh_004.uasset
bulk-import-or-template-content	??	Content/Assets/Animations/GhostSamurai_Bundle/GhostSamurai/VFX/Effect/Slash/MI_FX_Slash_TrailMesh_005.uasset
bulk-import-or-template-content	??	Content/Assets/Animations/GhostSamurai_Bundle/GhostSamurai/VFX/Effect/Slash/NS_Slash_Decal_01.uasset
bulk-import-or-template-content	??	Content/Assets/Animations/GhostSamurai_Bundle/GhostSamurai/VFX/Effect/Slash/NS_Slash_Fall.uasset
bulk-import-or-template-content	??	Content/Assets/Animations/GhostSamurai_Bundle/GhostSamurai/VFX/Effect/Slash/NS_Slash_Ground.uasset
bulk-import-or-template-content	??	Content/Assets/Animations/GhostSamurai_Bundle/GhostSamurai/VFX/Effect/Slash/NS_Slash_Hit_L.uasset
bulk-import-or-template-content	??	Content/Assets/Animations/GhostSamurai_Bundle/GhostSamurai/VFX/Effect/Slash/NS_Slash_L.uasset
bulk-import-or-template-content	??	Content/Assets/Animations/GhostSamurai_Bundle/GhostSamurai/VFX/Effect/Slash/NS_Slash_PowerUp_01.uasset
bulk-import-or-template-content	??	Content/Assets/Animations/GhostSamurai_Bundle/GhostSamurai/VFX/Effect/Slash/NS_Slash_PowerUp_Burst_01.uasset
bulk-import-or-template-content	??	Content/Assets/Animations/GhostSamurai_Bundle/GhostSamurai/VFX/Effect/Slash/NS_Slash_S.uasset
bulk-import-or-template-content	??	Content/Assets/Animations/GhostSamurai_Bundle/GhostSamurai/VFX/Effect/Slash/NS_Slash_SP01.uasset
bulk-import-or-template-content	??	Content/Assets/Animations/GhostSamurai_Bundle/GhostSamurai/VFX/Effect/Slash/NS_Slash_Stab_01.uasset
bulk-import-or-template-content	??	Content/Assets/Animations/GhostSamurai_Bundle/GhostSamurai/VFX/Effect/Slash/NS_Slash_Stab_02.uasset
bulk-import-or-template-content	??	Content/Assets/Animations/GhostSamurai_Bundle/GhostSamurai/VFX/Effect/Slash/NS_Slash_Trail_01.uasset
bulk-import-or-template-content	??	Content/Assets/Animations/GhostSamurai_Bundle/GhostSamurai/VFX/Effect/Slash/NS_Slash_Trail_02.uasset
bulk-import-or-template-content	??	Content/Assets/Animations/GhostSamurai_Bundle/GhostSamurai/VFX/Effect/Slash/NS_Slash_Trail_03.uasset
bulk-import-or-template-content	??	Content/Assets/Animations/GhostSamurai_Bundle/GhostSamurai/VFX/Effect/Slash/NS_Slash_Trail_04.uasset
bulk-import-or-template-content	??	Content/Assets/Animations/GhostSamurai_Bundle/GhostSamurai/VFX/Effect/Slash/NS_Slash_Up.uasset
bulk-import-or-template-content	??	Content/Assets/Animations/GhostSamurai_Bundle/GhostSamurai/VFX/Effect/Slash/NS_Slash_XL.uasset
bulk-import-or-template-content	??	Content/Assets/Animations/GhostSamurai_Bundle/GhostSamurai/VFX/Material/M_FX_Common.uasset
bulk-import-or-template-content	??	Content/Assets/Animations/GhostSamurai_Bundle/GhostSamurai/VFX/Material/M_FX_Debris.uasset
bulk-import-or-template-content	??	Content/Assets/Animations/GhostSamurai_Bundle/GhostSamurai/VFX/Material/M_FX_Decal.uasset
bulk-import-or-template-content	??	Content/Assets/Animations/GhostSamurai_Bundle/GhostSamurai/VFX/Material/M_FX_DefaultGlow.uasset
bulk-import-or-template-content	??	Content/Assets/Animations/GhostSamurai_Bundle/GhostSamurai/VFX/Material/M_FX_DefaultSparks.uasset
bulk-import-or-template-content	??	Content/Assets/Animations/GhostSamurai_Bundle/GhostSamurai/VFX/Material/M_FX_Flare_Ref.uasset
bulk-import-or-template-content	??	Content/Assets/Animations/GhostSamurai_Bundle/GhostSamurai/VFX/Material/M_FX_Flare.uasset
bulk-import-or-template-content	??	Content/Assets/Animations/GhostSamurai_Bundle/GhostSamurai/VFX/Material/M_FX_Halo.uasset
bulk-import-or-template-content	??	Content/Assets/Animations/GhostSamurai_Bundle/GhostSamurai/VFX/Material/M_FX_LightFlare.uasset
bulk-import-or-template-content	??	Content/Assets/Animations/GhostSamurai_Bundle/GhostSamurai/VFX/Material/M_FX_MagicCircle.uasset
bulk-import-or-template-content	??	Content/Assets/Animations/GhostSamurai_Bundle/GhostSamurai/VFX/Material/M_FX_Modulate.uasset
bulk-import-or-template-content	??	Content/Assets/Animations/GhostSamurai_Bundle/GhostSamurai/VFX/Material/M_FX_MultipleBlurChromatic.uasset
bulk-import-or-template-content	??	Content/Assets/Animations/GhostSamurai_Bundle/GhostSamurai/VFX/Material/M_FX_RefSprite.uasset
bulk-import-or-template-content	??	Content/Assets/Animations/GhostSamurai_Bundle/GhostSamurai/VFX/Material/M_FX_Ribbon.uasset
bulk-import-or-template-content	??	Content/Assets/Animations/GhostSamurai_Bundle/GhostSamurai/VFX/Material/M_FX_Ring.uasset
bulk-import-or-template-content	??	Content/Assets/Animations/GhostSamurai_Bundle/GhostSamurai/VFX/Material/M_FX_Shockwave_Air.uasset
bulk-import-or-template-content	??	Content/Assets/Animations/GhostSamurai_Bundle/GhostSamurai/VFX/Material/M_FX_Shockwave_Chromatic.uasset
bulk-import-or-template-content	??	Content/Assets/Animations/GhostSamurai_Bundle/GhostSamurai/VFX/Material/M_FX_Shockwave_Pro.uasset
bulk-import-or-template-content	??	Content/Assets/Animations/GhostSamurai_Bundle/GhostSamurai/VFX/Material/M_FX_SimpleParticle_Dof.uasset
bulk-import-or-template-content	??	Content/Assets/Animations/GhostSamurai_Bundle/GhostSamurai/VFX/Material/M_FX_SimpleParticle.uasset
bulk-import-or-template-content	??	Content/Assets/Animations/GhostSamurai_Bundle/GhostSamurai/VFX/Material/M_FX_Smoke.uasset
bulk-import-or-template-content	??	Content/Assets/Animations/GhostSamurai_Bundle/GhostSamurai/VFX/Material/M_SceneColorTrick.uasset
bulk-import-or-template-content	??	Content/Assets/Animations/GhostSamurai_Bundle/GhostSamurai/VFX/MaterialsFunction/MF_ChannelSelect.uasset
bulk-import-or-template-content	??	Content/Assets/Animations/GhostSamurai_Bundle/GhostSamurai/VFX/MaterialsFunction/MF_Dissolve.uasset
bulk-import-or-template-content	??	Content/Assets/Animations/GhostSamurai_Bundle/GhostSamurai/VFX/MaterialsFunction/MF_EdgeFadeBYAngle.uasset
bulk-import-or-template-content	??	Content/Assets/Animations/GhostSamurai_Bundle/GhostSamurai/VFX/MaterialsFunction/MF_EmissiveRamp.uasset
bulk-import-or-template-content	??	Content/Assets/Animations/GhostSamurai_Bundle/GhostSamurai/VFX/MaterialsFunction/MF_PannerUV.uasset
bulk-import-or-template-content	??	Content/Assets/Animations/GhostSamurai_Bundle/GhostSamurai/VFX/MaterialsFunction/MF_ParallaxOcclusionMapping_Rotation.uasset
bulk-import-or-template-content	??	Content/Assets/Animations/GhostSamurai_Bundle/GhostSamurai/VFX/MaterialsFunction/MF_Refine.uasset
bulk-import-or-template-content	??	Content/Assets/Animations/GhostSamurai_Bundle/GhostSamurai/VFX/MaterialsFunction/MF_SceneColorTrick.uasset
bulk-import-or-template-content	??	Content/Assets/Animations/GhostSamurai_Bundle/GhostSamurai/VFX/MaterialsFunction/MF_ShearUV.uasset
bulk-import-or-template-content	??	Content/Assets/Animations/GhostSamurai_Bundle/GhostSamurai/VFX/MaterialsFunction/MF_UVCropping.uasset
bulk-import-or-template-content	??	Content/Assets/Animations/GhostSamurai_Bundle/GhostSamurai/VFX/Mesh/SM_FX_Circle_01.uasset
bulk-import-or-template-content	??	Content/Assets/Animations/GhostSamurai_Bundle/GhostSamurai/VFX/Mesh/SM_FX_Cone_01.uasset
bulk-import-or-template-content	??	Content/Assets/Animations/GhostSamurai_Bundle/GhostSamurai/VFX/Mesh/SM_FX_Cone_02.uasset
bulk-import-or-template-content	??	Content/Assets/Animations/GhostSamurai_Bundle/GhostSamurai/VFX/Mesh/SM_FX_Cone_03.uasset
bulk-import-or-template-content	??	Content/Assets/Animations/GhostSamurai_Bundle/GhostSamurai/VFX/Mesh/SM_FX_Curve.uasset
bulk-import-or-template-content	??	Content/Assets/Animations/GhostSamurai_Bundle/GhostSamurai/VFX/Mesh/SM_FX_Line_01.uasset
bulk-import-or-template-content	??	Content/Assets/Animations/GhostSamurai_Bundle/GhostSamurai/VFX/Mesh/SM_FX_Line_02.uasset
bulk-import-or-template-content	??	Content/Assets/Animations/GhostSamurai_Bundle/GhostSamurai/VFX/Mesh/SM_FX_Line_03.uasset
bulk-import-or-template-content	??	Content/Assets/Animations/GhostSamurai_Bundle/GhostSamurai/VFX/Mesh/SM_FX_ShockWave_007.uasset
bulk-import-or-template-content	??	Content/Assets/Animations/GhostSamurai_Bundle/GhostSamurai/VFX/Mesh/SM_FX_ShockWave_05.uasset
bulk-import-or-template-content	??	Content/Assets/Animations/GhostSamurai_Bundle/GhostSamurai/VFX/Mesh/SM_FX_Slash_01.uasset
bulk-import-or-template-content	??	Content/Assets/Animations/GhostSamurai_Bundle/GhostSamurai/VFX/Mesh/SM_FX_Slash_03.uasset
bulk-import-or-template-content	??	Content/Assets/Animations/GhostSamurai_Bundle/GhostSamurai/VFX/Mesh/SM_FX_Slash_04.uasset
bulk-import-or-template-content	??	Content/Assets/Animations/GhostSamurai_Bundle/GhostSamurai/VFX/Mesh/SM_FX_Slash_05.uasset
bulk-import-or-template-content	??	Content/Assets/Animations/GhostSamurai_Bundle/GhostSamurai/VFX/Mesh/SM_FX_Slash_06.uasset
bulk-import-or-template-content	??	Content/Assets/Animations/GhostSamurai_Bundle/GhostSamurai/VFX/Mesh/SM_FX_Warhead_01.uasset
bulk-import-or-template-content	??	Content/Assets/Animations/GhostSamurai_Bundle/GhostSamurai/VFX/Mesh/SM_FX_Warhead_02.uasset
bulk-import-or-template-content	??	Content/Assets/Animations/GhostSamurai_Bundle/GhostSamurai/VFX/Mesh/SM_FX_Wind_02.uasset
bulk-import-or-template-content	??	Content/Assets/Animations/GhostSamurai_Bundle/GhostSamurai/VFX/Mesh/SM_FX_Wind_03.uasset
bulk-import-or-template-content	??	Content/Assets/Animations/GhostSamurai_Bundle/GhostSamurai/VFX/NiagaraDynamicInput/NDI_CircleSurround.uasset
bulk-import-or-template-content	??	Content/Assets/Animations/GhostSamurai_Bundle/GhostSamurai/VFX/NiagaraDynamicInput/NDI_FloatThreeGroup.uasset
bulk-import-or-template-content	??	Content/Assets/Animations/GhostSamurai_Bundle/GhostSamurai/VFX/NiagaraDynamicInput/NDI_MeshLockAxis.uasset
bulk-import-or-template-content	??	Content/Assets/Animations/GhostSamurai_Bundle/GhostSamurai/VFX/NiagaraDynamicInput/NDI_ScaleSizeByParticleIndex.uasset
bulk-import-or-template-content	??	Content/Assets/Animations/GhostSamurai_Bundle/GhostSamurai/VFX/NiagaraDynamicInput/NDI_ScaleSizeBySpawnGroup.uasset
bulk-import-or-template-content	??	Content/Assets/Animations/GhostSamurai_Bundle/GhostSamurai/VFX/NiagaraModule/NM_CurveMovementByParticleIndex.uasset
bulk-import-or-template-content	??	Content/Assets/Animations/GhostSamurai_Bundle/GhostSamurai/VFX/NiagaraModule/NM_DistributePosAndSizeByAttributeReader.uasset
bulk-import-or-template-content	??	Content/Assets/Animations/GhostSamurai_Bundle/GhostSamurai/VFX/NiagaraModule/NM_SetVectorByDynamicParam.uasset
bulk-import-or-template-content	??	Content/Assets/Animations/GhostSamurai_Bundle/GhostSamurai/VFX/Temp/M_FX_RibbonUV.uasset
bulk-import-or-template-content	??	Content/Assets/Animations/GhostSamurai_Bundle/GhostSamurai/VFX/Texture/Decal/T_FireDecal_Hit_002_M.uasset
bulk-import-or-template-content	??	Content/Assets/Animations/GhostSamurai_Bundle/GhostSamurai/VFX/Texture/Decal/T_FireDecal_Hit_002_N.uasset
bulk-import-or-template-content	??	Content/Assets/Animations/GhostSamurai_Bundle/GhostSamurai/VFX/Texture/Decal/T_LightningDecal_Execute_001_M.uasset
bulk-import-or-template-content	??	Content/Assets/Animations/GhostSamurai_Bundle/GhostSamurai/VFX/Texture/Decal/T_LightningDecal_Execute_001_N.uasset
bulk-import-or-template-content	??	Content/Assets/Animations/GhostSamurai_Bundle/GhostSamurai/VFX/Texture/Energy/T_Plasma_002.uasset
bulk-import-or-template-content	??	Content/Assets/Animations/GhostSamurai_Bundle/GhostSamurai/VFX/Texture/Energy/T_Plasma_004.uasset
bulk-import-or-template-content	??	Content/Assets/Animations/GhostSamurai_Bundle/GhostSamurai/VFX/Texture/Energy/T_ShockWave.uasset
bulk-import-or-template-content	??	Content/Assets/Animations/GhostSamurai_Bundle/GhostSamurai/VFX/Texture/Flare/T_AnamorphicLens.uasset
bulk-import-or-template-content	??	Content/Assets/Animations/GhostSamurai_Bundle/GhostSamurai/VFX/Texture/Flare/T_Flare_001.uasset
bulk-import-or-template-content	??	Content/Assets/Animations/GhostSamurai_Bundle/GhostSamurai/VFX/Texture/Flare/T_Flare_002.uasset
bulk-import-or-template-content	??	Content/Assets/Animations/GhostSamurai_Bundle/GhostSamurai/VFX/Texture/Flare/T_Flare_003.uasset
bulk-import-or-template-content	??	Content/Assets/Animations/GhostSamurai_Bundle/GhostSamurai/VFX/Texture/Flare/T_Flare_004.uasset
bulk-import-or-template-content	??	Content/Assets/Animations/GhostSamurai_Bundle/GhostSamurai/VFX/Texture/Flare/T_FlareMix_001.uasset
bulk-import-or-template-content	??	Content/Assets/Animations/GhostSamurai_Bundle/GhostSamurai/VFX/Texture/Lightning/T_LightningsDebirs_001.uasset
bulk-import-or-template-content	??	Content/Assets/Animations/GhostSamurai_Bundle/GhostSamurai/VFX/Texture/Lightning/T_LightningsImpact_002.uasset
bulk-import-or-template-content	??	Content/Assets/Animations/GhostSamurai_Bundle/GhostSamurai/VFX/Texture/Magic/T_MagicCircle.uasset
bulk-import-or-template-content	??	Content/Assets/Animations/GhostSamurai_Bundle/GhostSamurai/VFX/Texture/Mask/T_BaseMap_White.uasset
bulk-import-or-template-content	??	Content/Assets/Animations/GhostSamurai_Bundle/GhostSamurai/VFX/Texture/Mask/T_Line_001.uasset
bulk-import-or-template-content	??	Content/Assets/Animations/GhostSamurai_Bundle/GhostSamurai/VFX/Texture/Mask/T_Mask_005.uasset
bulk-import-or-template-content	??	Content/Assets/Animations/GhostSamurai_Bundle/GhostSamurai/VFX/Texture/Mask/T_Mask_006.uasset
bulk-import-or-template-content	??	Content/Assets/Animations/GhostSamurai_Bundle/GhostSamurai/VFX/Texture/Mask/T_Mask_007.uasset
bulk-import-or-template-content	??	Content/Assets/Animations/GhostSamurai_Bundle/GhostSamurai/VFX/Texture/Mask/T_Mask_008.uasset
bulk-import-or-template-content	??	Content/Assets/Animations/GhostSamurai_Bundle/GhostSamurai/VFX/Texture/Mask/T_Mask_009.uasset
bulk-import-or-template-content	??	Content/Assets/Animations/GhostSamurai_Bundle/GhostSamurai/VFX/Texture/Mask/T_Masks_001.uasset
bulk-import-or-template-content	??	Content/Assets/Animations/GhostSamurai_Bundle/GhostSamurai/VFX/Texture/Mask/T_Masks_002.uasset
bulk-import-or-template-content	??	Content/Assets/Animations/GhostSamurai_Bundle/GhostSamurai/VFX/Texture/Mask/T_Masks_003.uasset
bulk-import-or-template-content	??	Content/Assets/Animations/GhostSamurai_Bundle/GhostSamurai/VFX/Texture/Mask/T_Masks_004.uasset
bulk-import-or-template-content	??	Content/Assets/Animations/GhostSamurai_Bundle/GhostSamurai/VFX/Texture/Mask/T_Masks_005.uasset
bulk-import-or-template-content	??	Content/Assets/Animations/GhostSamurai_Bundle/GhostSamurai/VFX/Texture/Mask/T_Masks_006.uasset
bulk-import-or-template-content	??	Content/Assets/Animations/GhostSamurai_Bundle/GhostSamurai/VFX/Texture/Mask/T_Masks_007.uasset
bulk-import-or-template-content	??	Content/Assets/Animations/GhostSamurai_Bundle/GhostSamurai/VFX/Texture/Mask/T_ShockWave_Blur.uasset
bulk-import-or-template-content	??	Content/Assets/Animations/GhostSamurai_Bundle/GhostSamurai/VFX/Texture/Mask/T_Slash_001.uasset
bulk-import-or-template-content	??	Content/Assets/Animations/GhostSamurai_Bundle/GhostSamurai/VFX/Texture/Mask/T_Slash_002.uasset
bulk-import-or-template-content	??	Content/Assets/Animations/GhostSamurai_Bundle/GhostSamurai/VFX/Texture/Mask/T_Slash_003.uasset
bulk-import-or-template-content	??	Content/Assets/Animations/GhostSamurai_Bundle/GhostSamurai/VFX/Texture/Mask/T_Slash_004.uasset
bulk-import-or-template-content	??	Content/Assets/Animations/GhostSamurai_Bundle/GhostSamurai/VFX/Texture/Mask/T_Slash_005.uasset
bulk-import-or-template-content	??	Content/Assets/Animations/GhostSamurai_Bundle/GhostSamurai/VFX/Texture/Mask/T_Slash_006.uasset
bulk-import-or-template-content	??	Content/Assets/Animations/GhostSamurai_Bundle/GhostSamurai/VFX/Texture/Mask/T_Stab_001.uasset
bulk-import-or-template-content	??	Content/Assets/Animations/GhostSamurai_Bundle/GhostSamurai/VFX/Texture/Mask/T_Stab_002.uasset
bulk-import-or-template-content	??	Content/Assets/Animations/GhostSamurai_Bundle/GhostSamurai/VFX/Texture/Noise/T_C_Noise_001.uasset
bulk-import-or-template-content	??	Content/Assets/Animations/GhostSamurai_Bundle/GhostSamurai/VFX/Texture/Noise/T_Noise_003.uasset
bulk-import-or-template-content	??	Content/Assets/Animations/GhostSamurai_Bundle/GhostSamurai/VFX/Texture/Noise/T_Noise_006.uasset
bulk-import-or-template-content	??	Content/Assets/Animations/GhostSamurai_Bundle/GhostSamurai/VFX/Texture/Noise/T_Noise_015.uasset
bulk-import-or-template-content	??	Content/Assets/Animations/GhostSamurai_Bundle/GhostSamurai/VFX/Texture/Noise/T_Noise_018.uasset
bulk-import-or-template-content	??	Content/Assets/Animations/GhostSamurai_Bundle/GhostSamurai/VFX/Texture/Noise/T_Noise_019.uasset
bulk-import-or-template-content	??	Content/Assets/Animations/GhostSamurai_Bundle/GhostSamurai/VFX/Texture/Noise/T_Noise_020.uasset
bulk-import-or-template-content	??	Content/Assets/Animations/GhostSamurai_Bundle/GhostSamurai/VFX/Texture/Noise/T_Noise_026.uasset
bulk-import-or-template-content	??	Content/Assets/Animations/GhostSamurai_Bundle/GhostSamurai/VFX/Texture/Noise/T_Noise_042.uasset
bulk-import-or-template-content	??	Content/Assets/Animations/GhostSamurai_Bundle/GhostSamurai/VFX/Texture/Noise/T_Noise_043.uasset
bulk-import-or-template-content	??	Content/Assets/Animations/GhostSamurai_Bundle/GhostSamurai/VFX/Texture/Noise/T_Noise_048.uasset
bulk-import-or-template-content	??	Content/Assets/Animations/GhostSamurai_Bundle/GhostSamurai/VFX/Texture/Noise/T_Noise_060.uasset
bulk-import-or-template-content	??	Content/Assets/Animations/GhostSamurai_Bundle/GhostSamurai/VFX/Texture/Noise/T_Noise_061.uasset
bulk-import-or-template-content	??	Content/Assets/Animations/GhostSamurai_Bundle/GhostSamurai/VFX/Texture/Noise/T_Noise_062.uasset
bulk-import-or-template-content	??	Content/Assets/Animations/GhostSamurai_Bundle/GhostSamurai/VFX/Texture/Noise/T_Noise_066.uasset
bulk-import-or-template-content	??	Content/Assets/Animations/GhostSamurai_Bundle/GhostSamurai/VFX/Texture/Noise/T_Noise_067.uasset
bulk-import-or-template-content	??	Content/Assets/Animations/GhostSamurai_Bundle/GhostSamurai/VFX/Texture/Noise/T_Noise_071.uasset
bulk-import-or-template-content	??	Content/Assets/Animations/GhostSamurai_Bundle/GhostSamurai/VFX/Texture/Noise/T_Noise_074.uasset
bulk-import-or-template-content	??	Content/Assets/Animations/GhostSamurai_Bundle/GhostSamurai/VFX/Texture/Noise/T_Noise_076.uasset
bulk-import-or-template-content	??	Content/Assets/Animations/GhostSamurai_Bundle/GhostSamurai/VFX/Texture/Noise/T_Noise_080.uasset
bulk-import-or-template-content	??	Content/Assets/Animations/GhostSamurai_Bundle/GhostSamurai/VFX/Texture/Noise/T_Noise_082.uasset
bulk-import-or-template-content	??	Content/Assets/Animations/GhostSamurai_Bundle/GhostSamurai/VFX/Texture/Noise/T_Noise_083.uasset
bulk-import-or-template-content	??	Content/Assets/Animations/GhostSamurai_Bundle/GhostSamurai/VFX/Texture/Noise/T_Noise_084.uasset
bulk-import-or-template-content	??	Content/Assets/Animations/GhostSamurai_Bundle/GhostSamurai/VFX/Texture/Noise/T_Noise_085.uasset
bulk-import-or-template-content	??	Content/Assets/Animations/GhostSamurai_Bundle/GhostSamurai/VFX/Texture/Noise/T_Noise_094.uasset
bulk-import-or-template-content	??	Content/Assets/Animations/GhostSamurai_Bundle/GhostSamurai/VFX/Texture/Noise/T_Noise_096.uasset
bulk-import-or-template-content	??	Content/Assets/Animations/GhostSamurai_Bundle/GhostSamurai/VFX/Texture/Noise/T_Noise_101.uasset
bulk-import-or-template-content	??	Content/Assets/Animations/GhostSamurai_Bundle/GhostSamurai/VFX/Texture/Noise/T_Noise_102.uasset
bulk-import-or-template-content	??	Content/Assets/Animations/GhostSamurai_Bundle/GhostSamurai/VFX/Texture/Normal/T_RefNormal_001.uasset
bulk-import-or-template-content	??	Content/Assets/Animations/GhostSamurai_Bundle/GhostSamurai/VFX/Texture/Normal/T_RefNormal_002.uasset
bulk-import-or-template-content	??	Content/Assets/Animations/GhostSamurai_Bundle/GhostSamurai/VFX/Texture/Ribbon/T_Trails_001.uasset
bulk-import-or-template-content	??	Content/Assets/Animations/GhostSamurai_Bundle/GhostSamurai/VFX/Texture/Ribbon/T_Trails_002.uasset
bulk-import-or-template-content	??	Content/Assets/Animations/GhostSamurai_Bundle/GhostSamurai/VFX/Texture/Ribbon/T_Trails_003.uasset
bulk-import-or-template-content	??	Content/Assets/Animations/GhostSamurai_Bundle/GhostSamurai/VFX/Texture/Smoke/T_Smoke_001.uasset
bulk-import-or-template-content	??	Content/Assets/Animations/GhostSamurai_Bundle/GhostSamurai/VFX/Texture/Smoke/T_Smoke_005.uasset
bulk-import-or-template-content	??	Content/Assets/Animations/GhostSamurai_Bundle/GhostSamurai/VFX/Texture/Smoke/T_Smoke_006.uasset
bulk-import-or-template-content	??	Content/Assets/Animations/GhostSamurai_Bundle/GhostSamurai/VFX/Texture/Spark/T_Debris.uasset
bulk-import-or-template-content	??	Content/Assets/Animations/GhostSamurai_Bundle/GhostSamurai/VFX/Texture/Spark/T_Snowflakes.uasset
bulk-import-or-template-content	??	Content/Assets/Animations/GhostSamurai_Bundle/GhostSamurai/VFX/Texture/Spark/T_Sparks.uasset
bulk-import-or-template-content	??	Content/Assets/Animations/GhostSamurai_Bundle/GhostSamurai/VFX/Texture/TEST/UVEditorColorGrid_Color.uasset
bulk-import-or-template-content	??	Content/Assets/Animations/GhostSamurai_Bundle/GhostSamurai/Weapon/Materials/Mat_Weapon_2.uasset
bulk-import-or-template-content	??	Content/Assets/Animations/GhostSamurai_Bundle/GhostSamurai/Weapon/Materials/Mat_Weapon_3.uasset
bulk-import-or-template-content	??	Content/Assets/Animations/GhostSamurai_Bundle/GhostSamurai/Weapon/Materials/Mat_Weapon_4.uasset
bulk-import-or-template-content	??	Content/Assets/Animations/GhostSamurai_Bundle/GhostSamurai/Weapon/Materials/Mat_Weapon_5.uasset
bulk-import-or-template-content	??	Content/Assets/Animations/GhostSamurai_Bundle/GhostSamurai/Weapon/Materials/Mat_Weapon_6.uasset
bulk-import-or-template-content	??	Content/Assets/Animations/GhostSamurai_Bundle/GhostSamurai/Weapon/Materials/Mat_Weapon_7.uasset
bulk-import-or-template-content	??	Content/Assets/Animations/GhostSamurai_Bundle/GhostSamurai/Weapon/Materials/Mat_Weapon.uasset
bulk-import-or-template-content	??	Content/Assets/Animations/GhostSamurai_Bundle/GhostSamurai/Weapon/Mesh/Bow/SK_Arrow_01.uasset
bulk-import-or-template-content	??	Content/Assets/Animations/GhostSamurai_Bundle/GhostSamurai/Weapon/Mesh/Bow/SK_Bow_01.uasset
bulk-import-or-template-content	??	Content/Assets/Animations/GhostSamurai_Bundle/GhostSamurai/Weapon/Mesh/Bow/SK_Bow_02.uasset
bulk-import-or-template-content	??	Content/Assets/Animations/GhostSamurai_Bundle/GhostSamurai/Weapon/Mesh/Bow/SM_Arrow_01.uasset
bulk-import-or-template-content	??	Content/Assets/Animations/GhostSamurai_Bundle/GhostSamurai/Weapon/Mesh/Bow/SM_Bow_01.uasset
bulk-import-or-template-content	??	Content/Assets/Animations/GhostSamurai_Bundle/GhostSamurai/Weapon/Mesh/Bow/SM_Bow_02.uasset
bulk-import-or-template-content	??	Content/Assets/Animations/GhostSamurai_Bundle/GhostSamurai/Weapon/Mesh/Bow/SM_Quiver_01.uasset
bulk-import-or-template-content	??	Content/Assets/Animations/GhostSamurai_Bundle/GhostSamurai/Weapon/Mesh/Katana/SM_Katana01.uasset
bulk-import-or-template-content	??	Content/Assets/Animations/GhostSamurai_Bundle/GhostSamurai/Weapon/Mesh/Katana/SM_Scabbard01.uasset
bulk-import-or-template-content	D	Content/Assets/Characters/CyberpunkRunner/Meshes/SK_Mannequin.uasset
bulk-import-or-template-content	D	Content/Assets/Characters/FuturisticMercenary/Meshes/SK_Mannequin.uasset
bulk-import-or-template-content	??	Content/Assets/SFX/Combat_SFX_Bundle/Cues/Blood/Blood_Dripping_01_Cue.uasset
bulk-import-or-template-content	??	Content/Assets/SFX/Combat_SFX_Bundle/Cues/Blood/Blood_Dripping_02_Cue.uasset
bulk-import-or-template-content	??	Content/Assets/SFX/Combat_SFX_Bundle/Cues/Blood/Blood_Dripping_03_Cue.uasset
bulk-import-or-template-content	??	Content/Assets/SFX/Combat_SFX_Bundle/Cues/Blood/Blood_Dripping_04_Cue.uasset
bulk-import-or-template-content	??	Content/Assets/SFX/Combat_SFX_Bundle/Cues/Blood/Blood_Dripping_Loop_01_Cue.uasset
bulk-import-or-template-content	??	Content/Assets/SFX/Combat_SFX_Bundle/Cues/Blood/Blood_Dripping_Loop_02_Cue.uasset
bulk-import-or-template-content	??	Content/Assets/SFX/Combat_SFX_Bundle/Cues/Blood/Blood_Dripping_Slow_Loop_01_Cue.uasset
bulk-import-or-template-content	??	Content/Assets/SFX/Combat_SFX_Bundle/Cues/Blood/Blood_Dripping_Slow_Loop_02_Cue.uasset
bulk-import-or-template-content	??	Content/Assets/SFX/Combat_SFX_Bundle/Cues/Blood/Blood_Eating_01_Cue.uasset
bulk-import-or-template-content	??	Content/Assets/SFX/Combat_SFX_Bundle/Cues/Blood/Blood_Eating_02_Cue.uasset
bulk-import-or-template-content	??	Content/Assets/SFX/Combat_SFX_Bundle/Cues/Blood/Blood_Eating_03_Cue.uasset
bulk-import-or-template-content	??	Content/Assets/SFX/Combat_SFX_Bundle/Cues/Blood/Blood_Fall_After_Big_Wound_01_Cue.uasset
bulk-import-or-template-content	??	Content/Assets/SFX/Combat_SFX_Bundle/Cues/Blood/Blood_Fall_After_Big_Wound_02_Cue.uasset
bulk-import-or-template-content	??	Content/Assets/SFX/Combat_SFX_Bundle/Cues/Blood/Blood_Fall_After_Big_Wound_03_Cue.uasset
bulk-import-or-template-content	??	Content/Assets/SFX/Combat_SFX_Bundle/Cues/Blood/Blood_Fall_After_Big_Wound_04_Cue.uasset
bulk-import-or-template-content	??	Content/Assets/SFX/Combat_SFX_Bundle/Cues/Blood/Blood_Fall_After_Wound_01_Cue.uasset
bulk-import-or-template-content	??	Content/Assets/SFX/Combat_SFX_Bundle/Cues/Blood/Blood_Fall_After_Wound_02_Cue.uasset
bulk-import-or-template-content	??	Content/Assets/SFX/Combat_SFX_Bundle/Cues/Blood/Blood_Fall_After_Wound_03_Cue.uasset
bulk-import-or-template-content	??	Content/Assets/SFX/Combat_SFX_Bundle/Cues/Blood/Blood_Loop_01_Cue.uasset
bulk-import-or-template-content	??	Content/Assets/SFX/Combat_SFX_Bundle/Cues/Blood/Blood_Loop_02_Cue.uasset
bulk-import-or-template-content	??	Content/Assets/SFX/Combat_SFX_Bundle/Cues/Blood/Blood_Loop_03_Cue.uasset
bulk-import-or-template-content	??	Content/Assets/SFX/Combat_SFX_Bundle/Cues/Blood/Blood_Spill_01_Cue.uasset
bulk-import-or-template-content	??	Content/Assets/SFX/Combat_SFX_Bundle/Cues/Blood/Blood_Spill_02_Cue.uasset
bulk-import-or-template-content	??	Content/Assets/SFX/Combat_SFX_Bundle/Cues/Blood/Blood_Spill_03_Cue.uasset
bulk-import-or-template-content	??	Content/Assets/SFX/Combat_SFX_Bundle/Cues/Blood/Blood_Splash_Quick_01_Cue.uasset
bulk-import-or-template-content	??	Content/Assets/SFX/Combat_SFX_Bundle/Cues/Blood/Blood_Splash_Quick_02_Cue.uasset
bulk-import-or-template-content	??	Content/Assets/SFX/Combat_SFX_Bundle/Cues/Blood/Blood_Splash_Quick_03_Cue.uasset
bulk-import-or-template-content	??	Content/Assets/SFX/Combat_SFX_Bundle/Cues/Blood/Blood_Squeeze_01_Cue.uasset
bulk-import-or-template-content	??	Content/Assets/SFX/Combat_SFX_Bundle/Cues/Blood/Blood_Squeeze_02_Cue.uasset
bulk-import-or-template-content	??	Content/Assets/SFX/Combat_SFX_Bundle/Cues/Blood/Blood_Squeeze_03_Cue.uasset
bulk-import-or-template-content	??	Content/Assets/SFX/Combat_SFX_Bundle/Cues/Blood/Blood_Squelch_01_Cue.uasset
bulk-import-or-template-content	??	Content/Assets/SFX/Combat_SFX_Bundle/Cues/Blood/Blood_Squelch_02_Cue.uasset
bulk-import-or-template-content	??	Content/Assets/SFX/Combat_SFX_Bundle/Cues/Blood/Blood_Squelch_03_Cue.uasset
bulk-import-or-template-content	??	Content/Assets/SFX/Combat_SFX_Bundle/Cues/Blood/Blood_Squirt_01_Cue.uasset
bulk-import-or-template-content	??	Content/Assets/SFX/Combat_SFX_Bundle/Cues/Blood/Blood_Squirt_02_Cue.uasset
bulk-import-or-template-content	??	Content/Assets/SFX/Combat_SFX_Bundle/Cues/Blood/BloodBath_01_Cue.uasset
bulk-import-or-template-content	??	Content/Assets/SFX/Combat_SFX_Bundle/Cues/Blood/BloodBath_02_Cue.uasset
bulk-import-or-template-content	??	Content/Assets/SFX/Combat_SFX_Bundle/Cues/Blood/Dismembering_01_Cue.uasset
bulk-import-or-template-content	??	Content/Assets/SFX/Combat_SFX_Bundle/Cues/Blood/Dismembering_02_Cue.uasset
bulk-import-or-template-content	??	Content/Assets/SFX/Combat_SFX_Bundle/Cues/Blood/Dismembering_03_Cue.uasset
bulk-import-or-template-content	??	Content/Assets/SFX/Combat_SFX_Bundle/Cues/Blood/Explosion_Blood_01_Cue.uasset
bulk-import-or-template-content	??	Content/Assets/SFX/Combat_SFX_Bundle/Cues/Blood/Explosion_Blood_02_Cue.uasset
bulk-import-or-template-content	??	Content/Assets/SFX/Combat_SFX_Bundle/Cues/Blood/Explosion_Blood_03_Cue.uasset
bulk-import-or-template-content	??	Content/Assets/SFX/Combat_SFX_Bundle/Cues/Blood/Explosion_Blood_04_Cue.uasset
bulk-import-or-template-content	??	Content/Assets/SFX/Combat_SFX_Bundle/Cues/Blood/Explosion_Blood_05_Cue.uasset
bulk-import-or-template-content	??	Content/Assets/SFX/Combat_SFX_Bundle/Cues/Blood/Explosion_Blood_06_Cue.uasset
bulk-import-or-template-content	??	Content/Assets/SFX/Combat_SFX_Bundle/Cues/Blood/Flesh_01_Cue.uasset
bulk-import-or-template-content	??	Content/Assets/SFX/Combat_SFX_Bundle/Cues/Blood/Flesh_02_Cue.uasset
bulk-import-or-template-content	??	Content/Assets/SFX/Combat_SFX_Bundle/Cues/Blood/Flesh_03_Cue.uasset
bulk-import-or-template-content	??	Content/Assets/SFX/Combat_SFX_Bundle/Cues/Blood/Footstep_Blood_01_Cue.uasset
bulk-import-or-template-content	??	Content/Assets/SFX/Combat_SFX_Bundle/Cues/Blood/Footstep_Blood_02_Cue.uasset
bulk-import-or-template-content	??	Content/Assets/SFX/Combat_SFX_Bundle/Cues/Blood/Footstep_Blood_03_Cue.uasset
bulk-import-or-template-content	??	Content/Assets/SFX/Combat_SFX_Bundle/Cues/Blood/Footstep_Blood_04_Cue.uasset
bulk-import-or-template-content	??	Content/Assets/SFX/Combat_SFX_Bundle/Cues/Blood/Footstep_Blood_05_Cue.uasset
bulk-import-or-template-content	??	Content/Assets/SFX/Combat_SFX_Bundle/Cues/Blood/Footstep_Blood_06_Cue.uasset
bulk-import-or-template-content	??	Content/Assets/SFX/Combat_SFX_Bundle/Cues/Blood/Footstep_Blood_07_Cue.uasset
bulk-import-or-template-content	??	Content/Assets/SFX/Combat_SFX_Bundle/Cues/Blood/Hit_Then_Blood_01_Cue.uasset
bulk-import-or-template-content	??	Content/Assets/SFX/Combat_SFX_Bundle/Cues/Blood/Hit_Then_Blood_02_Cue.uasset
bulk-import-or-template-content	??	Content/Assets/SFX/Combat_SFX_Bundle/Cues/Blood/Hit_Then_Blood_03_Cue.uasset
bulk-import-or-template-content	??	Content/Assets/SFX/Combat_SFX_Bundle/Cues/Blood/Hit_Then_Blood_04_Cue.uasset
bulk-import-or-template-content	??	Content/Assets/SFX/Combat_SFX_Bundle/Cues/Blood/Hit_Then_Blood_05_Cue.uasset
bulk-import-or-template-content	??	Content/Assets/SFX/Combat_SFX_Bundle/Cues/Blood/Hit_Then_Blood_Critical_Cue.uasset
bulk-import-or-template-content	??	Content/Assets/SFX/Combat_SFX_Bundle/Cues/Blood/Intestines_Falling_01_Cue.uasset
bulk-import-or-template-content	??	Content/Assets/SFX/Combat_SFX_Bundle/Cues/Blood/Intestines_Falling_02_Cue.uasset
bulk-import-or-template-content	??	Content/Assets/SFX/Combat_SFX_Bundle/Cues/Blood/Intestines_Falling_03_Cue.uasset
bulk-import-or-template-content	??	Content/Assets/SFX/Combat_SFX_Bundle/Cues/Blood/Magic_Blood_Spell_01_Cue.uasset
bulk-import-or-template-content	??	Content/Assets/SFX/Combat_SFX_Bundle/Cues/Blood/Magic_Blood_Spell_02_Quick_Cue.uasset
bulk-import-or-template-content	??	Content/Assets/SFX/Combat_SFX_Bundle/Cues/Blood/Magic_Blood_Spell_03_Cue.uasset
bulk-import-or-template-content	??	Content/Assets/SFX/Combat_SFX_Bundle/Cues/Blood/Magic_Blood_Spell_04_Cue.uasset
bulk-import-or-template-content	??	Content/Assets/SFX/Combat_SFX_Bundle/Cues/Blood/Magic_Blood_Spell_05_Cue.uasset
bulk-import-or-template-content	??	Content/Assets/SFX/Combat_SFX_Bundle/Cues/Blood/Magic_Blood_Spell_06_Cue.uasset
bulk-import-or-template-content	??	Content/Assets/SFX/Combat_SFX_Bundle/Cues/Blood/Magic_Blood_Spell_07_quick_Cue.uasset
bulk-import-or-template-content	??	Content/Assets/SFX/Combat_SFX_Bundle/Cues/Blood/Magic_Blood_Spell_08_Cue.uasset
bulk-import-or-template-content	??	Content/Assets/SFX/Combat_SFX_Bundle/Cues/Blood/Magic_Blood_Spell_09_Cue.uasset
bulk-import-or-template-content	??	Content/Assets/SFX/Combat_SFX_Bundle/Cues/Blood/Magic_Blood_Spell_10_Cue.uasset
bulk-import-or-template-content	??	Content/Assets/SFX/Combat_SFX_Bundle/Cues/Blood/Magic_Blood_Spell_11_Cue.uasset
bulk-import-or-template-content	??	Content/Assets/SFX/Combat_SFX_Bundle/Cues/Blood/Organ_Broken_01_Cue.uasset
bulk-import-or-template-content	??	Content/Assets/SFX/Combat_SFX_Bundle/Cues/Blood/Organ_Broken_02_Cue.uasset
bulk-import-or-template-content	??	Content/Assets/SFX/Combat_SFX_Bundle/Cues/Blood/Organ_Broken_03_Cue.uasset
bulk-import-or-template-content	??	Content/Assets/SFX/Combat_SFX_Bundle/Cues/Blood/Punch_With_Blood_01_Cue.uasset
bulk-import-or-template-content	??	Content/Assets/SFX/Combat_SFX_Bundle/Cues/Blood/Punch_With_Blood_02_Cue.uasset
bulk-import-or-template-content	??	Content/Assets/SFX/Combat_SFX_Bundle/Cues/Blood/Punch_With_Blood_03_Cue.uasset
bulk-import-or-template-content	??	Content/Assets/SFX/Combat_SFX_Bundle/Cues/Blood/Punch_With_Blood_04_Cue.uasset
bulk-import-or-template-content	??	Content/Assets/SFX/Combat_SFX_Bundle/Cues/Blood/Slice_Cue.uasset
bulk-import-or-template-content	??	Content/Assets/SFX/Combat_SFX_Bundle/Cues/Blood/Stab_01_Cue.uasset
bulk-import-or-template-content	??	Content/Assets/SFX/Combat_SFX_Bundle/Cues/Blood/Stab_02_Cue.uasset
bulk-import-or-template-content	??	Content/Assets/SFX/Combat_SFX_Bundle/Cues/Blood/Stab_03_Cue.uasset
bulk-import-or-template-content	??	Content/Assets/SFX/Combat_SFX_Bundle/Cues/Blood/Stab_With_Intestines_Falling_01_Cue.uasset
bulk-import-or-template-content	??	Content/Assets/SFX/Combat_SFX_Bundle/Cues/Blood/Stab_With_Intestines_Falling_02_Cue.uasset
bulk-import-or-template-content	??	Content/Assets/SFX/Combat_SFX_Bundle/Cues/Blood/Stab_With_Intestines_Falling_03_Cue.uasset
bulk-import-or-template-content	??	Content/Assets/SFX/Combat_SFX_Bundle/Cues/Blood/Stab_With_Intestines_Falling_04_Cue.uasset
bulk-import-or-template-content	??	Content/Assets/SFX/Combat_SFX_Bundle/Cues/Blood/Stab_With_Lot_Of_Blood_01_Cue.uasset
bulk-import-or-template-content	??	Content/Assets/SFX/Combat_SFX_Bundle/Cues/Blood/Stab_With_Lot_Of_Blood_02_Cue.uasset
bulk-import-or-template-content	??	Content/Assets/SFX/Combat_SFX_Bundle/Cues/Blood/Stab_With_Lot_Of_Blood_03_Cue.uasset
bulk-import-or-template-content	??	Content/Assets/SFX/Combat_SFX_Bundle/Cues/Blood/Sword_Stab_With_Blood_01_Cue.uasset
bulk-import-or-template-content	??	Content/Assets/SFX/Combat_SFX_Bundle/Cues/Blood/Sword_Stab_With_Blood_02_Cue.uasset
bulk-import-or-template-content	??	Content/Assets/SFX/Combat_SFX_Bundle/Cues/Blood/Vampire_Drinking_Blood_01_Cue.uasset
bulk-import-or-template-content	??	Content/Assets/SFX/Combat_SFX_Bundle/Cues/Blood/Vampire_Drinking_Blood_02_Cue.uasset
bulk-import-or-template-content	??	Content/Assets/SFX/Combat_SFX_Bundle/Cues/Blood/Vampire_Drinking_Blood_03_Cue.uasset
bulk-import-or-template-content	??	Content/Assets/SFX/Combat_SFX_Bundle/Cues/Blood/Zombie_Eating_Brain_01_Cue.uasset
bulk-import-or-template-content	??	Content/Assets/SFX/Combat_SFX_Bundle/Cues/Blood/Zombie_Eating_Brain_02_Cue.uasset
bulk-import-or-template-content	??	Content/Assets/SFX/Combat_SFX_Bundle/Cues/Blood/Zombie_Eating_Brain_03_Cue.uasset
bulk-import-or-template-content	??	Content/Assets/SFX/Combat_SFX_Bundle/Cues/Combat_Sounds_Weapons_And_Spells/Arrow_Hit_Wood_01_Cue.uasset
bulk-import-or-template-content	??	Content/Assets/SFX/Combat_SFX_Bundle/Cues/Combat_Sounds_Weapons_And_Spells/Arrow_Hit_Wood_02_Cue.uasset
bulk-import-or-template-content	??	Content/Assets/SFX/Combat_SFX_Bundle/Cues/Combat_Sounds_Weapons_And_Spells/Arrow_Hit_Wood_03_Cue.uasset
bulk-import-or-template-content	??	Content/Assets/SFX/Combat_SFX_Bundle/Cues/Combat_Sounds_Weapons_And_Spells/Arrow_Hit_Wood_04_Cue.uasset
bulk-import-or-template-content	??	Content/Assets/SFX/Combat_SFX_Bundle/Cues/Combat_Sounds_Weapons_And_Spells/Arrow_Hit_Wood_05_Cue.uasset
bulk-import-or-template-content	??	Content/Assets/SFX/Combat_SFX_Bundle/Cues/Combat_Sounds_Weapons_And_Spells/BigHammer_Impact_01_Cue.uasset
bulk-import-or-template-content	??	Content/Assets/SFX/Combat_SFX_Bundle/Cues/Combat_Sounds_Weapons_And_Spells/BigHammer_Impact_02_Cue.uasset
bulk-import-or-template-content	??	Content/Assets/SFX/Combat_SFX_Bundle/Cues/Combat_Sounds_Weapons_And_Spells/BigHammer_Impact_03_Cue.uasset
bulk-import-or-template-content	??	Content/Assets/SFX/Combat_SFX_Bundle/Cues/Combat_Sounds_Weapons_And_Spells/BigSword_Whoosh_01_Cue.uasset
bulk-import-or-template-content	??	Content/Assets/SFX/Combat_SFX_Bundle/Cues/Combat_Sounds_Weapons_And_Spells/BigSword_Whoosh_02_Cue.uasset
bulk-import-or-template-content	??	Content/Assets/SFX/Combat_SFX_Bundle/Cues/Combat_Sounds_Weapons_And_Spells/Bow_Pull_Back_01_Cue.uasset
bulk-import-or-template-content	??	Content/Assets/SFX/Combat_SFX_Bundle/Cues/Combat_Sounds_Weapons_And_Spells/Bow_Pull_Back_02_Cue.uasset
bulk-import-or-template-content	??	Content/Assets/SFX/Combat_SFX_Bundle/Cues/Combat_Sounds_Weapons_And_Spells/Bow_Pull_Back_03_Cue.uasset
bulk-import-or-template-content	??	Content/Assets/SFX/Combat_SFX_Bundle/Cues/Combat_Sounds_Weapons_And_Spells/Bow_Pull_Back_04_Cue.uasset
bulk-import-or-template-content	??	Content/Assets/SFX/Combat_SFX_Bundle/Cues/Combat_Sounds_Weapons_And_Spells/Bow_Pull_Back_05_Cue.uasset
bulk-import-or-template-content	??	Content/Assets/SFX/Combat_SFX_Bundle/Cues/Combat_Sounds_Weapons_And_Spells/Impact_Punch_01_Cue.uasset
bulk-import-or-template-content	??	Content/Assets/SFX/Combat_SFX_Bundle/Cues/Combat_Sounds_Weapons_And_Spells/Impact_Punch_02_Cue.uasset
bulk-import-or-template-content	??	Content/Assets/SFX/Combat_SFX_Bundle/Cues/Combat_Sounds_Weapons_And_Spells/Impact_Punch_03_Cue.uasset
bulk-import-or-template-content	??	Content/Assets/SFX/Combat_SFX_Bundle/Cues/Combat_Sounds_Weapons_And_Spells/Impact_Punch_04_Cue.uasset
bulk-import-or-template-content	??	Content/Assets/SFX/Combat_SFX_Bundle/Cues/Combat_Sounds_Weapons_And_Spells/Impact_Punch_05_Cue.uasset
bulk-import-or-template-content	??	Content/Assets/SFX/Combat_SFX_Bundle/Cues/Combat_Sounds_Weapons_And_Spells/Impact_Punch_Soft_01_Cue.uasset
bulk-import-or-template-content	??	Content/Assets/SFX/Combat_SFX_Bundle/Cues/Combat_Sounds_Weapons_And_Spells/Impact_Punch_Soft_02_Cue.uasset
bulk-import-or-template-content	??	Content/Assets/SFX/Combat_SFX_Bundle/Cues/Combat_Sounds_Weapons_And_Spells/Impact_Punch_Soft_03_Cue.uasset
bulk-import-or-template-content	??	Content/Assets/SFX/Combat_SFX_Bundle/Cues/Combat_Sounds_Weapons_And_Spells/Impact_Punch_Soft_04_Cue.uasset
bulk-import-or-template-content	??	Content/Assets/SFX/Combat_SFX_Bundle/Cues/Combat_Sounds_Weapons_And_Spells/Impact_Punch_With_Blood_01_Cue.uasset
bulk-import-or-template-content	??	Content/Assets/SFX/Combat_SFX_Bundle/Cues/Combat_Sounds_Weapons_And_Spells/Impact_Punch_With_Blood_02_Cue.uasset
bulk-import-or-template-content	??	Content/Assets/SFX/Combat_SFX_Bundle/Cues/Combat_Sounds_Weapons_And_Spells/Impact_Punch_With_Blood_03_Cue.uasset
bulk-import-or-template-content	??	Content/Assets/SFX/Combat_SFX_Bundle/Cues/Combat_Sounds_Weapons_And_Spells/Impact_Punch_With_Blood_04_Cue.uasset
bulk-import-or-template-content	??	Content/Assets/SFX/Combat_SFX_Bundle/Cues/Combat_Sounds_Weapons_And_Spells/Impact_Punch_With_Blood_05_Cue.uasset
bulk-import-or-template-content	??	Content/Assets/SFX/Combat_SFX_Bundle/Cues/Combat_Sounds_Weapons_And_Spells/Impact_Punch_With_Blood_06_Cue.uasset
bulk-import-or-template-content	??	Content/Assets/SFX/Combat_SFX_Bundle/Cues/Combat_Sounds_Weapons_And_Spells/Impact_Punch_With_Blood_07_Cue.uasset
bulk-import-or-template-content	??	Content/Assets/SFX/Combat_SFX_Bundle/Cues/Combat_Sounds_Weapons_And_Spells/Impact_Sword_Crit_01_Cue.uasset
bulk-import-or-template-content	??	Content/Assets/SFX/Combat_SFX_Bundle/Cues/Combat_Sounds_Weapons_And_Spells/Impact_Sword_Crit_02_Cue.uasset
bulk-import-or-template-content	??	Content/Assets/SFX/Combat_SFX_Bundle/Cues/Combat_Sounds_Weapons_And_Spells/Impact_Sword_Parry_01_Cue.uasset
bulk-import-or-template-content	??	Content/Assets/SFX/Combat_SFX_Bundle/Cues/Combat_Sounds_Weapons_And_Spells/Impact_Sword_Parry_02_Cue.uasset
bulk-import-or-template-content	??	Content/Assets/SFX/Combat_SFX_Bundle/Cues/Combat_Sounds_Weapons_And_Spells/Impact_Sword_Parry_03_Cue.uasset
bulk-import-or-template-content	??	Content/Assets/SFX/Combat_SFX_Bundle/Cues/Combat_Sounds_Weapons_And_Spells/Impact_Sword_Parry_04_Cue.uasset
bulk-import-or-template-content	??	Content/Assets/SFX/Combat_SFX_Bundle/Cues/Combat_Sounds_Weapons_And_Spells/Impact_Sword_Parry_05_Cue.uasset
bulk-import-or-template-content	??	Content/Assets/SFX/Combat_SFX_Bundle/Cues/Combat_Sounds_Weapons_And_Spells/Impact_Sword_To_Armour_Chain_01_Cue.uasset
bulk-import-or-template-content	??	Content/Assets/SFX/Combat_SFX_Bundle/Cues/Combat_Sounds_Weapons_And_Spells/Impact_Sword_To_Armour_Chain_02_Cue.uasset
bulk-import-or-template-content	??	Content/Assets/SFX/Combat_SFX_Bundle/Cues/Combat_Sounds_Weapons_And_Spells/Impact_Sword_To_Armour_Chain_03_Cue.uasset
bulk-import-or-template-content	??	Content/Assets/SFX/Combat_SFX_Bundle/Cues/Combat_Sounds_Weapons_And_Spells/Impact_Sword_To_Armour_Chain_04_Cue.uasset
bulk-import-or-template-content	??	Content/Assets/SFX/Combat_SFX_Bundle/Cues/Combat_Sounds_Weapons_And_Spells/Impact_Sword_To_Armour_Chain_05_Cue.uasset
bulk-import-or-template-content	??	Content/Assets/SFX/Combat_SFX_Bundle/Cues/Combat_Sounds_Weapons_And_Spells/Impact_Sword_To_Body_01_Cue.uasset
bulk-import-or-template-content	??	Content/Assets/SFX/Combat_SFX_Bundle/Cues/Combat_Sounds_Weapons_And_Spells/Impact_Sword_To_Body_02_Cue.uasset
bulk-import-or-template-content	??	Content/Assets/SFX/Combat_SFX_Bundle/Cues/Combat_Sounds_Weapons_And_Spells/Impact_Sword_To_Body_03_Cue.uasset
bulk-import-or-template-content	??	Content/Assets/SFX/Combat_SFX_Bundle/Cues/Combat_Sounds_Weapons_And_Spells/Impact_Sword_To_Body_04_Cue.uasset
bulk-import-or-template-content	??	Content/Assets/SFX/Combat_SFX_Bundle/Cues/Combat_Sounds_Weapons_And_Spells/Impact_Sword_To_Body_05_Cue.uasset
bulk-import-or-template-content	??	Content/Assets/SFX/Combat_SFX_Bundle/Cues/Combat_Sounds_Weapons_And_Spells/Impact_Sword_To_PlateArmour_01_Cue.uasset
bulk-import-or-template-content	??	Content/Assets/SFX/Combat_SFX_Bundle/Cues/Combat_Sounds_Weapons_And_Spells/Impact_Sword_To_PlateArmour_02_Cue.uasset
bulk-import-or-template-content	??	Content/Assets/SFX/Combat_SFX_Bundle/Cues/Combat_Sounds_Weapons_And_Spells/Impact_Sword_To_PlateArmour_03_Cue.uasset
bulk-import-or-template-content	??	Content/Assets/SFX/Combat_SFX_Bundle/Cues/Combat_Sounds_Weapons_And_Spells/Impact_Sword_To_PlateArmour_04_Cue.uasset
bulk-import-or-template-content	??	Content/Assets/SFX/Combat_SFX_Bundle/Cues/Combat_Sounds_Weapons_And_Spells/Impact_Sword_To_PlateArmour_05_Cue.uasset
bulk-import-or-template-content	??	Content/Assets/SFX/Combat_SFX_Bundle/Cues/Combat_Sounds_Weapons_And_Spells/Impact_Sword_To_Shield_01_Cue.uasset
bulk-import-or-template-content	??	Content/Assets/SFX/Combat_SFX_Bundle/Cues/Combat_Sounds_Weapons_And_Spells/Impact_Sword_To_Shield_02_Cue.uasset
bulk-import-or-template-content	??	Content/Assets/SFX/Combat_SFX_Bundle/Cues/Combat_Sounds_Weapons_And_Spells/Impact_Sword_To_Shield_03_Cue.uasset
bulk-import-or-template-content	??	Content/Assets/SFX/Combat_SFX_Bundle/Cues/Combat_Sounds_Weapons_And_Spells/Impact_Sword_To_Shield_04_Cue.uasset
bulk-import-or-template-content	??	Content/Assets/SFX/Combat_SFX_Bundle/Cues/Combat_Sounds_Weapons_And_Spells/Impact_Sword_To_Shield_05_Cue.uasset
bulk-import-or-template-content	??	Content/Assets/SFX/Combat_SFX_Bundle/Cues/Combat_Sounds_Weapons_And_Spells/Impact_Sword_To_Stone_01_Cue.uasset
bulk-import-or-template-content	??	Content/Assets/SFX/Combat_SFX_Bundle/Cues/Combat_Sounds_Weapons_And_Spells/Impact_Sword_To_Stone_02_Cue.uasset
bulk-import-or-template-content	??	Content/Assets/SFX/Combat_SFX_Bundle/Cues/Combat_Sounds_Weapons_And_Spells/Impact_Sword_To_Stone_03_Cue.uasset
bulk-import-or-template-content	??	Content/Assets/SFX/Combat_SFX_Bundle/Cues/Combat_Sounds_Weapons_And_Spells/Impact_Sword_To_Stone_04_Cue.uasset
bulk-import-or-template-content	??	Content/Assets/SFX/Combat_SFX_Bundle/Cues/Combat_Sounds_Weapons_And_Spells/Impact_Sword_To_Wood_01_Cue.uasset
bulk-import-or-template-content	??	Content/Assets/SFX/Combat_SFX_Bundle/Cues/Combat_Sounds_Weapons_And_Spells/Impact_Sword_To_Wood_02_Cue.uasset
bulk-import-or-template-content	??	Content/Assets/SFX/Combat_SFX_Bundle/Cues/Combat_Sounds_Weapons_And_Spells/Impact_Sword_To_Wood_03_Cue.uasset
bulk-import-or-template-content	??	Content/Assets/SFX/Combat_SFX_Bundle/Cues/Combat_Sounds_Weapons_And_Spells/Impact_Sword_To_Wood_04_Cue.uasset
bulk-import-or-template-content	??	Content/Assets/SFX/Combat_SFX_Bundle/Cues/Combat_Sounds_Weapons_And_Spells/Impact_WoodenSword_Parry_01_Cue.uasset
bulk-import-or-template-content	??	Content/Assets/SFX/Combat_SFX_Bundle/Cues/Combat_Sounds_Weapons_And_Spells/Impact_WoodenSword_Parry_02_Cue.uasset
bulk-import-or-template-content	??	Content/Assets/SFX/Combat_SFX_Bundle/Cues/Combat_Sounds_Weapons_And_Spells/Impact_WoodenSword_Parry_03_Cue.uasset
bulk-import-or-template-content	??	Content/Assets/SFX/Combat_SFX_Bundle/Cues/Combat_Sounds_Weapons_And_Spells/MagicalBow_Shoot_01_Cue.uasset
bulk-import-or-template-content	??	Content/Assets/SFX/Combat_SFX_Bundle/Cues/Combat_Sounds_Weapons_And_Spells/MagicalBow_Shoot_02_Cue.uasset
bulk-import-or-template-content	??	Content/Assets/SFX/Combat_SFX_Bundle/Cues/Combat_Sounds_Weapons_And_Spells/MagicalBow_Shoot_03_Cue.uasset
bulk-import-or-template-content	??	Content/Assets/SFX/Combat_SFX_Bundle/Cues/Combat_Sounds_Weapons_And_Spells/MagicalBow_Shoot_04_Cue.uasset
bulk-import-or-template-content	??	Content/Assets/SFX/Combat_SFX_Bundle/Cues/Combat_Sounds_Weapons_And_Spells/MagicalBow_Shoot_05_Cue.uasset
bulk-import-or-template-content	??	Content/Assets/SFX/Combat_SFX_Bundle/Cues/Combat_Sounds_Weapons_And_Spells/MagicalBow_ShootMiss_01_Cue.uasset
bulk-import-or-template-content	??	Content/Assets/SFX/Combat_SFX_Bundle/Cues/Combat_Sounds_Weapons_And_Spells/MagicalBow_ShootMiss_02_Cue.uasset
bulk-import-or-template-content	??	Content/Assets/SFX/Combat_SFX_Bundle/Cues/Combat_Sounds_Weapons_And_Spells/MagicalBow_ShootMiss_03_Cue.uasset
bulk-import-or-template-content	??	Content/Assets/SFX/Combat_SFX_Bundle/Cues/Combat_Sounds_Weapons_And_Spells/MagicalBow_ShootMiss_04_Cue.uasset
bulk-import-or-template-content	??	Content/Assets/SFX/Combat_SFX_Bundle/Cues/Combat_Sounds_Weapons_And_Spells/MagicalBow_ShootMiss_05_Cue.uasset
bulk-import-or-template-content	??	Content/Assets/SFX/Combat_SFX_Bundle/Cues/Combat_Sounds_Weapons_And_Spells/Shield_Magic_01_Cue.uasset
bulk-import-or-template-content	??	Content/Assets/SFX/Combat_SFX_Bundle/Cues/Combat_Sounds_Weapons_And_Spells/Shield_Magic_02_Cue.uasset
bulk-import-or-template-content	??	Content/Assets/SFX/Combat_SFX_Bundle/Cues/Combat_Sounds_Weapons_And_Spells/Shield_Magic_03_Cue.uasset
bulk-import-or-template-content	??	Content/Assets/SFX/Combat_SFX_Bundle/Cues/Combat_Sounds_Weapons_And_Spells/Shield_Magic_04_Cue.uasset
bulk-import-or-template-content	??	Content/Assets/SFX/Combat_SFX_Bundle/Cues/Combat_Sounds_Weapons_And_Spells/Shield_Magic_05_Cue.uasset
bulk-import-or-template-content	??	Content/Assets/SFX/Combat_SFX_Bundle/Cues/Combat_Sounds_Weapons_And_Spells/Spell_Earth_01_Cue.uasset
bulk-import-or-template-content	??	Content/Assets/SFX/Combat_SFX_Bundle/Cues/Combat_Sounds_Weapons_And_Spells/Spell_Earth_02_Cue.uasset
bulk-import-or-template-content	??	Content/Assets/SFX/Combat_SFX_Bundle/Cues/Combat_Sounds_Weapons_And_Spells/Spell_Earth_03_Cue.uasset
bulk-import-or-template-content	??	Content/Assets/SFX/Combat_SFX_Bundle/Cues/Combat_Sounds_Weapons_And_Spells/Spell_Earth_04_Cue.uasset
bulk-import-or-template-content	??	Content/Assets/SFX/Combat_SFX_Bundle/Cues/Combat_Sounds_Weapons_And_Spells/Spell_Earth_05_Cue.uasset
bulk-import-or-template-content	??	Content/Assets/SFX/Combat_SFX_Bundle/Cues/Combat_Sounds_Weapons_And_Spells/Spell_Fire_01_Cue.uasset
bulk-import-or-template-content	??	Content/Assets/SFX/Combat_SFX_Bundle/Cues/Combat_Sounds_Weapons_And_Spells/Spell_Fire_02_Cue.uasset
bulk-import-or-template-content	??	Content/Assets/SFX/Combat_SFX_Bundle/Cues/Combat_Sounds_Weapons_And_Spells/Spell_Fire_03_Cue.uasset
bulk-import-or-template-content	??	Content/Assets/SFX/Combat_SFX_Bundle/Cues/Combat_Sounds_Weapons_And_Spells/Spell_Fire_04_Cue.uasset
bulk-import-or-template-content	??	Content/Assets/SFX/Combat_SFX_Bundle/Cues/Combat_Sounds_Weapons_And_Spells/Spell_Fire_05_Cue.uasset
bulk-import-or-template-content	??	Content/Assets/SFX/Combat_SFX_Bundle/Cues/Combat_Sounds_Weapons_And_Spells/Spell_Ice_01_Cue.uasset
bulk-import-or-template-content	??	Content/Assets/SFX/Combat_SFX_Bundle/Cues/Combat_Sounds_Weapons_And_Spells/Spell_Ice_02_Cue.uasset
bulk-import-or-template-content	??	Content/Assets/SFX/Combat_SFX_Bundle/Cues/Combat_Sounds_Weapons_And_Spells/Spell_Ice_03_Cue.uasset
bulk-import-or-template-content	??	Content/Assets/SFX/Combat_SFX_Bundle/Cues/Combat_Sounds_Weapons_And_Spells/Spell_Ice_04_Cue.uasset
bulk-import-or-template-content	??	Content/Assets/SFX/Combat_SFX_Bundle/Cues/Combat_Sounds_Weapons_And_Spells/Spell_Ice_05_Cue.uasset
bulk-import-or-template-content	??	Content/Assets/SFX/Combat_SFX_Bundle/Cues/Combat_Sounds_Weapons_And_Spells/Spell_Magic_01_Cue.uasset
bulk-import-or-template-content	??	Content/Assets/SFX/Combat_SFX_Bundle/Cues/Combat_Sounds_Weapons_And_Spells/Spell_Magic_02_Cue.uasset
bulk-import-or-template-content	??	Content/Assets/SFX/Combat_SFX_Bundle/Cues/Combat_Sounds_Weapons_And_Spells/Spell_Magic_03_Cue.uasset
bulk-import-or-template-content	??	Content/Assets/SFX/Combat_SFX_Bundle/Cues/Combat_Sounds_Weapons_And_Spells/Spell_Magic_04_Cue.uasset
bulk-import-or-template-content	??	Content/Assets/SFX/Combat_SFX_Bundle/Cues/Combat_Sounds_Weapons_And_Spells/Spell_Magic_05_Cue.uasset
bulk-import-or-template-content	??	Content/Assets/SFX/Combat_SFX_Bundle/Cues/Combat_Sounds_Weapons_And_Spells/Spell_Nature_01_Cue.uasset
bulk-import-or-template-content	??	Content/Assets/SFX/Combat_SFX_Bundle/Cues/Combat_Sounds_Weapons_And_Spells/Spell_Nature_02_Cue.uasset
bulk-import-or-template-content	??	Content/Assets/SFX/Combat_SFX_Bundle/Cues/Combat_Sounds_Weapons_And_Spells/Spell_Nature_03_Cue.uasset
bulk-import-or-template-content	??	Content/Assets/SFX/Combat_SFX_Bundle/Cues/Combat_Sounds_Weapons_And_Spells/Spell_Nature_04_Cue.uasset
bulk-import-or-template-content	??	Content/Assets/SFX/Combat_SFX_Bundle/Cues/Combat_Sounds_Weapons_And_Spells/Spell_Sci_Fi_01_Cue.uasset
bulk-import-or-template-content	??	Content/Assets/SFX/Combat_SFX_Bundle/Cues/Combat_Sounds_Weapons_And_Spells/Spell_Sci_Fi_02_Cue.uasset
bulk-import-or-template-content	??	Content/Assets/SFX/Combat_SFX_Bundle/Cues/Combat_Sounds_Weapons_And_Spells/Spell_Sci_Fi_03_Cue.uasset
bulk-import-or-template-content	??	Content/Assets/SFX/Combat_SFX_Bundle/Cues/Combat_Sounds_Weapons_And_Spells/Spell_Thunder_01_Cue.uasset
bulk-import-or-template-content	??	Content/Assets/SFX/Combat_SFX_Bundle/Cues/Combat_Sounds_Weapons_And_Spells/Spell_Thunder_02_Cue.uasset
bulk-import-or-template-content	??	Content/Assets/SFX/Combat_SFX_Bundle/Cues/Combat_Sounds_Weapons_And_Spells/Spell_Thunder_03_Cue.uasset
bulk-import-or-template-content	??	Content/Assets/SFX/Combat_SFX_Bundle/Cues/Combat_Sounds_Weapons_And_Spells/Spell_Thunder_04_Cue.uasset
bulk-import-or-template-content	??	Content/Assets/SFX/Combat_SFX_Bundle/Cues/Combat_Sounds_Weapons_And_Spells/Spell_Thunder_05_Cue.uasset
bulk-import-or-template-content	??	Content/Assets/SFX/Combat_SFX_Bundle/Cues/Combat_Sounds_Weapons_And_Spells/Spell_Water_01_1_Cue.uasset
bulk-import-or-template-content	??	Content/Assets/SFX/Combat_SFX_Bundle/Cues/Combat_Sounds_Weapons_And_Spells/Spell_Water_02_Cue.uasset
bulk-import-or-template-content	??	Content/Assets/SFX/Combat_SFX_Bundle/Cues/Combat_Sounds_Weapons_And_Spells/Spell_Water_03_Cue.uasset
bulk-import-or-template-content	??	Content/Assets/SFX/Combat_SFX_Bundle/Cues/Combat_Sounds_Weapons_And_Spells/Spell_Water_04_Cue.uasset
bulk-import-or-template-content	??	Content/Assets/SFX/Combat_SFX_Bundle/Cues/Combat_Sounds_Weapons_And_Spells/Spell_Water_05_1_Cue.uasset
bulk-import-or-template-content	??	Content/Assets/SFX/Combat_SFX_Bundle/Cues/Combat_Sounds_Weapons_And_Spells/Spell_Wind_01_Cue.uasset
bulk-import-or-template-content	??	Content/Assets/SFX/Combat_SFX_Bundle/Cues/Combat_Sounds_Weapons_And_Spells/Spell_Wind_02_Cue.uasset
bulk-import-or-template-content	??	Content/Assets/SFX/Combat_SFX_Bundle/Cues/Combat_Sounds_Weapons_And_Spells/Spell_Wind_03_Cue.uasset
bulk-import-or-template-content	??	Content/Assets/SFX/Combat_SFX_Bundle/Cues/Combat_Sounds_Weapons_And_Spells/Spell_Wind_04_Cue.uasset
bulk-import-or-template-content	??	Content/Assets/SFX/Combat_SFX_Bundle/Cues/Combat_Sounds_Weapons_And_Spells/Spell_Wind_05_Cue.uasset
bulk-import-or-template-content	??	Content/Assets/SFX/Combat_SFX_Bundle/Cues/Combat_Sounds_Weapons_And_Spells/Weapon_Ethereal_01_Cue.uasset
bulk-import-or-template-content	??	Content/Assets/SFX/Combat_SFX_Bundle/Cues/Combat_Sounds_Weapons_And_Spells/Weapon_Ethereal_02_Cue.uasset
bulk-import-or-template-content	??	Content/Assets/SFX/Combat_SFX_Bundle/Cues/Combat_Sounds_Weapons_And_Spells/Weapon_Ethereal_03_Cue.uasset
bulk-import-or-template-content	??	Content/Assets/SFX/Combat_SFX_Bundle/Cues/Combat_Sounds_Weapons_And_Spells/Weapon_Ethereal_04_Cue.uasset
bulk-import-or-template-content	??	Content/Assets/SFX/Combat_SFX_Bundle/Cues/Combat_Sounds_Weapons_And_Spells/Whoosh_01_Cue.uasset
bulk-import-or-template-content	??	Content/Assets/SFX/Combat_SFX_Bundle/Cues/Combat_Sounds_Weapons_And_Spells/Whoosh_02_Cue.uasset
bulk-import-or-template-content	??	Content/Assets/SFX/Combat_SFX_Bundle/Cues/Combat_Sounds_Weapons_And_Spells/Whoosh_03_Cue.uasset
bulk-import-or-template-content	??	Content/Assets/SFX/Combat_SFX_Bundle/Cues/Combat_Sounds_Weapons_And_Spells/Whoosh_04_Cue.uasset
bulk-import-or-template-content	??	Content/Assets/SFX/Combat_SFX_Bundle/Cues/Combat_Sounds_Weapons_And_Spells/Whoosh_05_Cue.uasset
bulk-import-or-template-content	??	Content/Assets/SFX/Combat_SFX_Bundle/Cues/Combat_Sounds_Weapons_And_Spells/Whoosh_06_Cue.uasset
bulk-import-or-template-content	??	Content/Assets/SFX/Combat_SFX_Bundle/Cues/Combat_Sounds_Weapons_And_Spells/Whoosh_07_Cue.uasset
bulk-import-or-template-content	??	Content/Assets/SFX/Combat_SFX_Bundle/Cues/Combat_Sounds_Weapons_And_Spells/Whoosh_Critical_01_1_Cue.uasset
bulk-import-or-template-content	??	Content/Assets/SFX/Combat_SFX_Bundle/Cues/Combat_Sounds_Weapons_And_Spells/Whoosh_Critical_02_1_Cue.uasset
bulk-import-or-template-content	??	Content/Assets/SFX/Combat_SFX_Bundle/Cues/Combat_Sounds_Weapons_And_Spells/Whoosh_Sci_Fi_Weapon_Cue.uasset
bulk-import-or-template-content	??	Content/Assets/SFX/Combat_SFX_Bundle/Cues/Combat_Sounds_Weapons_And_Spells/Whoosh_Sword_01_Cue.uasset
bulk-import-or-template-content	??	Content/Assets/SFX/Combat_SFX_Bundle/Cues/Combat_Sounds_Weapons_And_Spells/Whoosh_Sword_02_Cue.uasset
bulk-import-or-template-content	??	Content/Assets/SFX/Combat_SFX_Bundle/Cues/Magic_Sci_Fi_Sword_Sounds/Attack_Unreal_01_Cue.uasset
bulk-import-or-template-content	??	Content/Assets/SFX/Combat_SFX_Bundle/Cues/Magic_Sci_Fi_Sword_Sounds/Attack_Unreal_02_Cue.uasset
bulk-import-or-template-content	??	Content/Assets/SFX/Combat_SFX_Bundle/Cues/Magic_Sci_Fi_Sword_Sounds/Attack_Unreal_03_Cue.uasset
bulk-import-or-template-content	??	Content/Assets/SFX/Combat_SFX_Bundle/Cues/Magic_Sci_Fi_Sword_Sounds/Attack_Unreal_04_Cue.uasset
bulk-import-or-template-content	??	Content/Assets/SFX/Combat_SFX_Bundle/Cues/Magic_Sci_Fi_Sword_Sounds/Attack_Unreal_05_Cue.uasset
bulk-import-or-template-content	??	Content/Assets/SFX/Combat_SFX_Bundle/Cues/Magic_Sci_Fi_Sword_Sounds/Attack_Unreal_06_Cue.uasset
bulk-import-or-template-content	??	Content/Assets/SFX/Combat_SFX_Bundle/Cues/Magic_Sci_Fi_Sword_Sounds/Attack_Unreal_07_Cue.uasset
bulk-import-or-template-content	??	Content/Assets/SFX/Combat_SFX_Bundle/Cues/Magic_Sci_Fi_Sword_Sounds/Attack_Unreal_08_Cue.uasset
bulk-import-or-template-content	??	Content/Assets/SFX/Combat_SFX_Bundle/Cues/Magic_Sci_Fi_Sword_Sounds/Attack_Unreal_09_Cue.uasset
bulk-import-or-template-content	??	Content/Assets/SFX/Combat_SFX_Bundle/Cues/Magic_Sci_Fi_Sword_Sounds/Attack_Unreal_10_Cue.uasset
bulk-import-or-template-content	??	Content/Assets/SFX/Combat_SFX_Bundle/Cues/Magic_Sci_Fi_Sword_Sounds/Attack_Unreal_11_Combo_Two_Attacks_Cue.uasset
bulk-import-or-template-content	??	Content/Assets/SFX/Combat_SFX_Bundle/Cues/Magic_Sci_Fi_Sword_Sounds/Change_Weapon_01_Cue.uasset
bulk-import-or-template-content	??	Content/Assets/SFX/Combat_SFX_Bundle/Cues/Magic_Sci_Fi_Sword_Sounds/Change_Weapon_02_Cue.uasset
bulk-import-or-template-content	??	Content/Assets/SFX/Combat_SFX_Bundle/Cues/Magic_Sci_Fi_Sword_Sounds/Change_Weapon_03_Cue.uasset
bulk-import-or-template-content	??	Content/Assets/SFX/Combat_SFX_Bundle/Cues/Magic_Sci_Fi_Sword_Sounds/Change_Weapon_04_Cue.uasset
bulk-import-or-template-content	??	Content/Assets/SFX/Combat_SFX_Bundle/Cues/Magic_Sci_Fi_Sword_Sounds/Change_Weapon_05_Cue.uasset
bulk-import-or-template-content	??	Content/Assets/SFX/Combat_SFX_Bundle/Cues/Magic_Sci_Fi_Sword_Sounds/Dark_Sword_Attack_High_Intensity_01_Cue.uasset
bulk-import-or-template-content	??	Content/Assets/SFX/Combat_SFX_Bundle/Cues/Magic_Sci_Fi_Sword_Sounds/Dark_Sword_Attack_High_Intensity_02_Cue.uasset
bulk-import-or-template-content	??	Content/Assets/SFX/Combat_SFX_Bundle/Cues/Magic_Sci_Fi_Sword_Sounds/Dark_Sword_Attack_High_Intensity_03_Combo_Two_Hits_Cue.uasset
bulk-import-or-template-content	??	Content/Assets/SFX/Combat_SFX_Bundle/Cues/Magic_Sci_Fi_Sword_Sounds/Dark_Sword_Attack_Medium_Intensity_01_Cue.uasset
bulk-import-or-template-content	??	Content/Assets/SFX/Combat_SFX_Bundle/Cues/Magic_Sci_Fi_Sword_Sounds/Dark_Sword_Attack_Medium_Intensity_02_Cue.uasset
bulk-import-or-template-content	??	Content/Assets/SFX/Combat_SFX_Bundle/Cues/Magic_Sci_Fi_Sword_Sounds/Dark_Sword_Attack_Medium_Intensity_03_Combo_Three_Hits_Cue.uasset
bulk-import-or-template-content	??	Content/Assets/SFX/Combat_SFX_Bundle/Cues/Magic_Sci_Fi_Sword_Sounds/Dark_Sword_Attack_Medium_Intensity_04_Combo_Three_Hits_Cue.uasset
bulk-import-or-template-content	??	Content/Assets/SFX/Combat_SFX_Bundle/Cues/Magic_Sci_Fi_Sword_Sounds/Dark_Sword_Attack_Soft_Intensity_01_Cue.uasset
bulk-import-or-template-content	??	Content/Assets/SFX/Combat_SFX_Bundle/Cues/Magic_Sci_Fi_Sword_Sounds/Dark_Sword_Attack_Soft_Intensity_02_Cue.uasset
bulk-import-or-template-content	??	Content/Assets/SFX/Combat_SFX_Bundle/Cues/Magic_Sci_Fi_Sword_Sounds/Dark_Sword_Attack_Soft_Intensity_03_Cue.uasset
bulk-import-or-template-content	??	Content/Assets/SFX/Combat_SFX_Bundle/Cues/Magic_Sci_Fi_Sword_Sounds/Dark_Sword_Attack_Soft_Intensity_04_Cue.uasset
bulk-import-or-template-content	??	Content/Assets/SFX/Combat_SFX_Bundle/Cues/Magic_Sci_Fi_Sword_Sounds/Dark_Sword_Block_01_Cue.uasset
bulk-import-or-template-content	??	Content/Assets/SFX/Combat_SFX_Bundle/Cues/Magic_Sci_Fi_Sword_Sounds/Dark_Sword_Block_02_Cue.uasset
bulk-import-or-template-content	??	Content/Assets/SFX/Combat_SFX_Bundle/Cues/Magic_Sci_Fi_Sword_Sounds/Dark_Sword_Clash_01_Cue.uasset
bulk-import-or-template-content	??	Content/Assets/SFX/Combat_SFX_Bundle/Cues/Magic_Sci_Fi_Sword_Sounds/Dark_Sword_Clash_02_Cue.uasset
bulk-import-or-template-content	??	Content/Assets/SFX/Combat_SFX_Bundle/Cues/Magic_Sci_Fi_Sword_Sounds/Dark_Sword_Clash_03_Cue.uasset
bulk-import-or-template-content	??	Content/Assets/SFX/Combat_SFX_Bundle/Cues/Magic_Sci_Fi_Sword_Sounds/Dark_Sword_Hit_01_Cue.uasset
bulk-import-or-template-content	??	Content/Assets/SFX/Combat_SFX_Bundle/Cues/Magic_Sci_Fi_Sword_Sounds/Dark_Sword_Hit_02_Cue.uasset
bulk-import-or-template-content	??	Content/Assets/SFX/Combat_SFX_Bundle/Cues/Magic_Sci_Fi_Sword_Sounds/Dark_Sword_Hit_03_Critical_Cue.uasset
bulk-import-or-template-content	??	Content/Assets/SFX/Combat_SFX_Bundle/Cues/Magic_Sci_Fi_Sword_Sounds/Dark_Sword_Miss_01_Cue.uasset
bulk-import-or-template-content	??	Content/Assets/SFX/Combat_SFX_Bundle/Cues/Magic_Sci_Fi_Sword_Sounds/Dark_Sword_Miss_02_Cue.uasset
bulk-import-or-template-content	??	Content/Assets/SFX/Combat_SFX_Bundle/Cues/Magic_Sci_Fi_Sword_Sounds/Dark_Sword_Stab_Cue.uasset
bulk-import-or-template-content	??	Content/Assets/SFX/Combat_SFX_Bundle/Cues/Magic_Sci_Fi_Sword_Sounds/Dark_Sword_Stab_With_Electric_Spark_Cue.uasset
bulk-import-or-template-content	??	Content/Assets/SFX/Combat_SFX_Bundle/Cues/Magic_Sci_Fi_Sword_Sounds/Dark_Sword_Unfold_Weapon_Cue.uasset
bulk-import-or-template-content	??	Content/Assets/SFX/Combat_SFX_Bundle/Cues/Magic_Sci_Fi_Sword_Sounds/Dark_Sword_Various_Whooshes_01_Cue.uasset
bulk-import-or-template-content	??	Content/Assets/SFX/Combat_SFX_Bundle/Cues/Magic_Sci_Fi_Sword_Sounds/Dark_Sword_Various_Whooshes_02_Cue.uasset
bulk-import-or-template-content	??	Content/Assets/SFX/Combat_SFX_Bundle/Cues/Magic_Sci_Fi_Sword_Sounds/Dark_Sword_Whoosh_01_Cue.uasset
bulk-import-or-template-content	??	Content/Assets/SFX/Combat_SFX_Bundle/Cues/Magic_Sci_Fi_Sword_Sounds/Dark_Sword_Whoosh_02_Cue.uasset
bulk-import-or-template-content	??	Content/Assets/SFX/Combat_SFX_Bundle/Cues/Magic_Sci_Fi_Sword_Sounds/Dark_Sword_Whoosh_03_Cue.uasset
bulk-import-or-template-content	??	Content/Assets/SFX/Combat_SFX_Bundle/Cues/Magic_Sci_Fi_Sword_Sounds/Dark_Sword_Whoosh_04_Cue.uasset
bulk-import-or-template-content	??	Content/Assets/SFX/Combat_SFX_Bundle/Cues/Magic_Sci_Fi_Sword_Sounds/Dark_Sword_Whoosh_Fast_01_Cue.uasset
bulk-import-or-template-content	??	Content/Assets/SFX/Combat_SFX_Bundle/Cues/Magic_Sci_Fi_Sword_Sounds/Dark_Sword_Whoosh_Fast_02_Cue.uasset
bulk-import-or-template-content	??	Content/Assets/SFX/Combat_SFX_Bundle/Cues/Magic_Sci_Fi_Sword_Sounds/Electric_Sparks_01_Cue.uasset
bulk-import-or-template-content	??	Content/Assets/SFX/Combat_SFX_Bundle/Cues/Magic_Sci_Fi_Sword_Sounds/Electric_Sparks_02_Cue.uasset
bulk-import-or-template-content	??	Content/Assets/SFX/Combat_SFX_Bundle/Cues/Magic_Sci_Fi_Sword_Sounds/Electric_Sparks_03_Cue.uasset
bulk-import-or-template-content	??	Content/Assets/SFX/Combat_SFX_Bundle/Cues/Magic_Sci_Fi_Sword_Sounds/Electric_Sword_Attack_High_Intensity_01_Cue.uasset
bulk-import-or-template-content	??	Content/Assets/SFX/Combat_SFX_Bundle/Cues/Magic_Sci_Fi_Sword_Sounds/Electric_Sword_Attack_High_Intensity_02_Cue.uasset
bulk-import-or-template-content	??	Content/Assets/SFX/Combat_SFX_Bundle/Cues/Magic_Sci_Fi_Sword_Sounds/Electric_Sword_Attack_Medium_Intensity_01_Cue.uasset
bulk-import-or-template-content	??	Content/Assets/SFX/Combat_SFX_Bundle/Cues/Magic_Sci_Fi_Sword_Sounds/Electric_Sword_Attack_Medium_Intensity_02_Cue.uasset
bulk-import-or-template-content	??	Content/Assets/SFX/Combat_SFX_Bundle/Cues/Magic_Sci_Fi_Sword_Sounds/Electric_Sword_Attack_Medium_Intensity_03_Cue.uasset
bulk-import-or-template-content	??	Content/Assets/SFX/Combat_SFX_Bundle/Cues/Magic_Sci_Fi_Sword_Sounds/Electric_Sword_Attack_Soft_Intensity_01_Cue.uasset
bulk-import-or-template-content	??	Content/Assets/SFX/Combat_SFX_Bundle/Cues/Magic_Sci_Fi_Sword_Sounds/Electric_Sword_Attack_Soft_Intensity_02_Cue.uasset
bulk-import-or-template-content	??	Content/Assets/SFX/Combat_SFX_Bundle/Cues/Magic_Sci_Fi_Sword_Sounds/Electric_Sword_Attacks_Loop_Cue.uasset
bulk-import-or-template-content	??	Content/Assets/SFX/Combat_SFX_Bundle/Cues/Magic_Sci_Fi_Sword_Sounds/Electric_Sword_Block_01_Cue.uasset
bulk-import-or-template-content	??	Content/Assets/SFX/Combat_SFX_Bundle/Cues/Magic_Sci_Fi_Sword_Sounds/Electric_Sword_Block_02_Cue.uasset
bulk-import-or-template-content	??	Content/Assets/SFX/Combat_SFX_Bundle/Cues/Magic_Sci_Fi_Sword_Sounds/Electric_Sword_Block_03_Cue.uasset
bulk-import-or-template-content	??	Content/Assets/SFX/Combat_SFX_Bundle/Cues/Magic_Sci_Fi_Sword_Sounds/Electric_Sword_Block_04_Cue.uasset
bulk-import-or-template-content	??	Content/Assets/SFX/Combat_SFX_Bundle/Cues/Magic_Sci_Fi_Sword_Sounds/Electric_Sword_Combo_Four_Hits_Cue.uasset
bulk-import-or-template-content	??	Content/Assets/SFX/Combat_SFX_Bundle/Cues/Magic_Sci_Fi_Sword_Sounds/Electric_Sword_Combo_Seven_Hits_Cue.uasset
bulk-import-or-template-content	??	Content/Assets/SFX/Combat_SFX_Bundle/Cues/Magic_Sci_Fi_Sword_Sounds/Electric_Sword_Combo_Three_Hits_Cue.uasset
bulk-import-or-template-content	??	Content/Assets/SFX/Combat_SFX_Bundle/Cues/Magic_Sci_Fi_Sword_Sounds/Electric_Sword_Cuts_Various_01_Cue.uasset
bulk-import-or-template-content	??	Content/Assets/SFX/Combat_SFX_Bundle/Cues/Magic_Sci_Fi_Sword_Sounds/Electric_Sword_Cuts_Various_02_Cue.uasset
bulk-import-or-template-content	??	Content/Assets/SFX/Combat_SFX_Bundle/Cues/Magic_Sci_Fi_Sword_Sounds/Electric_Sword_Cuts_Various_03_Cue.uasset
bulk-import-or-template-content	??	Content/Assets/SFX/Combat_SFX_Bundle/Cues/Magic_Sci_Fi_Sword_Sounds/Electric_Sword_Cuts_Various_04_Cue.uasset
bulk-import-or-template-content	??	Content/Assets/SFX/Combat_SFX_Bundle/Cues/Magic_Sci_Fi_Sword_Sounds/Electric_Sword_Cuts_Various_05_Cue.uasset
bulk-import-or-template-content	??	Content/Assets/SFX/Combat_SFX_Bundle/Cues/Magic_Sci_Fi_Sword_Sounds/Electric_Sword_Cuts_Various_06_Cue.uasset
bulk-import-or-template-content	??	Content/Assets/SFX/Combat_SFX_Bundle/Cues/Magic_Sci_Fi_Sword_Sounds/Electric_Sword_Electricity_01_Cue.uasset
bulk-import-or-template-content	??	Content/Assets/SFX/Combat_SFX_Bundle/Cues/Magic_Sci_Fi_Sword_Sounds/Electric_Sword_Electricity_02_Cue.uasset
bulk-import-or-template-content	??	Content/Assets/SFX/Combat_SFX_Bundle/Cues/Magic_Sci_Fi_Sword_Sounds/Electric_Sword_Hit_01_Cue.uasset
bulk-import-or-template-content	??	Content/Assets/SFX/Combat_SFX_Bundle/Cues/Magic_Sci_Fi_Sword_Sounds/Electric_Sword_Hit_02_Cue.uasset
bulk-import-or-template-content	??	Content/Assets/SFX/Combat_SFX_Bundle/Cues/Magic_Sci_Fi_Sword_Sounds/Electric_Sword_Hit_Electric_Cue.uasset
bulk-import-or-template-content	??	Content/Assets/SFX/Combat_SFX_Bundle/Cues/Magic_Sci_Fi_Sword_Sounds/Electric_Sword_Hit_Fast_Cue.uasset
bulk-import-or-template-content	??	Content/Assets/SFX/Combat_SFX_Bundle/Cues/Magic_Sci_Fi_Sword_Sounds/Electric_Sword_Hits_Various_Cue.uasset
bulk-import-or-template-content	??	Content/Assets/SFX/Combat_SFX_Bundle/Cues/Magic_Sci_Fi_Sword_Sounds/Electric_Sword_Stab_01_Cue.uasset
bulk-import-or-template-content	??	Content/Assets/SFX/Combat_SFX_Bundle/Cues/Magic_Sci_Fi_Sword_Sounds/Electric_Sword_Stab_02_Cue.uasset
bulk-import-or-template-content	??	Content/Assets/SFX/Combat_SFX_Bundle/Cues/Magic_Sci_Fi_Sword_Sounds/Electric_Sword_Stab_03_Cue.uasset
bulk-import-or-template-content	??	Content/Assets/SFX/Combat_SFX_Bundle/Cues/Magic_Sci_Fi_Sword_Sounds/Electric_Sword_Whoosh_Fast_01_Cue.uasset
bulk-import-or-template-content	??	Content/Assets/SFX/Combat_SFX_Bundle/Cues/Magic_Sci_Fi_Sword_Sounds/Electric_Sword_Whoosh_Fast_02_Cue.uasset
bulk-import-or-template-content	??	Content/Assets/SFX/Combat_SFX_Bundle/Cues/Magic_Sci_Fi_Sword_Sounds/Electric_Sword_Whoosh_Low_Cue.uasset
bulk-import-or-template-content	??	Content/Assets/SFX/Combat_SFX_Bundle/Cues/Magic_Sci_Fi_Sword_Sounds/Electric_Sword_Whoosh_Medium_Intensity_Cue.uasset
bulk-import-or-template-content	??	Content/Assets/SFX/Combat_SFX_Bundle/Cues/Magic_Sci_Fi_Sword_Sounds/Electric_Sword_Whoosh_Soft_Intensity_01_Cue.uasset
bulk-import-or-template-content	??	Content/Assets/SFX/Combat_SFX_Bundle/Cues/Magic_Sci_Fi_Sword_Sounds/Electric_Sword_Whoosh_Soft_Intensity_02_Cue.uasset
bulk-import-or-template-content	??	Content/Assets/SFX/Combat_SFX_Bundle/Cues/Magic_Sci_Fi_Sword_Sounds/Fantasy_Dagger_Attack_High_Intensity_01_Cue.uasset
bulk-import-or-template-content	??	Content/Assets/SFX/Combat_SFX_Bundle/Cues/Magic_Sci_Fi_Sword_Sounds/Fantasy_Dagger_Attack_High_Intensity_02_Cue.uasset
bulk-import-or-template-content	??	Content/Assets/SFX/Combat_SFX_Bundle/Cues/Magic_Sci_Fi_Sword_Sounds/Fantasy_Dagger_Attack_High_Intensity_03_Combo_2_Hits_Cue.uasset
bulk-import-or-template-content	??	Content/Assets/SFX/Combat_SFX_Bundle/Cues/Magic_Sci_Fi_Sword_Sounds/Fantasy_Dagger_Attack_Medium_Intensity_Cue.uasset
bulk-import-or-template-content	??	Content/Assets/SFX/Combat_SFX_Bundle/Cues/Magic_Sci_Fi_Sword_Sounds/Fantasy_Dagger_Attack_Soft_Intensity_Cue.uasset
bulk-import-or-template-content	??	Content/Assets/SFX/Combat_SFX_Bundle/Cues/Magic_Sci_Fi_Sword_Sounds/Fantasy_Dagger_Block_01_Cue.uasset
bulk-import-or-template-content	??	Content/Assets/SFX/Combat_SFX_Bundle/Cues/Magic_Sci_Fi_Sword_Sounds/Fantasy_Dagger_Block_02_Cue.uasset
bulk-import-or-template-content	??	Content/Assets/SFX/Combat_SFX_Bundle/Cues/Magic_Sci_Fi_Sword_Sounds/Fantasy_Dagger_Block_03_Cue.uasset
bulk-import-or-template-content	??	Content/Assets/SFX/Combat_SFX_Bundle/Cues/Magic_Sci_Fi_Sword_Sounds/Fantasy_Dagger_Block_04_Cue.uasset
bulk-import-or-template-content	??	Content/Assets/SFX/Combat_SFX_Bundle/Cues/Magic_Sci_Fi_Sword_Sounds/Fantasy_Dagger_Broken_Cue.uasset
bulk-import-or-template-content	??	Content/Assets/SFX/Combat_SFX_Bundle/Cues/Magic_Sci_Fi_Sword_Sounds/Fantasy_Dagger_Clash_01_Cue.uasset
bulk-import-or-template-content	??	Content/Assets/SFX/Combat_SFX_Bundle/Cues/Magic_Sci_Fi_Sword_Sounds/Fantasy_Dagger_Clash_02_Cue.uasset
bulk-import-or-template-content	??	Content/Assets/SFX/Combat_SFX_Bundle/Cues/Magic_Sci_Fi_Sword_Sounds/Fantasy_Dagger_Clash_03_Cue.uasset
bulk-import-or-template-content	??	Content/Assets/SFX/Combat_SFX_Bundle/Cues/Magic_Sci_Fi_Sword_Sounds/Fantasy_Dagger_Cut_01_Cue.uasset
bulk-import-or-template-content	??	Content/Assets/SFX/Combat_SFX_Bundle/Cues/Magic_Sci_Fi_Sword_Sounds/Fantasy_Dagger_Cut_02_Cue.uasset
bulk-import-or-template-content	??	Content/Assets/SFX/Combat_SFX_Bundle/Cues/Magic_Sci_Fi_Sword_Sounds/Fantasy_Dagger_Cut_03_Cue.uasset
bulk-import-or-template-content	??	Content/Assets/SFX/Combat_SFX_Bundle/Cues/Magic_Sci_Fi_Sword_Sounds/Fantasy_Dagger_Hit_Cue.uasset
bulk-import-or-template-content	??	Content/Assets/SFX/Combat_SFX_Bundle/Cues/Magic_Sci_Fi_Sword_Sounds/Fantasy_Dagger_Stab_01_Cue.uasset
bulk-import-or-template-content	??	Content/Assets/SFX/Combat_SFX_Bundle/Cues/Magic_Sci_Fi_Sword_Sounds/Fantasy_Dagger_Stab_02_Cue.uasset
bulk-import-or-template-content	??	Content/Assets/SFX/Combat_SFX_Bundle/Cues/Magic_Sci_Fi_Sword_Sounds/Fantasy_Dagger_Stab_03_Cue.uasset
bulk-import-or-template-content	??	Content/Assets/SFX/Combat_SFX_Bundle/Cues/Magic_Sci_Fi_Sword_Sounds/Fantasy_Dagger_Stab_04_Cue.uasset
bulk-import-or-template-content	??	Content/Assets/SFX/Combat_SFX_Bundle/Cues/Magic_Sci_Fi_Sword_Sounds/Fantasy_Dagger_Unfold_Weapon_Cue.uasset
bulk-import-or-template-content	??	Content/Assets/SFX/Combat_SFX_Bundle/Cues/Magic_Sci_Fi_Sword_Sounds/Fantasy_Dagger_Whoosh_Fast_01_Cue.uasset
bulk-import-or-template-content	??	Content/Assets/SFX/Combat_SFX_Bundle/Cues/Magic_Sci_Fi_Sword_Sounds/Fantasy_Dagger_Whoosh_Fast_02_Cue.uasset
bulk-import-or-template-content	??	Content/Assets/SFX/Combat_SFX_Bundle/Cues/Magic_Sci_Fi_Sword_Sounds/Hit_Mark_01_Cue.uasset
bulk-import-or-template-content	??	Content/Assets/SFX/Combat_SFX_Bundle/Cues/Magic_Sci_Fi_Sword_Sounds/Hit_Mark_02_Cue.uasset
bulk-import-or-template-content	??	Content/Assets/SFX/Combat_SFX_Bundle/Cues/Magic_Sci_Fi_Sword_Sounds/Magic_Sword_Attack_Critical_01_Cue.uasset
bulk-import-or-template-content	??	Content/Assets/SFX/Combat_SFX_Bundle/Cues/Magic_Sci_Fi_Sword_Sounds/Magic_Sword_Attack_Critical_02_Cue.uasset
bulk-import-or-template-content	??	Content/Assets/SFX/Combat_SFX_Bundle/Cues/Magic_Sci_Fi_Sword_Sounds/Magic_Sword_Attack_Critical_03_Cue.uasset
bulk-import-or-template-content	??	Content/Assets/SFX/Combat_SFX_Bundle/Cues/Magic_Sci_Fi_Sword_Sounds/Magic_Sword_Attack_High_Intensity_01_Cue.uasset
bulk-import-or-template-content	??	Content/Assets/SFX/Combat_SFX_Bundle/Cues/Magic_Sci_Fi_Sword_Sounds/Magic_Sword_Attack_High_Intensity_02_Cue.uasset
bulk-import-or-template-content	??	Content/Assets/SFX/Combat_SFX_Bundle/Cues/Magic_Sci_Fi_Sword_Sounds/Magic_Sword_Attack_High_Intensity_03_Cue.uasset
bulk-import-or-template-content	??	Content/Assets/SFX/Combat_SFX_Bundle/Cues/Magic_Sci_Fi_Sword_Sounds/Magic_Sword_Attack_High_Intensity_04_Cue.uasset
bulk-import-or-template-content	??	Content/Assets/SFX/Combat_SFX_Bundle/Cues/Magic_Sci_Fi_Sword_Sounds/Magic_Sword_Attack_High_Intensity_05_Cue.uasset
bulk-import-or-template-content	??	Content/Assets/SFX/Combat_SFX_Bundle/Cues/Magic_Sci_Fi_Sword_Sounds/Magic_Sword_Attack_High_Intensity_06_Combo_Two_hits_Cue.uasset
bulk-import-or-template-content	??	Content/Assets/SFX/Combat_SFX_Bundle/Cues/Magic_Sci_Fi_Sword_Sounds/Magic_Sword_Attack_High_Intensity_07_Combo_Five_Hits_Cue.uasset
bulk-import-or-template-content	??	Content/Assets/SFX/Combat_SFX_Bundle/Cues/Magic_Sci_Fi_Sword_Sounds/Magic_Sword_Attack_Medium_Intensity_01_Cue.uasset
bulk-import-or-template-content	??	Content/Assets/SFX/Combat_SFX_Bundle/Cues/Magic_Sci_Fi_Sword_Sounds/Magic_Sword_Attack_Medium_Intensity_02_Cue.uasset
bulk-import-or-template-content	??	Content/Assets/SFX/Combat_SFX_Bundle/Cues/Magic_Sci_Fi_Sword_Sounds/Magic_Sword_Attack_Medium_Intensity_03_Cue.uasset
bulk-import-or-template-content	??	Content/Assets/SFX/Combat_SFX_Bundle/Cues/Magic_Sci_Fi_Sword_Sounds/Magic_Sword_Attack_Medium_Intensity_04_Cue.uasset
bulk-import-or-template-content	??	Content/Assets/SFX/Combat_SFX_Bundle/Cues/Magic_Sci_Fi_Sword_Sounds/Magic_Sword_Attack_Soft_Intensity_01_Cue.uasset
bulk-import-or-template-content	??	Content/Assets/SFX/Combat_SFX_Bundle/Cues/Magic_Sci_Fi_Sword_Sounds/Magic_Sword_Attack_Soft_Intensity_02_Cue.uasset
bulk-import-or-template-content	??	Content/Assets/SFX/Combat_SFX_Bundle/Cues/Magic_Sci_Fi_Sword_Sounds/Magic_Sword_Attack_Soft_Intensity_03_Cue.uasset
bulk-import-or-template-content	??	Content/Assets/SFX/Combat_SFX_Bundle/Cues/Magic_Sci_Fi_Sword_Sounds/Magic_Sword_Attack_Soft_Intensity_04_Cue.uasset
bulk-import-or-template-content	??	Content/Assets/SFX/Combat_SFX_Bundle/Cues/Magic_Sci_Fi_Sword_Sounds/Magic_Sword_Attack_Soft_Intensity_05_Cue.uasset
bulk-import-or-template-content	??	Content/Assets/SFX/Combat_SFX_Bundle/Cues/Magic_Sci_Fi_Sword_Sounds/Magic_Sword_Attack_Soft_Intensity_06_Combo_Two_Hits_Cue.uasset
bulk-import-or-template-content	??	Content/Assets/SFX/Combat_SFX_Bundle/Cues/Magic_Sci_Fi_Sword_Sounds/Magic_Sword_Attack_Soft_Intensity_07_Combo_Various_Hits_Cue.uasset
bulk-import-or-template-content	??	Content/Assets/SFX/Combat_SFX_Bundle/Cues/Magic_Sci_Fi_Sword_Sounds/Magic_Sword_Attack_Soft_Intensity_08_Combo_Various_Hits_Cue.uasset
bulk-import-or-template-content	??	Content/Assets/SFX/Combat_SFX_Bundle/Cues/Magic_Sci_Fi_Sword_Sounds/Magic_Sword_Attacks_Loop_Cue.uasset
bulk-import-or-template-content	??	Content/Assets/SFX/Combat_SFX_Bundle/Cues/Magic_Sci_Fi_Sword_Sounds/Magic_Sword_Block_01_Cue.uasset
bulk-import-or-template-content	??	Content/Assets/SFX/Combat_SFX_Bundle/Cues/Magic_Sci_Fi_Sword_Sounds/Magic_Sword_Block_02_Cue.uasset
bulk-import-or-template-content	??	Content/Assets/SFX/Combat_SFX_Bundle/Cues/Magic_Sci_Fi_Sword_Sounds/Magic_Sword_Block_03_Cue.uasset
bulk-import-or-template-content	??	Content/Assets/SFX/Combat_SFX_Bundle/Cues/Magic_Sci_Fi_Sword_Sounds/Magic_Sword_Block_04_Cue.uasset
bulk-import-or-template-content	??	Content/Assets/SFX/Combat_SFX_Bundle/Cues/Magic_Sci_Fi_Sword_Sounds/Magic_Sword_Block_05_Combo_Two_Blocks_Cue.uasset
bulk-import-or-template-content	??	Content/Assets/SFX/Combat_SFX_Bundle/Cues/Magic_Sci_Fi_Sword_Sounds/Magic_Sword_Broken_01_Cue.uasset
bulk-import-or-template-content	??	Content/Assets/SFX/Combat_SFX_Bundle/Cues/Magic_Sci_Fi_Sword_Sounds/Magic_Sword_Broken_02_Cue.uasset
bulk-import-or-template-content	??	Content/Assets/SFX/Combat_SFX_Bundle/Cues/Magic_Sci_Fi_Sword_Sounds/Magic_Sword_Clash_01_Cue.uasset
bulk-import-or-template-content	??	Content/Assets/SFX/Combat_SFX_Bundle/Cues/Magic_Sci_Fi_Sword_Sounds/Magic_Sword_Clash_02_Cue.uasset
bulk-import-or-template-content	??	Content/Assets/SFX/Combat_SFX_Bundle/Cues/Magic_Sci_Fi_Sword_Sounds/Magic_Sword_Clash_03_Cue.uasset
bulk-import-or-template-content	??	Content/Assets/SFX/Combat_SFX_Bundle/Cues/Magic_Sci_Fi_Sword_Sounds/Magic_Sword_Clash_04_Cue.uasset
bulk-import-or-template-content	??	Content/Assets/SFX/Combat_SFX_Bundle/Cues/Magic_Sci_Fi_Sword_Sounds/Magic_Sword_Clash_05_Cue.uasset
bulk-import-or-template-content	??	Content/Assets/SFX/Combat_SFX_Bundle/Cues/Magic_Sci_Fi_Sword_Sounds/Magic_Sword_Clash_06_Cue.uasset
bulk-import-or-template-content	??	Content/Assets/SFX/Combat_SFX_Bundle/Cues/Magic_Sci_Fi_Sword_Sounds/Magic_Sword_Cut_01_Cue.uasset
bulk-import-or-template-content	??	Content/Assets/SFX/Combat_SFX_Bundle/Cues/Magic_Sci_Fi_Sword_Sounds/Magic_Sword_Cut_02_Cue.uasset
bulk-import-or-template-content	??	Content/Assets/SFX/Combat_SFX_Bundle/Cues/Magic_Sci_Fi_Sword_Sounds/Magic_Sword_Cut_03_Combo_Two_Hits_Cue.uasset
bulk-import-or-template-content	??	Content/Assets/SFX/Combat_SFX_Bundle/Cues/Magic_Sci_Fi_Sword_Sounds/Magic_Sword_Cut_04_Combo_Two_Hits_Cue.uasset
bulk-import-or-template-content	??	Content/Assets/SFX/Combat_SFX_Bundle/Cues/Magic_Sci_Fi_Sword_Sounds/Magic_Sword_Cut_05_Combo_Five_Hits_Cue.uasset
bulk-import-or-template-content	??	Content/Assets/SFX/Combat_SFX_Bundle/Cues/Magic_Sci_Fi_Sword_Sounds/Magic_Sword_Cut_06_Combo_Three_Hits_Cue.uasset
bulk-import-or-template-content	??	Content/Assets/SFX/Combat_SFX_Bundle/Cues/Magic_Sci_Fi_Sword_Sounds/Magic_Sword_Cut_07_Combo_Two_Hits_Cue.uasset
bulk-import-or-template-content	??	Content/Assets/SFX/Combat_SFX_Bundle/Cues/Magic_Sci_Fi_Sword_Sounds/Magic_Sword_Hit_High_Intensity_01_Cue.uasset
bulk-import-or-template-content	??	Content/Assets/SFX/Combat_SFX_Bundle/Cues/Magic_Sci_Fi_Sword_Sounds/Magic_Sword_Hit_High_Intensity_02_Cue.uasset
bulk-import-or-template-content	??	Content/Assets/SFX/Combat_SFX_Bundle/Cues/Magic_Sci_Fi_Sword_Sounds/Magic_Sword_Hit_High_Intensity_03_With_Electric_Spark_Cue.uasset
bulk-import-or-template-content	??	Content/Assets/SFX/Combat_SFX_Bundle/Cues/Magic_Sci_Fi_Sword_Sounds/Magic_Sword_Hit_Medium_Intensity_01_Cue.uasset
bulk-import-or-template-content	??	Content/Assets/SFX/Combat_SFX_Bundle/Cues/Magic_Sci_Fi_Sword_Sounds/Magic_Sword_Hit_Medium_Intensity_02_Cue.uasset
bulk-import-or-template-content	??	Content/Assets/SFX/Combat_SFX_Bundle/Cues/Magic_Sci_Fi_Sword_Sounds/Magic_Sword_Hit_Medium_Intensity_03_Cue.uasset
bulk-import-or-template-content	??	Content/Assets/SFX/Combat_SFX_Bundle/Cues/Magic_Sci_Fi_Sword_Sounds/Magic_Sword_Hit_Soft_Intensity_01_Cue.uasset
bulk-import-or-template-content	??	Content/Assets/SFX/Combat_SFX_Bundle/Cues/Magic_Sci_Fi_Sword_Sounds/Magic_Sword_Hit_Soft_Intensity_02_Cue.uasset
bulk-import-or-template-content	??	Content/Assets/SFX/Combat_SFX_Bundle/Cues/Magic_Sci_Fi_Sword_Sounds/Magic_Sword_Hit_Soft_Intensity_02_Variation_Cue.uasset
bulk-import-or-template-content	??	Content/Assets/SFX/Combat_SFX_Bundle/Cues/Magic_Sci_Fi_Sword_Sounds/Magic_Sword_Miss_01_Cue.uasset
bulk-import-or-template-content	??	Content/Assets/SFX/Combat_SFX_Bundle/Cues/Magic_Sci_Fi_Sword_Sounds/Magic_Sword_Miss_02_Cue.uasset
bulk-import-or-template-content	??	Content/Assets/SFX/Combat_SFX_Bundle/Cues/Magic_Sci_Fi_Sword_Sounds/Magic_Sword_Miss_03_Cue.uasset
bulk-import-or-template-content	??	Content/Assets/SFX/Combat_SFX_Bundle/Cues/Magic_Sci_Fi_Sword_Sounds/Magic_Sword_Stab_01_Cue.uasset
bulk-import-or-template-content	??	Content/Assets/SFX/Combat_SFX_Bundle/Cues/Magic_Sci_Fi_Sword_Sounds/Magic_Sword_Stab_02_Cue.uasset
bulk-import-or-template-content	??	Content/Assets/SFX/Combat_SFX_Bundle/Cues/Magic_Sci_Fi_Sword_Sounds/Magic_Sword_Unfold_Weapon_01_Cue.uasset
bulk-import-or-template-content	??	Content/Assets/SFX/Combat_SFX_Bundle/Cues/Magic_Sci_Fi_Sword_Sounds/Magic_Sword_Unfold_Weapon_02_Cue.uasset
bulk-import-or-template-content	??	Content/Assets/SFX/Combat_SFX_Bundle/Cues/Magic_Sci_Fi_Sword_Sounds/Magic_Sword_Whoosh_Big_01_Cue.uasset
bulk-import-or-template-content	??	Content/Assets/SFX/Combat_SFX_Bundle/Cues/Magic_Sci_Fi_Sword_Sounds/Magic_Sword_Whoosh_Big_02_Cue.uasset
bulk-import-or-template-content	??	Content/Assets/SFX/Combat_SFX_Bundle/Cues/Magic_Sci_Fi_Sword_Sounds/Magic_Sword_Whoosh_Fast_01_Cue.uasset
bulk-import-or-template-content	??	Content/Assets/SFX/Combat_SFX_Bundle/Cues/Magic_Sci_Fi_Sword_Sounds/Magic_Sword_Whoosh_Fast_02_Cue.uasset
bulk-import-or-template-content	??	Content/Assets/SFX/Combat_SFX_Bundle/Cues/Magic_Sci_Fi_Sword_Sounds/Magic_Sword_Whoosh_Fast_03_Cue.uasset
bulk-import-or-template-content	??	Content/Assets/SFX/Combat_SFX_Bundle/Cues/Magic_Sci_Fi_Sword_Sounds/Magic_Sword_Whoosh_Soft_Intensity_01_Cue.uasset
bulk-import-or-template-content	??	Content/Assets/SFX/Combat_SFX_Bundle/Cues/Magic_Sci_Fi_Sword_Sounds/Magic_Sword_Whoosh_Soft_Intensity_02_Cue.uasset
bulk-import-or-template-content	??	Content/Assets/SFX/Combat_SFX_Bundle/Cues/Magic_Sci_Fi_Sword_Sounds/Magic_Sword_Whoosh_Standard_Cue.uasset
bulk-import-or-template-content	??	Content/Assets/SFX/Combat_SFX_Bundle/Cues/Magic_Sci_Fi_Sword_Sounds/Projectile_01_Cue.uasset
bulk-import-or-template-content	??	Content/Assets/SFX/Combat_SFX_Bundle/Cues/Magic_Sci_Fi_Sword_Sounds/Projectile_02_Cue.uasset
bulk-import-or-template-content	??	Content/Assets/SFX/Combat_SFX_Bundle/Cues/Magic_Sci_Fi_Sword_Sounds/Projectile_03_Cue.uasset
bulk-import-or-template-content	??	Content/Assets/SFX/Combat_SFX_Bundle/Cues/Magic_Sci_Fi_Sword_Sounds/Projectile_04_Cue.uasset
bulk-import-or-template-content	??	Content/Assets/SFX/Combat_SFX_Bundle/Cues/Magic_Sci_Fi_Sword_Sounds/Projectile_05_Cue.uasset
bulk-import-or-template-content	??	Content/Assets/SFX/Combat_SFX_Bundle/Cues/Magic_Sci_Fi_Sword_Sounds/Projectile_06_Cue.uasset
bulk-import-or-template-content	??	Content/Assets/SFX/Combat_SFX_Bundle/Cues/Magic_Sci_Fi_Sword_Sounds/Projectile_07_Various_Cue.uasset
bulk-import-or-template-content	??	Content/Assets/SFX/Combat_SFX_Bundle/Cues/Magic_Sci_Fi_Sword_Sounds/Projectile_Impact_01_Cue.uasset
bulk-import-or-template-content	??	Content/Assets/SFX/Combat_SFX_Bundle/Cues/Magic_Sci_Fi_Sword_Sounds/Projectile_Impact_02_Cue.uasset
bulk-import-or-template-content	??	Content/Assets/SFX/Combat_SFX_Bundle/Cues/Magic_Sci_Fi_Sword_Sounds/Projectile_Impact_03_Cue.uasset
bulk-import-or-template-content	??	Content/Assets/SFX/Combat_SFX_Bundle/Cues/Magic_Sci_Fi_Sword_Sounds/Projectile_Impact_04_Cue.uasset
bulk-import-or-template-content	??	Content/Assets/SFX/Combat_SFX_Bundle/Cues/Magic_Sci_Fi_Sword_Sounds/Projectile_Impact_05_Cue.uasset
bulk-import-or-template-content	??	Content/Assets/SFX/Combat_SFX_Bundle/Cues/Magic_Sci_Fi_Sword_Sounds/Sci_Fi_Sword_Attack_Critical_Cue.uasset
bulk-import-or-template-content	??	Content/Assets/SFX/Combat_SFX_Bundle/Cues/Magic_Sci_Fi_Sword_Sounds/Sci_Fi_Sword_Attack_High_Intensity_01_Cue.uasset
bulk-import-or-template-content	??	Content/Assets/SFX/Combat_SFX_Bundle/Cues/Magic_Sci_Fi_Sword_Sounds/Sci_Fi_Sword_Attack_High_Intensity_02_Cue.uasset
bulk-import-or-template-content	??	Content/Assets/SFX/Combat_SFX_Bundle/Cues/Magic_Sci_Fi_Sword_Sounds/Sci_Fi_Sword_Attack_High_Intensity_03_Cue.uasset
bulk-import-or-template-content	??	Content/Assets/SFX/Combat_SFX_Bundle/Cues/Magic_Sci_Fi_Sword_Sounds/Sci_Fi_Sword_Attack_High_Intensity_04_Cue.uasset
bulk-import-or-template-content	??	Content/Assets/SFX/Combat_SFX_Bundle/Cues/Magic_Sci_Fi_Sword_Sounds/Sci_Fi_Sword_Attack_High_Intensity_05_Cue.uasset
bulk-import-or-template-content	??	Content/Assets/SFX/Combat_SFX_Bundle/Cues/Magic_Sci_Fi_Sword_Sounds/Sci_Fi_Sword_Attack_High_Intensity_06_Combo_Three_Hits_Cue.uasset
bulk-import-or-template-content	??	Content/Assets/SFX/Combat_SFX_Bundle/Cues/Magic_Sci_Fi_Sword_Sounds/Sci_Fi_Sword_Attack_Medium_Intensity_01_Cue.uasset
bulk-import-or-template-content	??	Content/Assets/SFX/Combat_SFX_Bundle/Cues/Magic_Sci_Fi_Sword_Sounds/Sci_Fi_Sword_Attack_Medium_Intensity_02_Cue.uasset
bulk-import-or-template-content	??	Content/Assets/SFX/Combat_SFX_Bundle/Cues/Magic_Sci_Fi_Sword_Sounds/Sci_Fi_Sword_Attack_Medium_Intensity_03_Cue.uasset
bulk-import-or-template-content	??	Content/Assets/SFX/Combat_SFX_Bundle/Cues/Magic_Sci_Fi_Sword_Sounds/Sci_Fi_Sword_Attack_Medium_Intensity_04_Combo_Five_Hits_Cue.uasset
bulk-import-or-template-content	??	Content/Assets/SFX/Combat_SFX_Bundle/Cues/Magic_Sci_Fi_Sword_Sounds/Sci_Fi_Sword_Attack_Medium_Intensity_05_Combo_Two_Hits_Cue.uasset
bulk-import-or-template-content	??	Content/Assets/SFX/Combat_SFX_Bundle/Cues/Magic_Sci_Fi_Sword_Sounds/Sci_Fi_Sword_Attack_Medium_Intensity_06_Combo_Two_Hits_Cue.uasset
bulk-import-or-template-content	??	Content/Assets/SFX/Combat_SFX_Bundle/Cues/Magic_Sci_Fi_Sword_Sounds/Sci_Fi_Sword_Attack_Soft_Intensity_01_Cue.uasset
bulk-import-or-template-content	??	Content/Assets/SFX/Combat_SFX_Bundle/Cues/Magic_Sci_Fi_Sword_Sounds/Sci_Fi_Sword_Attack_Soft_Intensity_02_Cue.uasset
bulk-import-or-template-content	??	Content/Assets/SFX/Combat_SFX_Bundle/Cues/Magic_Sci_Fi_Sword_Sounds/Sci_Fi_Sword_Attack_Soft_Intensity_03_Cue.uasset
bulk-import-or-template-content	??	Content/Assets/SFX/Combat_SFX_Bundle/Cues/Magic_Sci_Fi_Sword_Sounds/Sci_Fi_Sword_Attack_Soft_Intensity_04_Combo_Five_Hits_Cue.uasset
bulk-import-or-template-content	??	Content/Assets/SFX/Combat_SFX_Bundle/Cues/Magic_Sci_Fi_Sword_Sounds/Sci_Fi_Sword_Attack_Soft_Intensity_05_Combo_Two_Hits_Cue.uasset
bulk-import-or-template-content	??	Content/Assets/SFX/Combat_SFX_Bundle/Cues/Magic_Sci_Fi_Sword_Sounds/Sci_Fi_Sword_Attack_Soft_Intensity_06_Combo_Five_Hits_Cue.uasset
bulk-import-or-template-content	??	Content/Assets/SFX/Combat_SFX_Bundle/Cues/Magic_Sci_Fi_Sword_Sounds/Sci_Fi_Sword_Attacks_Loop_01_Cue.uasset
bulk-import-or-template-content	??	Content/Assets/SFX/Combat_SFX_Bundle/Cues/Magic_Sci_Fi_Sword_Sounds/Sci_Fi_Sword_Attacks_Loop_02_Cue.uasset
bulk-import-or-template-content	??	Content/Assets/SFX/Combat_SFX_Bundle/Cues/Magic_Sci_Fi_Sword_Sounds/Sci_Fi_Sword_Block_01_Cue.uasset
bulk-import-or-template-content	??	Content/Assets/SFX/Combat_SFX_Bundle/Cues/Magic_Sci_Fi_Sword_Sounds/Sci_Fi_Sword_Block_02_Cue.uasset
bulk-import-or-template-content	??	Content/Assets/SFX/Combat_SFX_Bundle/Cues/Magic_Sci_Fi_Sword_Sounds/Sci_Fi_Sword_Block_03_Cue.uasset
bulk-import-or-template-content	??	Content/Assets/SFX/Combat_SFX_Bundle/Cues/Magic_Sci_Fi_Sword_Sounds/Sci_Fi_Sword_Block_04_Cue.uasset
bulk-import-or-template-content	??	Content/Assets/SFX/Combat_SFX_Bundle/Cues/Magic_Sci_Fi_Sword_Sounds/Sci_Fi_Sword_Clash_01_Cue.uasset
bulk-import-or-template-content	??	Content/Assets/SFX/Combat_SFX_Bundle/Cues/Magic_Sci_Fi_Sword_Sounds/Sci_Fi_Sword_Clash_02_Cue.uasset
bulk-import-or-template-content	??	Content/Assets/SFX/Combat_SFX_Bundle/Cues/Magic_Sci_Fi_Sword_Sounds/Sci_Fi_Sword_Clash_03_Cue.uasset
bulk-import-or-template-content	??	Content/Assets/SFX/Combat_SFX_Bundle/Cues/Magic_Sci_Fi_Sword_Sounds/Sci_Fi_Sword_Cut_01_Cue.uasset
bulk-import-or-template-content	??	Content/Assets/SFX/Combat_SFX_Bundle/Cues/Magic_Sci_Fi_Sword_Sounds/Sci_Fi_Sword_Cut_02_Cue.uasset
bulk-import-or-template-content	??	Content/Assets/SFX/Combat_SFX_Bundle/Cues/Magic_Sci_Fi_Sword_Sounds/Sci_Fi_Sword_Cut_03_Cue.uasset
bulk-import-or-template-content	??	Content/Assets/SFX/Combat_SFX_Bundle/Cues/Magic_Sci_Fi_Sword_Sounds/Sci_Fi_Sword_Cut_04_Cue.uasset
bulk-import-or-template-content	??	Content/Assets/SFX/Combat_SFX_Bundle/Cues/Magic_Sci_Fi_Sword_Sounds/Sci_Fi_Sword_Cut_05_Cue.uasset
bulk-import-or-template-content	??	Content/Assets/SFX/Combat_SFX_Bundle/Cues/Magic_Sci_Fi_Sword_Sounds/Sci_Fi_Sword_Cut_Fast_01_Cue.uasset
bulk-import-or-template-content	??	Content/Assets/SFX/Combat_SFX_Bundle/Cues/Magic_Sci_Fi_Sword_Sounds/Sci_Fi_Sword_Cut_Fast_02_Cue.uasset
bulk-import-or-template-content	??	Content/Assets/SFX/Combat_SFX_Bundle/Cues/Magic_Sci_Fi_Sword_Sounds/Sci_Fi_Sword_Cut_Fast_03_Cue.uasset
bulk-import-or-template-content	??	Content/Assets/SFX/Combat_SFX_Bundle/Cues/Magic_Sci_Fi_Sword_Sounds/Sci_Fi_Sword_Cut_Fast_04_Cue.uasset
bulk-import-or-template-content	??	Content/Assets/SFX/Combat_SFX_Bundle/Cues/Magic_Sci_Fi_Sword_Sounds/Sci_Fi_Sword_Cut_Fast_05_Cue.uasset
bulk-import-or-template-content	??	Content/Assets/SFX/Combat_SFX_Bundle/Cues/Magic_Sci_Fi_Sword_Sounds/Sci_Fi_Sword_Cuts_01_Combo_Various_Hits_Cue.uasset
bulk-import-or-template-content	??	Content/Assets/SFX/Combat_SFX_Bundle/Cues/Magic_Sci_Fi_Sword_Sounds/Sci_Fi_Sword_Cuts_02_Combo_various_Hits_Cue.uasset
bulk-import-or-template-content	??	Content/Assets/SFX/Combat_SFX_Bundle/Cues/Magic_Sci_Fi_Sword_Sounds/Sci_Fi_Sword_Cuts_03_Combo_Various_Hits_Cue.uasset
bulk-import-or-template-content	??	Content/Assets/SFX/Combat_SFX_Bundle/Cues/Magic_Sci_Fi_Sword_Sounds/Sci_Fi_Sword_Cuts_04_Combo_various_Hits_Cue.uasset
bulk-import-or-template-content	??	Content/Assets/SFX/Combat_SFX_Bundle/Cues/Magic_Sci_Fi_Sword_Sounds/Sci_Fi_Sword_Electric_Sparks_Cue.uasset
bulk-import-or-template-content	??	Content/Assets/SFX/Combat_SFX_Bundle/Cues/Magic_Sci_Fi_Sword_Sounds/Sci_Fi_Sword_Hits_Various_Cue.uasset
bulk-import-or-template-content	??	Content/Assets/SFX/Combat_SFX_Bundle/Cues/Magic_Sci_Fi_Sword_Sounds/Sci_Fi_Sword_Miss_01_Cue.uasset
bulk-import-or-template-content	??	Content/Assets/SFX/Combat_SFX_Bundle/Cues/Magic_Sci_Fi_Sword_Sounds/Sci_Fi_Sword_Miss_02_Cue.uasset
bulk-import-or-template-content	??	Content/Assets/SFX/Combat_SFX_Bundle/Cues/Magic_Sci_Fi_Sword_Sounds/Sci_Fi_Sword_Miss_03_Cue.uasset
bulk-import-or-template-content	??	Content/Assets/SFX/Combat_SFX_Bundle/Cues/Magic_Sci_Fi_Sword_Sounds/Sci_Fi_Sword_Miss_04_With_Electric_Spark_Cue.uasset
bulk-import-or-template-content	??	Content/Assets/SFX/Combat_SFX_Bundle/Cues/Magic_Sci_Fi_Sword_Sounds/Sci_Fi_Sword_Stab_Cue.uasset
bulk-import-or-template-content	??	Content/Assets/SFX/Combat_SFX_Bundle/Cues/Magic_Sci_Fi_Sword_Sounds/Sci_Fi_Sword_Unfold_Weapon_01_Cue.uasset
bulk-import-or-template-content	??	Content/Assets/SFX/Combat_SFX_Bundle/Cues/Magic_Sci_Fi_Sword_Sounds/Sci_Fi_Sword_Unfold_Weapon_02_Cue.uasset
bulk-import-or-template-content	??	Content/Assets/SFX/Combat_SFX_Bundle/Cues/Magic_Sci_Fi_Sword_Sounds/Sci_Fi_Sword_Whoosh_Big_Intensity_Cue.uasset
bulk-import-or-template-content	??	Content/Assets/SFX/Combat_SFX_Bundle/Cues/Magic_Sci_Fi_Sword_Sounds/Sci_Fi_Sword_Whoosh_Fast_01_Cue.uasset
bulk-import-or-template-content	??	Content/Assets/SFX/Combat_SFX_Bundle/Cues/Magic_Sci_Fi_Sword_Sounds/Sci_Fi_Sword_Whoosh_Fast_02_Cue.uasset
bulk-import-or-template-content	??	Content/Assets/SFX/Combat_SFX_Bundle/Cues/Magic_Sci_Fi_Sword_Sounds/Sci_Fi_Sword_Whoosh_Medium_Intensity_01_Cue.uasset
bulk-import-or-template-content	??	Content/Assets/SFX/Combat_SFX_Bundle/Cues/Magic_Sci_Fi_Sword_Sounds/Sci_Fi_Sword_Whoosh_Medium_Intensity_02_Cue.uasset
bulk-import-or-template-content	??	Content/Assets/SFX/Combat_SFX_Bundle/Cues/Magic_Sci_Fi_Sword_Sounds/Sci_Fi_Sword_Whoosh_Soft_Intensity_01_Cue.uasset
bulk-import-or-template-content	??	Content/Assets/SFX/Combat_SFX_Bundle/Cues/Magic_Sci_Fi_Sword_Sounds/Sci_Fi_Sword_Whoosh_Soft_Intensity_02_Cue.uasset
bulk-import-or-template-content	??	Content/Assets/SFX/Combat_SFX_Bundle/Cues/Magic_Sci_Fi_Sword_Sounds/Spell_01_Cue.uasset
bulk-import-or-template-content	??	Content/Assets/SFX/Combat_SFX_Bundle/Cues/Magic_Sci_Fi_Sword_Sounds/Spell_02_Cue.uasset
bulk-import-or-template-content	??	Content/Assets/SFX/Combat_SFX_Bundle/Cues/Magic_Sci_Fi_Sword_Sounds/Spell_03_Cue.uasset
bulk-import-or-template-content	??	Content/Assets/SFX/Combat_SFX_Bundle/Cues/Magic_Sci_Fi_Sword_Sounds/Spell_04_Cue.uasset
bulk-import-or-template-content	??	Content/Assets/SFX/Combat_SFX_Bundle/Cues/Magic_Sci_Fi_Sword_Sounds/Spell_05_Cue.uasset
bulk-import-or-template-content	??	Content/Assets/SFX/Combat_SFX_Bundle/Cues/Magic_Sci_Fi_Sword_Sounds/Spell_06_Cue.uasset
bulk-import-or-template-content	??	Content/Assets/SFX/Combat_SFX_Bundle/Cues/Magic_Sci_Fi_Sword_Sounds/Spell_07_Cue.uasset
bulk-import-or-template-content	??	Content/Assets/SFX/Combat_SFX_Bundle/Cues/Magic_Sci_Fi_Sword_Sounds/Spell_08_Cue.uasset
bulk-import-or-template-content	??	Content/Assets/SFX/Combat_SFX_Bundle/Cues/Magic_Sci_Fi_Sword_Sounds/Spell_09_Cue.uasset
bulk-import-or-template-content	??	Content/Assets/SFX/Combat_SFX_Bundle/Cues/Magic_Sci_Fi_Sword_Sounds/Spell_10_Cue.uasset
bulk-import-or-template-content	??	Content/Assets/SFX/Combat_SFX_Bundle/Cues/Magic_Sci_Fi_Sword_Sounds/Spell_11_Cue.uasset
bulk-import-or-template-content	??	Content/Assets/SFX/Combat_SFX_Bundle/Cues/Magic_Sci_Fi_Sword_Sounds/Spell_12_Cue.uasset
bulk-import-or-template-content	??	Content/Assets/SFX/Combat_SFX_Bundle/Cues/Magic_Sci_Fi_Sword_Sounds/Spell_13_Various_Hits_Cue.uasset
bulk-import-or-template-content	??	Content/Assets/SFX/Combat_SFX_Bundle/Cues/Magic_Sci_Fi_Sword_Sounds/Spell_Block_Cue.uasset
bulk-import-or-template-content	??	Content/Assets/SFX/Combat_SFX_Bundle/Cues/Magic_Sci_Fi_Sword_Sounds/Spell_Electricity_Cue.uasset
bulk-import-or-template-content	??	Content/Assets/SFX/Combat_SFX_Bundle/Cues/Magic_Sci_Fi_Sword_Sounds/Spell_Fast_Electricity_01_Cue.uasset
bulk-import-or-template-content	??	Content/Assets/SFX/Combat_SFX_Bundle/Cues/Magic_Sci_Fi_Sword_Sounds/Spell_Fast_Electricity_02_Cue.uasset
bulk-import-or-template-content	??	Content/Assets/SFX/Combat_SFX_Bundle/Cues/Magic_Sci_Fi_Sword_Sounds/Spell_Fast_Electricity_03_Cue.uasset
bulk-import-or-template-content	??	Content/Assets/SFX/Combat_SFX_Bundle/Cues/Magic_Sci_Fi_Sword_Sounds/Spell_Protection_01_Cue.uasset
bulk-import-or-template-content	??	Content/Assets/SFX/Combat_SFX_Bundle/Cues/Magic_Sci_Fi_Sword_Sounds/Spell_Protection_02_Cue.uasset
bulk-import-or-template-content	??	Content/Assets/SFX/Combat_SFX_Bundle/Cues/Magic_Sci_Fi_Sword_Sounds/Spell_Protection_03_Cue.uasset
bulk-import-or-template-content	??	Content/Assets/SFX/Combat_SFX_Bundle/Cues/Magic_Sci_Fi_Sword_Sounds/UI_01_Cue.uasset
bulk-import-or-template-content	??	Content/Assets/SFX/Combat_SFX_Bundle/Cues/Magic_Sci_Fi_Sword_Sounds/UI_02_Cue.uasset
bulk-import-or-template-content	??	Content/Assets/SFX/Combat_SFX_Bundle/Cues/Magic_Sci_Fi_Sword_Sounds/UI_03_Cue.uasset
bulk-import-or-template-content	??	Content/Assets/SFX/Combat_SFX_Bundle/Cues/Magic_Sci_Fi_Sword_Sounds/UI_04_Cue.uasset
bulk-import-or-template-content	??	Content/Assets/SFX/Combat_SFX_Bundle/Cues/Magic_Sci_Fi_Sword_Sounds/UI_05_Cue.uasset
bulk-import-or-template-content	??	Content/Assets/SFX/Combat_SFX_Bundle/Cues/Magic_Sci_Fi_Sword_Sounds/Whip_01_Cue.uasset
bulk-import-or-template-content	??	Content/Assets/SFX/Combat_SFX_Bundle/Cues/Magic_Sci_Fi_Sword_Sounds/Whip_02_Cue.uasset
bulk-import-or-template-content	??	Content/Assets/SFX/Combat_SFX_Bundle/Cues/Magic_Weapons_Sounds/Airy_Weapon_Attack_01_Cue.uasset
bulk-import-or-template-content	??	Content/Assets/SFX/Combat_SFX_Bundle/Cues/Magic_Weapons_Sounds/Airy_Weapon_Attack_02_Cue.uasset
bulk-import-or-template-content	??	Content/Assets/SFX/Combat_SFX_Bundle/Cues/Magic_Weapons_Sounds/Airy_Weapon_Attack_03_Cue.uasset
bulk-import-or-template-content	??	Content/Assets/SFX/Combat_SFX_Bundle/Cues/Magic_Weapons_Sounds/Airy_Weapon_Attack_04_Cue.uasset
bulk-import-or-template-content	??	Content/Assets/SFX/Combat_SFX_Bundle/Cues/Magic_Weapons_Sounds/Airy_Weapon_Attack_05_Cue.uasset
bulk-import-or-template-content	??	Content/Assets/SFX/Combat_SFX_Bundle/Cues/Magic_Weapons_Sounds/Airy_Weapon_Hit_Critical_Cue.uasset
bulk-import-or-template-content	??	Content/Assets/SFX/Combat_SFX_Bundle/Cues/Magic_Weapons_Sounds/Anime_Weapon_Attack_01_Cue.uasset
bulk-import-or-template-content	??	Content/Assets/SFX/Combat_SFX_Bundle/Cues/Magic_Weapons_Sounds/Anime_Weapon_Attack_02_Cue.uasset
bulk-import-or-template-content	??	Content/Assets/SFX/Combat_SFX_Bundle/Cues/Magic_Weapons_Sounds/Anime_Weapon_Attack_03_Cue.uasset
bulk-import-or-template-content	??	Content/Assets/SFX/Combat_SFX_Bundle/Cues/Magic_Weapons_Sounds/Anime_Weapon_Attack_04_Cue.uasset
bulk-import-or-template-content	??	Content/Assets/SFX/Combat_SFX_Bundle/Cues/Magic_Weapons_Sounds/Anime_Weapon_Attack_05_Cue.uasset
bulk-import-or-template-content	??	Content/Assets/SFX/Combat_SFX_Bundle/Cues/Magic_Weapons_Sounds/Anime_Weapon_Attack_Critical_Cue.uasset
bulk-import-or-template-content	??	Content/Assets/SFX/Combat_SFX_Bundle/Cues/Magic_Weapons_Sounds/Big_Weapon_Attack_01_Cue.uasset
bulk-import-or-template-content	??	Content/Assets/SFX/Combat_SFX_Bundle/Cues/Magic_Weapons_Sounds/Big_Weapon_Attack_02_Cue.uasset
bulk-import-or-template-content	??	Content/Assets/SFX/Combat_SFX_Bundle/Cues/Magic_Weapons_Sounds/Big_Weapon_Attack_03_Cue.uasset
bulk-import-or-template-content	??	Content/Assets/SFX/Combat_SFX_Bundle/Cues/Magic_Weapons_Sounds/Big_Weapon_Attack_04_Cue.uasset
bulk-import-or-template-content	??	Content/Assets/SFX/Combat_SFX_Bundle/Cues/Magic_Weapons_Sounds/Big_Weapon_Attack_05_Cue.uasset
bulk-import-or-template-content	??	Content/Assets/SFX/Combat_SFX_Bundle/Cues/Magic_Weapons_Sounds/Big_Weapon_Attack_Critical_Cue.uasset
bulk-import-or-template-content	??	Content/Assets/SFX/Combat_SFX_Bundle/Cues/Magic_Weapons_Sounds/Crystal_Magic_Slash_01_Cue.uasset
bulk-import-or-template-content	??	Content/Assets/SFX/Combat_SFX_Bundle/Cues/Magic_Weapons_Sounds/Crystal_Magic_Slash_02_Cue.uasset
bulk-import-or-template-content	??	Content/Assets/SFX/Combat_SFX_Bundle/Cues/Magic_Weapons_Sounds/Crystal_Magic_Slash_03_Cue.uasset
bulk-import-or-template-content	??	Content/Assets/SFX/Combat_SFX_Bundle/Cues/Magic_Weapons_Sounds/Crystal_Magic_Slash_04_Cue.uasset
bulk-import-or-template-content	??	Content/Assets/SFX/Combat_SFX_Bundle/Cues/Magic_Weapons_Sounds/Double_Hit_Fantasy_Weapon_01_Cue.uasset
bulk-import-or-template-content	??	Content/Assets/SFX/Combat_SFX_Bundle/Cues/Magic_Weapons_Sounds/Double_Hit_Fantasy_Weapon_02_Cue.uasset
bulk-import-or-template-content	??	Content/Assets/SFX/Combat_SFX_Bundle/Cues/Magic_Weapons_Sounds/Earth_Weapon_Attack_01_Cue.uasset
bulk-import-or-template-content	??	Content/Assets/SFX/Combat_SFX_Bundle/Cues/Magic_Weapons_Sounds/Earth_Weapon_Attack_02_Cue.uasset
bulk-import-or-template-content	??	Content/Assets/SFX/Combat_SFX_Bundle/Cues/Magic_Weapons_Sounds/Earth_Weapon_Attack_03_Cue.uasset
bulk-import-or-template-content	??	Content/Assets/SFX/Combat_SFX_Bundle/Cues/Magic_Weapons_Sounds/Earth_Weapon_Attack_04_Cue.uasset
bulk-import-or-template-content	??	Content/Assets/SFX/Combat_SFX_Bundle/Cues/Magic_Weapons_Sounds/Earth_Weapon_Attack_05_Cue.uasset
bulk-import-or-template-content	??	Content/Assets/SFX/Combat_SFX_Bundle/Cues/Magic_Weapons_Sounds/Earth_Weapon_Attack_Critical_Cue.uasset
bulk-import-or-template-content	??	Content/Assets/SFX/Combat_SFX_Bundle/Cues/Magic_Weapons_Sounds/Energy_Sparks_Weapon_Attack_01_Cue.uasset
bulk-import-or-template-content	??	Content/Assets/SFX/Combat_SFX_Bundle/Cues/Magic_Weapons_Sounds/Energy_Sparks_Weapon_Attack_02_Cue.uasset
bulk-import-or-template-content	??	Content/Assets/SFX/Combat_SFX_Bundle/Cues/Magic_Weapons_Sounds/Energy_Sparks_Weapon_Attack_03_Cue.uasset
bulk-import-or-template-content	??	Content/Assets/SFX/Combat_SFX_Bundle/Cues/Magic_Weapons_Sounds/Energy_Sparks_Weapon_Attack_04_Cue.uasset
bulk-import-or-template-content	??	Content/Assets/SFX/Combat_SFX_Bundle/Cues/Magic_Weapons_Sounds/Energy_Sparks_Weapon_Attack_05_Cue.uasset
bulk-import-or-template-content	??	Content/Assets/SFX/Combat_SFX_Bundle/Cues/Magic_Weapons_Sounds/Energy_Sparks_Weapon_Attack_Critical_Cue.uasset
bulk-import-or-template-content	??	Content/Assets/SFX/Combat_SFX_Bundle/Cues/Magic_Weapons_Sounds/Ethereal_Attack_01_Cue.uasset
bulk-import-or-template-content	??	Content/Assets/SFX/Combat_SFX_Bundle/Cues/Magic_Weapons_Sounds/Ethereal_Attack_02_Cue.uasset
bulk-import-or-template-content	??	Content/Assets/SFX/Combat_SFX_Bundle/Cues/Magic_Weapons_Sounds/Ethereal_Attack_03_Cue.uasset
bulk-import-or-template-content	??	Content/Assets/SFX/Combat_SFX_Bundle/Cues/Magic_Weapons_Sounds/Ethereal_Attack_04_Cue.uasset
bulk-import-or-template-content	??	Content/Assets/SFX/Combat_SFX_Bundle/Cues/Magic_Weapons_Sounds/Ethereal_Slash_01_Cue.uasset
bulk-import-or-template-content	??	Content/Assets/SFX/Combat_SFX_Bundle/Cues/Magic_Weapons_Sounds/Ethereal_Slash_02_Cue.uasset
bulk-import-or-template-content	??	Content/Assets/SFX/Combat_SFX_Bundle/Cues/Magic_Weapons_Sounds/Explosive_Weapon_Attack_01_Cue.uasset
bulk-import-or-template-content	??	Content/Assets/SFX/Combat_SFX_Bundle/Cues/Magic_Weapons_Sounds/Explosive_Weapon_Attack_02_Cue.uasset
bulk-import-or-template-content	??	Content/Assets/SFX/Combat_SFX_Bundle/Cues/Magic_Weapons_Sounds/Explosive_Weapon_Attack_03_Cue.uasset
bulk-import-or-template-content	??	Content/Assets/SFX/Combat_SFX_Bundle/Cues/Magic_Weapons_Sounds/Explosive_Weapon_Attack_04_Cue.uasset
bulk-import-or-template-content	??	Content/Assets/SFX/Combat_SFX_Bundle/Cues/Magic_Weapons_Sounds/Explosive_Weapon_Attack_Critical_Cue.uasset
bulk-import-or-template-content	??	Content/Assets/SFX/Combat_SFX_Bundle/Cues/Magic_Weapons_Sounds/Fantasy_Weapon_Attack_01_Cue.uasset
bulk-import-or-template-content	??	Content/Assets/SFX/Combat_SFX_Bundle/Cues/Magic_Weapons_Sounds/Fantasy_Weapon_Attack_02_Cue.uasset
bulk-import-or-template-content	??	Content/Assets/SFX/Combat_SFX_Bundle/Cues/Magic_Weapons_Sounds/Fantasy_Weapon_Attack_03_Cue.uasset
bulk-import-or-template-content	??	Content/Assets/SFX/Combat_SFX_Bundle/Cues/Magic_Weapons_Sounds/Fantasy_Weapon_Attack_04_Cue.uasset
bulk-import-or-template-content	??	Content/Assets/SFX/Combat_SFX_Bundle/Cues/Magic_Weapons_Sounds/Fantasy_Weapon_Attack_05_Cue.uasset
bulk-import-or-template-content	??	Content/Assets/SFX/Combat_SFX_Bundle/Cues/Magic_Weapons_Sounds/Fantasy_Weapon_Attack_06_Cue.uasset
bulk-import-or-template-content	??	Content/Assets/SFX/Combat_SFX_Bundle/Cues/Magic_Weapons_Sounds/Fantasy_Weapon_Attack_Critical_Cue.uasset
bulk-import-or-template-content	??	Content/Assets/SFX/Combat_SFX_Bundle/Cues/Magic_Weapons_Sounds/Fire_Weapon_Attack_01_Cue.uasset
bulk-import-or-template-content	??	Content/Assets/SFX/Combat_SFX_Bundle/Cues/Magic_Weapons_Sounds/Fire_Weapon_Attack_02_Cue.uasset
bulk-import-or-template-content	??	Content/Assets/SFX/Combat_SFX_Bundle/Cues/Magic_Weapons_Sounds/Fire_Weapon_Attack_03_Cue.uasset
bulk-import-or-template-content	??	Content/Assets/SFX/Combat_SFX_Bundle/Cues/Magic_Weapons_Sounds/Fire_Weapon_Attack_04_Cue.uasset
bulk-import-or-template-content	??	Content/Assets/SFX/Combat_SFX_Bundle/Cues/Magic_Weapons_Sounds/Fire_Weapon_Attack_Critical_01_Cue.uasset
bulk-import-or-template-content	??	Content/Assets/SFX/Combat_SFX_Bundle/Cues/Magic_Weapons_Sounds/Fire_Weapon_Attack_Critical_02_Cue.uasset
bulk-import-or-template-content	??	Content/Assets/SFX/Combat_SFX_Bundle/Cues/Magic_Weapons_Sounds/Funny_Weapon_Attack_01_Cue.uasset
bulk-import-or-template-content	??	Content/Assets/SFX/Combat_SFX_Bundle/Cues/Magic_Weapons_Sounds/Funny_Weapon_Attack_02_Cue.uasset
bulk-import-or-template-content	??	Content/Assets/SFX/Combat_SFX_Bundle/Cues/Magic_Weapons_Sounds/Funny_Weapon_Attack_03_Cue.uasset
bulk-import-or-template-content	??	Content/Assets/SFX/Combat_SFX_Bundle/Cues/Magic_Weapons_Sounds/Funny_Weapon_Attack_04_Cue.uasset
bulk-import-or-template-content	??	Content/Assets/SFX/Combat_SFX_Bundle/Cues/Magic_Weapons_Sounds/Funny_Weapon_Attack_05_Cue.uasset
bulk-import-or-template-content	??	Content/Assets/SFX/Combat_SFX_Bundle/Cues/Magic_Weapons_Sounds/Funny_Weapon_Attack_Critical_Cue.uasset
bulk-import-or-template-content	??	Content/Assets/SFX/Combat_SFX_Bundle/Cues/Magic_Weapons_Sounds/Futuristic_Weapon_Attack_01_Cue.uasset
bulk-import-or-template-content	??	Content/Assets/SFX/Combat_SFX_Bundle/Cues/Magic_Weapons_Sounds/Futuristic_Weapon_Attack_02_Cue.uasset
bulk-import-or-template-content	??	Content/Assets/SFX/Combat_SFX_Bundle/Cues/Magic_Weapons_Sounds/Futuristic_Weapon_Attack_03_Cue.uasset
bulk-import-or-template-content	??	Content/Assets/SFX/Combat_SFX_Bundle/Cues/Magic_Weapons_Sounds/Futuristic_Weapon_Attack_04_Cue.uasset
bulk-import-or-template-content	??	Content/Assets/SFX/Combat_SFX_Bundle/Cues/Magic_Weapons_Sounds/Futuristic_Weapon_Attack_05_Cue.uasset
bulk-import-or-template-content	??	Content/Assets/SFX/Combat_SFX_Bundle/Cues/Magic_Weapons_Sounds/Futuristic_Weapon_Attack_Critical_Cue.uasset
bulk-import-or-template-content	??	Content/Assets/SFX/Combat_SFX_Bundle/Cues/Magic_Weapons_Sounds/Glass_Weapon_Attack_01_Cue.uasset
bulk-import-or-template-content	??	Content/Assets/SFX/Combat_SFX_Bundle/Cues/Magic_Weapons_Sounds/Glass_Weapon_Attack_02_Cue.uasset
bulk-import-or-template-content	??	Content/Assets/SFX/Combat_SFX_Bundle/Cues/Magic_Weapons_Sounds/Glass_Weapon_Attack_03_Cue.uasset
bulk-import-or-template-content	??	Content/Assets/SFX/Combat_SFX_Bundle/Cues/Magic_Weapons_Sounds/Glass_Weapon_Attack_04_Cue.uasset
bulk-import-or-template-content	??	Content/Assets/SFX/Combat_SFX_Bundle/Cues/Magic_Weapons_Sounds/Glass_Weapon_Attack_05_Cue.uasset
bulk-import-or-template-content	??	Content/Assets/SFX/Combat_SFX_Bundle/Cues/Magic_Weapons_Sounds/Glass_Weapon_Attack_Critical_Cue.uasset
bulk-import-or-template-content	??	Content/Assets/SFX/Combat_SFX_Bundle/Cues/Magic_Weapons_Sounds/Hardcore_Weapon_Attack_01_Cue.uasset
bulk-import-or-template-content	??	Content/Assets/SFX/Combat_SFX_Bundle/Cues/Magic_Weapons_Sounds/Hardcore_Weapon_Attack_02_Cue.uasset
bulk-import-or-template-content	??	Content/Assets/SFX/Combat_SFX_Bundle/Cues/Magic_Weapons_Sounds/Hardcore_Weapon_Attack_03_Cue.uasset
bulk-import-or-template-content	??	Content/Assets/SFX/Combat_SFX_Bundle/Cues/Magic_Weapons_Sounds/Hardcore_Weapon_Attack_04_Cue.uasset
bulk-import-or-template-content	??	Content/Assets/SFX/Combat_SFX_Bundle/Cues/Magic_Weapons_Sounds/Hardcore_Weapon_Attack_Critical_Cue.uasset
bulk-import-or-template-content	??	Content/Assets/SFX/Combat_SFX_Bundle/Cues/Magic_Weapons_Sounds/Hit_Mark_01_Cue.uasset
bulk-import-or-template-content	??	Content/Assets/SFX/Combat_SFX_Bundle/Cues/Magic_Weapons_Sounds/Hit_Mark_02_Cue.uasset
bulk-import-or-template-content	??	Content/Assets/SFX/Combat_SFX_Bundle/Cues/Magic_Weapons_Sounds/Hit_Mark_03_Cue.uasset
bulk-import-or-template-content	??	Content/Assets/SFX/Combat_SFX_Bundle/Cues/Magic_Weapons_Sounds/Hit_Mark_04_Cue.uasset
bulk-import-or-template-content	??	Content/Assets/SFX/Combat_SFX_Bundle/Cues/Magic_Weapons_Sounds/Hit_Mark_05_Cue.uasset
bulk-import-or-template-content	??	Content/Assets/SFX/Combat_SFX_Bundle/Cues/Magic_Weapons_Sounds/Holy_Weapon_Attack_01_Cue.uasset
bulk-import-or-template-content	??	Content/Assets/SFX/Combat_SFX_Bundle/Cues/Magic_Weapons_Sounds/Holy_Weapon_Attack_02_Cue.uasset
bulk-import-or-template-content	??	Content/Assets/SFX/Combat_SFX_Bundle/Cues/Magic_Weapons_Sounds/Holy_Weapon_Attack_03_Cue.uasset
bulk-import-or-template-content	??	Content/Assets/SFX/Combat_SFX_Bundle/Cues/Magic_Weapons_Sounds/Holy_Weapon_Attack_04_Cue.uasset
bulk-import-or-template-content	??	Content/Assets/SFX/Combat_SFX_Bundle/Cues/Magic_Weapons_Sounds/Holy_Weapon_Attack_05_Cue.uasset
bulk-import-or-template-content	??	Content/Assets/SFX/Combat_SFX_Bundle/Cues/Magic_Weapons_Sounds/Holy_Weapon_Attack_Critical_Cue.uasset
bulk-import-or-template-content	??	Content/Assets/SFX/Combat_SFX_Bundle/Cues/Magic_Weapons_Sounds/Ice_Weapon_Attack_01_Cue.uasset
bulk-import-or-template-content	??	Content/Assets/SFX/Combat_SFX_Bundle/Cues/Magic_Weapons_Sounds/Ice_Weapon_Attack_02_Cue.uasset
bulk-import-or-template-content	??	Content/Assets/SFX/Combat_SFX_Bundle/Cues/Magic_Weapons_Sounds/Ice_Weapon_Attack_03_Cue.uasset
bulk-import-or-template-content	??	Content/Assets/SFX/Combat_SFX_Bundle/Cues/Magic_Weapons_Sounds/Ice_Weapon_Attack_04_Cue.uasset
bulk-import-or-template-content	??	Content/Assets/SFX/Combat_SFX_Bundle/Cues/Magic_Weapons_Sounds/Ice_Weapon_Attack_05_Cue.uasset
bulk-import-or-template-content	??	Content/Assets/SFX/Combat_SFX_Bundle/Cues/Magic_Weapons_Sounds/Ice_Weapon_Attack_Critical_Cue.uasset
bulk-import-or-template-content	??	Content/Assets/SFX/Combat_SFX_Bundle/Cues/Magic_Weapons_Sounds/Laser_Weapon_Attack_01_Cue.uasset
bulk-import-or-template-content	??	Content/Assets/SFX/Combat_SFX_Bundle/Cues/Magic_Weapons_Sounds/Laser_Weapon_Attack_02_Cue.uasset
bulk-import-or-template-content	??	Content/Assets/SFX/Combat_SFX_Bundle/Cues/Magic_Weapons_Sounds/Laser_Weapon_Attack_03_Cue.uasset
bulk-import-or-template-content	??	Content/Assets/SFX/Combat_SFX_Bundle/Cues/Magic_Weapons_Sounds/Laser_Weapon_Attack_04_Cue.uasset
bulk-import-or-template-content	??	Content/Assets/SFX/Combat_SFX_Bundle/Cues/Magic_Weapons_Sounds/Laser_Weapon_Attack_Critical_Cue.uasset
bulk-import-or-template-content	??	Content/Assets/SFX/Combat_SFX_Bundle/Cues/Magic_Weapons_Sounds/Magic_Dagger_Attack_01_Cue.uasset
bulk-import-or-template-content	??	Content/Assets/SFX/Combat_SFX_Bundle/Cues/Magic_Weapons_Sounds/Magic_Dagger_Attack_02_Cue.uasset
bulk-import-or-template-content	??	Content/Assets/SFX/Combat_SFX_Bundle/Cues/Magic_Weapons_Sounds/Magic_Dagger_Attack_03_Cue.uasset
bulk-import-or-template-content	??	Content/Assets/SFX/Combat_SFX_Bundle/Cues/Magic_Weapons_Sounds/Magic_Dagger_Attack_04_Cue.uasset
bulk-import-or-template-content	??	Content/Assets/SFX/Combat_SFX_Bundle/Cues/Magic_Weapons_Sounds/Magic_Dagger_Attack_05_Cue.uasset
bulk-import-or-template-content	??	Content/Assets/SFX/Combat_SFX_Bundle/Cues/Magic_Weapons_Sounds/Magic_Dagger_Attack_06_Cue.uasset
bulk-import-or-template-content	??	Content/Assets/SFX/Combat_SFX_Bundle/Cues/Magic_Weapons_Sounds/Magic_Dagger_Attack_Critical_Cue.uasset
bulk-import-or-template-content	??	Content/Assets/SFX/Combat_SFX_Bundle/Cues/Magic_Weapons_Sounds/Mechanical_Weapon_Attack_01_Cue.uasset
bulk-import-or-template-content	??	Content/Assets/SFX/Combat_SFX_Bundle/Cues/Magic_Weapons_Sounds/Mechanical_Weapon_Attack_02_Cue.uasset
bulk-import-or-template-content	??	Content/Assets/SFX/Combat_SFX_Bundle/Cues/Magic_Weapons_Sounds/Mechanical_Weapon_Attack_03_Cue.uasset
bulk-import-or-template-content	??	Content/Assets/SFX/Combat_SFX_Bundle/Cues/Magic_Weapons_Sounds/Mechanical_Weapon_Attack_04_Cue.uasset
bulk-import-or-template-content	??	Content/Assets/SFX/Combat_SFX_Bundle/Cues/Magic_Weapons_Sounds/Mechanical_Weapon_Attack_Critical_Cue.uasset
bulk-import-or-template-content	??	Content/Assets/SFX/Combat_SFX_Bundle/Cues/Magic_Weapons_Sounds/Melodic_Weapon_Attack_01_Cue.uasset
bulk-import-or-template-content	??	Content/Assets/SFX/Combat_SFX_Bundle/Cues/Magic_Weapons_Sounds/Melodic_Weapon_Attack_02_Cue.uasset
bulk-import-or-template-content	??	Content/Assets/SFX/Combat_SFX_Bundle/Cues/Magic_Weapons_Sounds/Melodic_Weapon_Attack_03_Cue.uasset
bulk-import-or-template-content	??	Content/Assets/SFX/Combat_SFX_Bundle/Cues/Magic_Weapons_Sounds/Melodic_Weapon_Attack_04_Cue.uasset
bulk-import-or-template-content	??	Content/Assets/SFX/Combat_SFX_Bundle/Cues/Magic_Weapons_Sounds/Metal_Weapon_Attack_01_Cue.uasset
bulk-import-or-template-content	??	Content/Assets/SFX/Combat_SFX_Bundle/Cues/Magic_Weapons_Sounds/Metal_Weapon_Attack_02_Cue.uasset
bulk-import-or-template-content	??	Content/Assets/SFX/Combat_SFX_Bundle/Cues/Magic_Weapons_Sounds/Metal_Weapon_Attack_03_Cue.uasset
bulk-import-or-template-content	??	Content/Assets/SFX/Combat_SFX_Bundle/Cues/Magic_Weapons_Sounds/Metal_Weapon_Attack_04_Cue.uasset
bulk-import-or-template-content	??	Content/Assets/SFX/Combat_SFX_Bundle/Cues/Magic_Weapons_Sounds/Metal_Weapon_Attack_Critical_Cue.uasset
bulk-import-or-template-content	??	Content/Assets/SFX/Combat_SFX_Bundle/Cues/Magic_Weapons_Sounds/Robotic_Weapon_Attack_01_Cue.uasset
bulk-import-or-template-content	??	Content/Assets/SFX/Combat_SFX_Bundle/Cues/Magic_Weapons_Sounds/Robotic_Weapon_Attack_02_Cue.uasset
bulk-import-or-template-content	??	Content/Assets/SFX/Combat_SFX_Bundle/Cues/Magic_Weapons_Sounds/Robotic_Weapon_Attack_03_Cue.uasset
bulk-import-or-template-content	??	Content/Assets/SFX/Combat_SFX_Bundle/Cues/Magic_Weapons_Sounds/Robotic_Weapon_Attack_Critical_Cue.uasset
bulk-import-or-template-content	??	Content/Assets/SFX/Combat_SFX_Bundle/Cues/Magic_Weapons_Sounds/Shadow_Weapon_Attack_01_Cue.uasset
bulk-import-or-template-content	??	Content/Assets/SFX/Combat_SFX_Bundle/Cues/Magic_Weapons_Sounds/Shadow_Weapon_Attack_02_Cue.uasset
bulk-import-or-template-content	??	Content/Assets/SFX/Combat_SFX_Bundle/Cues/Magic_Weapons_Sounds/Shadow_Weapon_Attack_03_Cue.uasset
bulk-import-or-template-content	??	Content/Assets/SFX/Combat_SFX_Bundle/Cues/Magic_Weapons_Sounds/Shadow_Weapon_Attack_04_Cue.uasset
bulk-import-or-template-content	??	Content/Assets/SFX/Combat_SFX_Bundle/Cues/Magic_Weapons_Sounds/Shadow_Weapon_Attack_Critical_Cue.uasset
bulk-import-or-template-content	??	Content/Assets/SFX/Combat_SFX_Bundle/Cues/Magic_Weapons_Sounds/Thin_Magic_Weapon_Attack_01_Cue.uasset
bulk-import-or-template-content	??	Content/Assets/SFX/Combat_SFX_Bundle/Cues/Magic_Weapons_Sounds/Thin_Magic_Weapon_Attack_02_Cue.uasset
bulk-import-or-template-content	??	Content/Assets/SFX/Combat_SFX_Bundle/Cues/Magic_Weapons_Sounds/Thin_Magic_Weapon_Attack_03_Cue.uasset
bulk-import-or-template-content	??	Content/Assets/SFX/Combat_SFX_Bundle/Cues/Magic_Weapons_Sounds/Thin_Magic_Weapon_Attack_04_Cue.uasset
bulk-import-or-template-content	??	Content/Assets/SFX/Combat_SFX_Bundle/Cues/Magic_Weapons_Sounds/Thin_Magic_Weapon_Attack_05_Cue.uasset
bulk-import-or-template-content	??	Content/Assets/SFX/Combat_SFX_Bundle/Cues/Magic_Weapons_Sounds/Thin_Magic_Weapon_Attack_06_Cue.uasset
bulk-import-or-template-content	??	Content/Assets/SFX/Combat_SFX_Bundle/Cues/Magic_Weapons_Sounds/Thin_Magic_Weapon_Attack_Critical_Cue.uasset
bulk-import-or-template-content	??	Content/Assets/SFX/Combat_SFX_Bundle/Cues/Magic_Weapons_Sounds/Thunder_Weapon_Attack_01_Cue.uasset
bulk-import-or-template-content	??	Content/Assets/SFX/Combat_SFX_Bundle/Cues/Magic_Weapons_Sounds/Thunder_Weapon_Attack_02_Cue.uasset
bulk-import-or-template-content	??	Content/Assets/SFX/Combat_SFX_Bundle/Cues/Magic_Weapons_Sounds/Thunder_Weapon_Attack_03_Cue.uasset
bulk-import-or-template-content	??	Content/Assets/SFX/Combat_SFX_Bundle/Cues/Magic_Weapons_Sounds/Thunder_Weapon_Attack_04_Cue.uasset
bulk-import-or-template-content	??	Content/Assets/SFX/Combat_SFX_Bundle/Cues/Magic_Weapons_Sounds/Thunder_Weapon_Attack_Critical_Cue.uasset
bulk-import-or-template-content	??	Content/Assets/SFX/Combat_SFX_Bundle/Cues/Magic_Weapons_Sounds/Water_Weapon_Attack_01_Cue.uasset
bulk-import-or-template-content	??	Content/Assets/SFX/Combat_SFX_Bundle/Cues/Magic_Weapons_Sounds/Water_Weapon_Attack_02_Cue.uasset
bulk-import-or-template-content	??	Content/Assets/SFX/Combat_SFX_Bundle/Cues/Magic_Weapons_Sounds/Water_Weapon_Attack_03_Cue.uasset
bulk-import-or-template-content	??	Content/Assets/SFX/Combat_SFX_Bundle/Cues/Magic_Weapons_Sounds/Water_Weapon_Attack_04_Cue.uasset
bulk-import-or-template-content	??	Content/Assets/SFX/Combat_SFX_Bundle/Cues/Magic_Weapons_Sounds/Water_Weapon_Attack_Critical_Cue.uasset
bulk-import-or-template-content	??	Content/Assets/SFX/Combat_SFX_Bundle/Cues/Magic_Weapons_Sounds/Wind_Weapon_Attack_01_Cue.uasset
bulk-import-or-template-content	??	Content/Assets/SFX/Combat_SFX_Bundle/Cues/Magic_Weapons_Sounds/Wind_Weapon_Attack_02_Cue.uasset
bulk-import-or-template-content	??	Content/Assets/SFX/Combat_SFX_Bundle/Cues/Magic_Weapons_Sounds/Wind_Weapon_Attack_03_Cue.uasset
bulk-import-or-template-content	??	Content/Assets/SFX/Combat_SFX_Bundle/Cues/Magic_Weapons_Sounds/Wind_Weapon_Attack_04_Cue.uasset
bulk-import-or-template-content	??	Content/Assets/SFX/Combat_SFX_Bundle/Cues/Magic_Weapons_Sounds/Wind_Weapon_Attack_05_Cue.uasset
bulk-import-or-template-content	??	Content/Assets/SFX/Combat_SFX_Bundle/Cues/Magic_Weapons_Sounds/Wind_Weapon_Attack_Critical_Cue.uasset
bulk-import-or-template-content	??	Content/Assets/SFX/Combat_SFX_Bundle/Cues/Scifi_Fantasy_Weapon_Sounds/ElectricitySparkSword_Attack_01_Cue.uasset
bulk-import-or-template-content	??	Content/Assets/SFX/Combat_SFX_Bundle/Cues/Scifi_Fantasy_Weapon_Sounds/ElectricitySparkSword_Attack_02_Cue.uasset
bulk-import-or-template-content	??	Content/Assets/SFX/Combat_SFX_Bundle/Cues/Scifi_Fantasy_Weapon_Sounds/ElectricitySparkSword_Attack_03_Cue.uasset
bulk-import-or-template-content	??	Content/Assets/SFX/Combat_SFX_Bundle/Cues/Scifi_Fantasy_Weapon_Sounds/ElectricitySparkSword_Attack_04_Cue.uasset
bulk-import-or-template-content	??	Content/Assets/SFX/Combat_SFX_Bundle/Cues/Scifi_Fantasy_Weapon_Sounds/ElectricitySparkSword_Attack_05_Cue.uasset
bulk-import-or-template-content	??	Content/Assets/SFX/Combat_SFX_Bundle/Cues/Scifi_Fantasy_Weapon_Sounds/ElectricitySparkSword_Attack_Spell_Cue.uasset
bulk-import-or-template-content	??	Content/Assets/SFX/Combat_SFX_Bundle/Cues/Scifi_Fantasy_Weapon_Sounds/ElectricitySparkSword_Attack_With_Blood_01_Cue.uasset
bulk-import-or-template-content	??	Content/Assets/SFX/Combat_SFX_Bundle/Cues/Scifi_Fantasy_Weapon_Sounds/ElectricitySparkSword_Attack_With_Blood_02_Cue.uasset
bulk-import-or-template-content	??	Content/Assets/SFX/Combat_SFX_Bundle/Cues/Scifi_Fantasy_Weapon_Sounds/ElectricitySparkSword_Attack_With_Blood_03_Cue.uasset
bulk-import-or-template-content	??	Content/Assets/SFX/Combat_SFX_Bundle/Cues/Scifi_Fantasy_Weapon_Sounds/ElectricitySparkSword_Attack_With_Blood_04_Cue.uasset
bulk-import-or-template-content	??	Content/Assets/SFX/Combat_SFX_Bundle/Cues/Scifi_Fantasy_Weapon_Sounds/ElectricitySparkSword_Attack_With_Blood_05_Cue.uasset
bulk-import-or-template-content	??	Content/Assets/SFX/Combat_SFX_Bundle/Cues/Scifi_Fantasy_Weapon_Sounds/ElectricitySparkSword_Parry_01_Cue.uasset
bulk-import-or-template-content	??	Content/Assets/SFX/Combat_SFX_Bundle/Cues/Scifi_Fantasy_Weapon_Sounds/ElectricitySparkSword_Parry_02_Cue.uasset
bulk-import-or-template-content	??	Content/Assets/SFX/Combat_SFX_Bundle/Cues/Scifi_Fantasy_Weapon_Sounds/ElectricitySparkSword_Parry_03_Cue.uasset
bulk-import-or-template-content	??	Content/Assets/SFX/Combat_SFX_Bundle/Cues/Scifi_Fantasy_Weapon_Sounds/ElectricitySparkSword_Parry_04_Cue.uasset
bulk-import-or-template-content	??	Content/Assets/SFX/Combat_SFX_Bundle/Cues/Scifi_Fantasy_Weapon_Sounds/ElectricitySparkSword_Parry_05_Cue.uasset
bulk-import-or-template-content	??	Content/Assets/SFX/Combat_SFX_Bundle/Cues/Scifi_Fantasy_Weapon_Sounds/ElectricitySparkSword_Whoosh_01_Cue.uasset
bulk-import-or-template-content	??	Content/Assets/SFX/Combat_SFX_Bundle/Cues/Scifi_Fantasy_Weapon_Sounds/ElectricitySparkSword_Whoosh_02_Cue.uasset
bulk-import-or-template-content	??	Content/Assets/SFX/Combat_SFX_Bundle/Cues/Scifi_Fantasy_Weapon_Sounds/ElectricitySparkSword_Whoosh_03_Cue.uasset
bulk-import-or-template-content	??	Content/Assets/SFX/Combat_SFX_Bundle/Cues/Scifi_Fantasy_Weapon_Sounds/ElectricitySparkSword_Whoosh_04_Cue.uasset
bulk-import-or-template-content	??	Content/Assets/SFX/Combat_SFX_Bundle/Cues/Scifi_Fantasy_Weapon_Sounds/FuturisticSword_Attack_01_Cue.uasset
bulk-import-or-template-content	??	Content/Assets/SFX/Combat_SFX_Bundle/Cues/Scifi_Fantasy_Weapon_Sounds/FuturisticSword_Attack_02_Cue.uasset
bulk-import-or-template-content	??	Content/Assets/SFX/Combat_SFX_Bundle/Cues/Scifi_Fantasy_Weapon_Sounds/FuturisticSword_Attack_03_Cue.uasset
bulk-import-or-template-content	??	Content/Assets/SFX/Combat_SFX_Bundle/Cues/Scifi_Fantasy_Weapon_Sounds/FuturisticSword_Attack_04_Cue.uasset
bulk-import-or-template-content	??	Content/Assets/SFX/Combat_SFX_Bundle/Cues/Scifi_Fantasy_Weapon_Sounds/FuturisticSword_Attack_05_Cue.uasset
bulk-import-or-template-content	??	Content/Assets/SFX/Combat_SFX_Bundle/Cues/Scifi_Fantasy_Weapon_Sounds/FuturisticSword_Attack_With_Blood_01_Cue.uasset
bulk-import-or-template-content	??	Content/Assets/SFX/Combat_SFX_Bundle/Cues/Scifi_Fantasy_Weapon_Sounds/FuturisticSword_Attack_With_Blood_02_Cue.uasset
bulk-import-or-template-content	??	Content/Assets/SFX/Combat_SFX_Bundle/Cues/Scifi_Fantasy_Weapon_Sounds/FuturisticSword_Attack_With_Blood_03_Cue.uasset
bulk-import-or-template-content	??	Content/Assets/SFX/Combat_SFX_Bundle/Cues/Scifi_Fantasy_Weapon_Sounds/FuturisticSword_Attack_With_Blood_04_Cue.uasset
bulk-import-or-template-content	??	Content/Assets/SFX/Combat_SFX_Bundle/Cues/Scifi_Fantasy_Weapon_Sounds/FuturisticSword_Attack_With_Blood_05_Cue.uasset
bulk-import-or-template-content	??	Content/Assets/SFX/Combat_SFX_Bundle/Cues/Scifi_Fantasy_Weapon_Sounds/FuturisticSword_Parry_01_Cue.uasset
bulk-import-or-template-content	??	Content/Assets/SFX/Combat_SFX_Bundle/Cues/Scifi_Fantasy_Weapon_Sounds/FuturisticSword_Parry_02_Cue.uasset
bulk-import-or-template-content	??	Content/Assets/SFX/Combat_SFX_Bundle/Cues/Scifi_Fantasy_Weapon_Sounds/FuturisticSword_Parry_03_Cue.uasset
bulk-import-or-template-content	??	Content/Assets/SFX/Combat_SFX_Bundle/Cues/Scifi_Fantasy_Weapon_Sounds/FuturisticSword_Parry_04_Cue.uasset
bulk-import-or-template-content	??	Content/Assets/SFX/Combat_SFX_Bundle/Cues/Scifi_Fantasy_Weapon_Sounds/FuturisticSword_Parry_05_Cue.uasset
bulk-import-or-template-content	??	Content/Assets/SFX/Combat_SFX_Bundle/Cues/Scifi_Fantasy_Weapon_Sounds/FuturisticSword_Spell_Cue.uasset
bulk-import-or-template-content	??	Content/Assets/SFX/Combat_SFX_Bundle/Cues/Scifi_Fantasy_Weapon_Sounds/FuturisticSword_Unfold_Cue.uasset
bulk-import-or-template-content	??	Content/Assets/SFX/Combat_SFX_Bundle/Cues/Scifi_Fantasy_Weapon_Sounds/FuturisticSword_Whoosh_01_Cue.uasset
bulk-import-or-template-content	??	Content/Assets/SFX/Combat_SFX_Bundle/Cues/Scifi_Fantasy_Weapon_Sounds/FuturisticSword_Whoosh_02_Cue.uasset
bulk-import-or-template-content	??	Content/Assets/SFX/Combat_SFX_Bundle/Cues/Scifi_Fantasy_Weapon_Sounds/FuturisticSword_Whoosh_03_Cue.uasset
bulk-import-or-template-content	??	Content/Assets/SFX/Combat_SFX_Bundle/Cues/Scifi_Fantasy_Weapon_Sounds/Metallic_Impact_Sword_Attack_01_Cue.uasset
bulk-import-or-template-content	??	Content/Assets/SFX/Combat_SFX_Bundle/Cues/Scifi_Fantasy_Weapon_Sounds/Metallic_Impact_Sword_Attack_02_Cue.uasset
bulk-import-or-template-content	??	Content/Assets/SFX/Combat_SFX_Bundle/Cues/Scifi_Fantasy_Weapon_Sounds/Metallic_Impact_Sword_Attack_03_Cue.uasset
bulk-import-or-template-content	??	Content/Assets/SFX/Combat_SFX_Bundle/Cues/Scifi_Fantasy_Weapon_Sounds/Metallic_Impact_Sword_Attack_04_Cue.uasset
bulk-import-or-template-content	??	Content/Assets/SFX/Combat_SFX_Bundle/Cues/Scifi_Fantasy_Weapon_Sounds/Metallic_Impact_Sword_Attack_05_Cue.uasset
bulk-import-or-template-content	??	Content/Assets/SFX/Combat_SFX_Bundle/Cues/Scifi_Fantasy_Weapon_Sounds/Metallic_Impact_Sword_Attack_With_Blood_01_Cue.uasset
bulk-import-or-template-content	??	Content/Assets/SFX/Combat_SFX_Bundle/Cues/Scifi_Fantasy_Weapon_Sounds/Metallic_Impact_Sword_Attack_With_Blood_02_Cue.uasset
bulk-import-or-template-content	??	Content/Assets/SFX/Combat_SFX_Bundle/Cues/Scifi_Fantasy_Weapon_Sounds/Metallic_Impact_Sword_Attack_With_Blood_03_Cue.uasset
bulk-import-or-template-content	??	Content/Assets/SFX/Combat_SFX_Bundle/Cues/Scifi_Fantasy_Weapon_Sounds/Metallic_Impact_Sword_Attack_With_Blood_04_Cue.uasset
bulk-import-or-template-content	??	Content/Assets/SFX/Combat_SFX_Bundle/Cues/Scifi_Fantasy_Weapon_Sounds/Metallic_Impact_Sword_Attack_With_Blood_05_Cue.uasset
bulk-import-or-template-content	??	Content/Assets/SFX/Combat_SFX_Bundle/Cues/Scifi_Fantasy_Weapon_Sounds/Metallic_Impact_Sword_Parry_01_Cue.uasset
bulk-import-or-template-content	??	Content/Assets/SFX/Combat_SFX_Bundle/Cues/Scifi_Fantasy_Weapon_Sounds/Metallic_Impact_Sword_Parry_02_Cue.uasset
bulk-import-or-template-content	??	Content/Assets/SFX/Combat_SFX_Bundle/Cues/Scifi_Fantasy_Weapon_Sounds/Metallic_Impact_Sword_Parry_03_Cue.uasset
bulk-import-or-template-content	??	Content/Assets/SFX/Combat_SFX_Bundle/Cues/Scifi_Fantasy_Weapon_Sounds/Metallic_Impact_Sword_Parry_04_Cue.uasset
bulk-import-or-template-content	??	Content/Assets/SFX/Combat_SFX_Bundle/Cues/Scifi_Fantasy_Weapon_Sounds/Metallic_Impact_Sword_Parry_05_Cue.uasset
bulk-import-or-template-content	??	Content/Assets/SFX/Combat_SFX_Bundle/Cues/Scifi_Fantasy_Weapon_Sounds/Metallic_Impact_Sword_Spell_Cue.uasset
bulk-import-or-template-content	??	Content/Assets/SFX/Combat_SFX_Bundle/Cues/Scifi_Fantasy_Weapon_Sounds/Metallic_Impact_Sword_Unfold_Cue.uasset
bulk-import-or-template-content	??	Content/Assets/SFX/Combat_SFX_Bundle/Cues/Scifi_Fantasy_Weapon_Sounds/Metallic_Impact_Sword_Whoosh_01_Cue.uasset
bulk-import-or-template-content	??	Content/Assets/SFX/Combat_SFX_Bundle/Cues/Scifi_Fantasy_Weapon_Sounds/Metallic_Impact_Sword_Whoosh_02_Cue.uasset
bulk-import-or-template-content	??	Content/Assets/SFX/Combat_SFX_Bundle/Cues/Scifi_Fantasy_Weapon_Sounds/Metallic_Impact_Sword_Whoosh_03_Cue.uasset
bulk-import-or-template-content	??	Content/Assets/SFX/Combat_SFX_Bundle/Cues/Scifi_Fantasy_Weapon_Sounds/Shield_Attack_01_Cue.uasset
bulk-import-or-template-content	??	Content/Assets/SFX/Combat_SFX_Bundle/Cues/Scifi_Fantasy_Weapon_Sounds/Shield_Attack_02_Cue.uasset
bulk-import-or-template-content	??	Content/Assets/SFX/Combat_SFX_Bundle/Cues/Scifi_Fantasy_Weapon_Sounds/Shield_Attack_03_Cue.uasset
bulk-import-or-template-content	??	Content/Assets/SFX/Combat_SFX_Bundle/Cues/Scifi_Fantasy_Weapon_Sounds/Shield_Attack_04_Cue.uasset
bulk-import-or-template-content	??	Content/Assets/SFX/Combat_SFX_Bundle/Cues/Scifi_Fantasy_Weapon_Sounds/Shield_Attack_05_Cue.uasset
bulk-import-or-template-content	??	Content/Assets/SFX/Combat_SFX_Bundle/Cues/Scifi_Fantasy_Weapon_Sounds/Shield_Attack_With_Blood_01_Cue.uasset
bulk-import-or-template-content	??	Content/Assets/SFX/Combat_SFX_Bundle/Cues/Scifi_Fantasy_Weapon_Sounds/Shield_Attack_With_Blood_02_Cue.uasset
bulk-import-or-template-content	??	Content/Assets/SFX/Combat_SFX_Bundle/Cues/Scifi_Fantasy_Weapon_Sounds/Shield_Attack_With_Blood_03_Cue.uasset
bulk-import-or-template-content	??	Content/Assets/SFX/Combat_SFX_Bundle/Cues/Scifi_Fantasy_Weapon_Sounds/Shield_Attack_With_Blood_04_Cue.uasset
bulk-import-or-template-content	??	Content/Assets/SFX/Combat_SFX_Bundle/Cues/Scifi_Fantasy_Weapon_Sounds/Shield_Attack_With_Blood_05_Cue.uasset
bulk-import-or-template-content	??	Content/Assets/SFX/Combat_SFX_Bundle/Cues/Scifi_Fantasy_Weapon_Sounds/Shield_Parry_01_Cue.uasset
bulk-import-or-template-content	??	Content/Assets/SFX/Combat_SFX_Bundle/Cues/Scifi_Fantasy_Weapon_Sounds/Shield_Parry_02_Cue.uasset
bulk-import-or-template-content	??	Content/Assets/SFX/Combat_SFX_Bundle/Cues/Scifi_Fantasy_Weapon_Sounds/Shield_Parry_03_Cue.uasset
bulk-import-or-template-content	??	Content/Assets/SFX/Combat_SFX_Bundle/Cues/Scifi_Fantasy_Weapon_Sounds/Shield_Parry_04_Cue.uasset
bulk-import-or-template-content	??	Content/Assets/SFX/Combat_SFX_Bundle/Cues/Scifi_Fantasy_Weapon_Sounds/Shield_Parry_05_Cue.uasset
bulk-import-or-template-content	??	Content/Assets/SFX/Combat_SFX_Bundle/Cues/Scifi_Fantasy_Weapon_Sounds/StandardSword_Attack_01_Cue.uasset
bulk-import-or-template-content	??	Content/Assets/SFX/Combat_SFX_Bundle/Cues/Scifi_Fantasy_Weapon_Sounds/StandardSword_Attack_02_Cue.uasset
bulk-import-or-template-content	??	Content/Assets/SFX/Combat_SFX_Bundle/Cues/Scifi_Fantasy_Weapon_Sounds/StandardSword_Attack_03_Cue.uasset
bulk-import-or-template-content	??	Content/Assets/SFX/Combat_SFX_Bundle/Cues/Scifi_Fantasy_Weapon_Sounds/StandardSword_Attack_04_Cue.uasset
bulk-import-or-template-content	??	Content/Assets/SFX/Combat_SFX_Bundle/Cues/Scifi_Fantasy_Weapon_Sounds/StandardSword_Attack_05_Cue.uasset
bulk-import-or-template-content	??	Content/Assets/SFX/Combat_SFX_Bundle/Cues/Scifi_Fantasy_Weapon_Sounds/StandardSword_Attack_With_Blood_01_Cue.uasset
bulk-import-or-template-content	??	Content/Assets/SFX/Combat_SFX_Bundle/Cues/Scifi_Fantasy_Weapon_Sounds/StandardSword_Attack_With_Blood_02_Cue.uasset
bulk-import-or-template-content	??	Content/Assets/SFX/Combat_SFX_Bundle/Cues/Scifi_Fantasy_Weapon_Sounds/StandardSword_Attack_With_Blood_03_Cue.uasset
bulk-import-or-template-content	??	Content/Assets/SFX/Combat_SFX_Bundle/Cues/Scifi_Fantasy_Weapon_Sounds/StandardSword_Attack_With_Blood_04_Cue.uasset
bulk-import-or-template-content	??	Content/Assets/SFX/Combat_SFX_Bundle/Cues/Scifi_Fantasy_Weapon_Sounds/StandardSword_Attack_With_Blood_05_Cue.uasset
bulk-import-or-template-content	??	Content/Assets/SFX/Combat_SFX_Bundle/Cues/Scifi_Fantasy_Weapon_Sounds/StandardSword_Parry_01_Cue.uasset
bulk-import-or-template-content	??	Content/Assets/SFX/Combat_SFX_Bundle/Cues/Scifi_Fantasy_Weapon_Sounds/StandardSword_Parry_02_Cue.uasset
bulk-import-or-template-content	??	Content/Assets/SFX/Combat_SFX_Bundle/Cues/Scifi_Fantasy_Weapon_Sounds/StandardSword_Parry_03_Cue.uasset
bulk-import-or-template-content	??	Content/Assets/SFX/Combat_SFX_Bundle/Cues/Scifi_Fantasy_Weapon_Sounds/StandardSword_Parry_04_Cue.uasset
bulk-import-or-template-content	??	Content/Assets/SFX/Combat_SFX_Bundle/Cues/Scifi_Fantasy_Weapon_Sounds/StandardSword_Parry_05_Cue.uasset
bulk-import-or-template-content	??	Content/Assets/SFX/Combat_SFX_Bundle/Cues/Scifi_Fantasy_Weapon_Sounds/StandardSword_Spell_Cue.uasset
bulk-import-or-template-content	??	Content/Assets/SFX/Combat_SFX_Bundle/Cues/Scifi_Fantasy_Weapon_Sounds/StandardSword_Unfold_Cue.uasset
bulk-import-or-template-content	??	Content/Assets/SFX/Combat_SFX_Bundle/Cues/Scifi_Fantasy_Weapon_Sounds/StandardSword_Whoosh_01_Cue.uasset
bulk-import-or-template-content	??	Content/Assets/SFX/Combat_SFX_Bundle/Cues/Scifi_Fantasy_Weapon_Sounds/StandardSword_Whoosh_02_Cue.uasset
bulk-import-or-template-content	??	Content/Assets/SFX/Combat_SFX_Bundle/Cues/Scifi_Fantasy_Weapon_Sounds/StandardSword_Whoosh_03_Cue.uasset
bulk-import-or-template-content	??	Content/Assets/SFX/Combat_SFX_Bundle/Cues/Scifi_Fantasy_Weapon_Sounds/Sword_Of_Light_Attack_01_Cue.uasset
bulk-import-or-template-content	??	Content/Assets/SFX/Combat_SFX_Bundle/Cues/Scifi_Fantasy_Weapon_Sounds/Sword_Of_Light_Attack_02_Cue.uasset
bulk-import-or-template-content	??	Content/Assets/SFX/Combat_SFX_Bundle/Cues/Scifi_Fantasy_Weapon_Sounds/Sword_Of_Light_Attack_03_Cue.uasset
bulk-import-or-template-content	??	Content/Assets/SFX/Combat_SFX_Bundle/Cues/Scifi_Fantasy_Weapon_Sounds/Sword_Of_Light_Attack_04_Cue.uasset
bulk-import-or-template-content	??	Content/Assets/SFX/Combat_SFX_Bundle/Cues/Scifi_Fantasy_Weapon_Sounds/Sword_Of_Light_Attack_05_Cue.uasset
bulk-import-or-template-content	??	Content/Assets/SFX/Combat_SFX_Bundle/Cues/Scifi_Fantasy_Weapon_Sounds/Sword_Of_Light_Attack_With_Blood_01_Cue.uasset
bulk-import-or-template-content	??	Content/Assets/SFX/Combat_SFX_Bundle/Cues/Scifi_Fantasy_Weapon_Sounds/Sword_Of_Light_Attack_With_Blood_02_Cue.uasset
bulk-import-or-template-content	??	Content/Assets/SFX/Combat_SFX_Bundle/Cues/Scifi_Fantasy_Weapon_Sounds/Sword_Of_Light_Attack_With_Blood_03_Cue.uasset
bulk-import-or-template-content	??	Content/Assets/SFX/Combat_SFX_Bundle/Cues/Scifi_Fantasy_Weapon_Sounds/Sword_Of_Light_Attack_With_Blood_04_Cue.uasset
bulk-import-or-template-content	??	Content/Assets/SFX/Combat_SFX_Bundle/Cues/Scifi_Fantasy_Weapon_Sounds/Sword_Of_Light_Attack_With_Blood_05_Cue.uasset
bulk-import-or-template-content	??	Content/Assets/SFX/Combat_SFX_Bundle/Cues/Scifi_Fantasy_Weapon_Sounds/Sword_Of_Light_Loop_Cue.uasset
bulk-import-or-template-content	??	Content/Assets/SFX/Combat_SFX_Bundle/Cues/Scifi_Fantasy_Weapon_Sounds/Sword_Of_Light_Parry_01_Cue.uasset
bulk-import-or-template-content	??	Content/Assets/SFX/Combat_SFX_Bundle/Cues/Scifi_Fantasy_Weapon_Sounds/Sword_Of_Light_Parry_02_Cue.uasset
bulk-import-or-template-content	??	Content/Assets/SFX/Combat_SFX_Bundle/Cues/Scifi_Fantasy_Weapon_Sounds/Sword_Of_Light_Parry_03_Cue.uasset
bulk-import-or-template-content	??	Content/Assets/SFX/Combat_SFX_Bundle/Cues/Scifi_Fantasy_Weapon_Sounds/Sword_Of_Light_Parry_04_Cue.uasset
bulk-import-or-template-content	??	Content/Assets/SFX/Combat_SFX_Bundle/Cues/Scifi_Fantasy_Weapon_Sounds/Sword_Of_Light_Parry_05_Cue.uasset
bulk-import-or-template-content	??	Content/Assets/SFX/Combat_SFX_Bundle/Cues/Scifi_Fantasy_Weapon_Sounds/Sword_Of_Light_Spell_Cue.uasset
bulk-import-or-template-content	??	Content/Assets/SFX/Combat_SFX_Bundle/Cues/Scifi_Fantasy_Weapon_Sounds/Sword_Of_Light_Unfold_Cue.uasset
bulk-import-or-template-content	??	Content/Assets/SFX/Combat_SFX_Bundle/Cues/Scifi_Fantasy_Weapon_Sounds/Sword_Of_Light_Whoosh_01_Cue.uasset
bulk-import-or-template-content	??	Content/Assets/SFX/Combat_SFX_Bundle/Cues/Scifi_Fantasy_Weapon_Sounds/Sword_Of_Light_Whoosh_02_Cue.uasset
bulk-import-or-template-content	??	Content/Assets/SFX/Combat_SFX_Bundle/Cues/Scifi_Fantasy_Weapon_Sounds/Sword_Of_Light_Whoosh_03_Cue.uasset
bulk-import-or-template-content	??	Content/Assets/SFX/Combat_SFX_Bundle/Cues/Sword_Hits_Blocks/Blade_Sharpening_Blacksmith_01_Cue.uasset
bulk-import-or-template-content	??	Content/Assets/SFX/Combat_SFX_Bundle/Cues/Sword_Hits_Blocks/Blade_Sharpening_Blacksmith_02_Cue.uasset
bulk-import-or-template-content	??	Content/Assets/SFX/Combat_SFX_Bundle/Cues/Sword_Hits_Blocks/Blade_Sharpening_Blacksmith_03_Cue.uasset
bulk-import-or-template-content	??	Content/Assets/SFX/Combat_SFX_Bundle/Cues/Sword_Hits_Blocks/Blade_Sharpening_Blacksmith_04_Cue.uasset
bulk-import-or-template-content	??	Content/Assets/SFX/Combat_SFX_Bundle/Cues/Sword_Hits_Blocks/Blade_Sharpening_Blacksmith_05_Cue.uasset
bulk-import-or-template-content	??	Content/Assets/SFX/Combat_SFX_Bundle/Cues/Sword_Hits_Blocks/Block_Resonate_01_Cue.uasset
bulk-import-or-template-content	??	Content/Assets/SFX/Combat_SFX_Bundle/Cues/Sword_Hits_Blocks/Block_Resonate_02_Cue.uasset
bulk-import-or-template-content	??	Content/Assets/SFX/Combat_SFX_Bundle/Cues/Sword_Hits_Blocks/Block_Resonate_03_Cue.uasset
bulk-import-or-template-content	??	Content/Assets/SFX/Combat_SFX_Bundle/Cues/Sword_Hits_Blocks/Block_Resonate_04_Cue.uasset
bulk-import-or-template-content	??	Content/Assets/SFX/Combat_SFX_Bundle/Cues/Sword_Hits_Blocks/Block_Resonate_05_Cue.uasset
bulk-import-or-template-content	??	Content/Assets/SFX/Combat_SFX_Bundle/Cues/Sword_Hits_Blocks/Block_Shield_Hard_01_Cue.uasset
bulk-import-or-template-content	??	Content/Assets/SFX/Combat_SFX_Bundle/Cues/Sword_Hits_Blocks/Block_Shield_Hard_02_Cue.uasset
bulk-import-or-template-content	??	Content/Assets/SFX/Combat_SFX_Bundle/Cues/Sword_Hits_Blocks/Block_Shield_Hard_03_Cue.uasset
bulk-import-or-template-content	??	Content/Assets/SFX/Combat_SFX_Bundle/Cues/Sword_Hits_Blocks/Block_Shield_Hard_04_Cue.uasset
bulk-import-or-template-content	??	Content/Assets/SFX/Combat_SFX_Bundle/Cues/Sword_Hits_Blocks/Block_Shield_Hard_05_Cue.uasset
bulk-import-or-template-content	??	Content/Assets/SFX/Combat_SFX_Bundle/Cues/Sword_Hits_Blocks/Block_Shield_Hard_06_Cue.uasset
bulk-import-or-template-content	??	Content/Assets/SFX/Combat_SFX_Bundle/Cues/Sword_Hits_Blocks/Block_Shield_Soft_01_Cue.uasset
bulk-import-or-template-content	??	Content/Assets/SFX/Combat_SFX_Bundle/Cues/Sword_Hits_Blocks/Block_Shield_Soft_02_Cue.uasset
bulk-import-or-template-content	??	Content/Assets/SFX/Combat_SFX_Bundle/Cues/Sword_Hits_Blocks/Block_Shield_Soft_03_Cue.uasset
bulk-import-or-template-content	??	Content/Assets/SFX/Combat_SFX_Bundle/Cues/Sword_Hits_Blocks/Block_Shield_Soft_04_Cue.uasset
bulk-import-or-template-content	??	Content/Assets/SFX/Combat_SFX_Bundle/Cues/Sword_Hits_Blocks/Block_Shield_Soft_05_Cue.uasset
bulk-import-or-template-content	??	Content/Assets/SFX/Combat_SFX_Bundle/Cues/Sword_Hits_Blocks/Block_Shield_Soft_06_Cue.uasset
bulk-import-or-template-content	??	Content/Assets/SFX/Combat_SFX_Bundle/Cues/Sword_Hits_Blocks/Combat_Slide_Short_Blade_01_Cue.uasset
bulk-import-or-template-content	??	Content/Assets/SFX/Combat_SFX_Bundle/Cues/Sword_Hits_Blocks/Combat_Slide_Short_Blade_02_Cue.uasset
bulk-import-or-template-content	??	Content/Assets/SFX/Combat_SFX_Bundle/Cues/Sword_Hits_Blocks/Combat_Slide_Soft_01_Cue.uasset
bulk-import-or-template-content	??	Content/Assets/SFX/Combat_SFX_Bundle/Cues/Sword_Hits_Blocks/Combat_Slide_Soft_02_Cue.uasset
bulk-import-or-template-content	??	Content/Assets/SFX/Combat_SFX_Bundle/Cues/Sword_Hits_Blocks/Combat_Slide_Soft_03_Cue.uasset
bulk-import-or-template-content	??	Content/Assets/SFX/Combat_SFX_Bundle/Cues/Sword_Hits_Blocks/Combat_Slide_Soft_04_Cue.uasset
bulk-import-or-template-content	??	Content/Assets/SFX/Combat_SFX_Bundle/Cues/Sword_Hits_Blocks/Crafting_Sword_01_Cue.uasset
bulk-import-or-template-content	??	Content/Assets/SFX/Combat_SFX_Bundle/Cues/Sword_Hits_Blocks/Crafting_Sword_02_Cue.uasset
bulk-import-or-template-content	??	Content/Assets/SFX/Combat_SFX_Bundle/Cues/Sword_Hits_Blocks/Crafting_Sword_03_Cue.uasset
bulk-import-or-template-content	??	Content/Assets/SFX/Combat_SFX_Bundle/Cues/Sword_Hits_Blocks/Crafting_Sword_04_Cue.uasset
bulk-import-or-template-content	??	Content/Assets/SFX/Combat_SFX_Bundle/Cues/Sword_Hits_Blocks/Impact_Armour_01_Cue.uasset
bulk-import-or-template-content	??	Content/Assets/SFX/Combat_SFX_Bundle/Cues/Sword_Hits_Blocks/Impact_Armour_02_Cue.uasset
bulk-import-or-template-content	??	Content/Assets/SFX/Combat_SFX_Bundle/Cues/Sword_Hits_Blocks/Impact_Metal_01_Cue.uasset
bulk-import-or-template-content	??	Content/Assets/SFX/Combat_SFX_Bundle/Cues/Sword_Hits_Blocks/Impact_Metal_02_Cue.uasset
bulk-import-or-template-content	??	Content/Assets/SFX/Combat_SFX_Bundle/Cues/Sword_Hits_Blocks/Impact_Metal_03_Cue.uasset
bulk-import-or-template-content	??	Content/Assets/SFX/Combat_SFX_Bundle/Cues/Sword_Hits_Blocks/Impact_Metal_04_Cue.uasset
bulk-import-or-template-content	??	Content/Assets/SFX/Combat_SFX_Bundle/Cues/Sword_Hits_Blocks/Impact_Metal_05_Cue.uasset
bulk-import-or-template-content	??	Content/Assets/SFX/Combat_SFX_Bundle/Cues/Sword_Hits_Blocks/Impact_Metal_06_Cue.uasset
bulk-import-or-template-content	??	Content/Assets/SFX/Combat_SFX_Bundle/Cues/Sword_Hits_Blocks/Impact_Metal_Very_Thin_Sword_01_Cue.uasset
bulk-import-or-template-content	??	Content/Assets/SFX/Combat_SFX_Bundle/Cues/Sword_Hits_Blocks/Impact_Metal_Very_Thin_Sword_02_Cue.uasset
bulk-import-or-template-content	??	Content/Assets/SFX/Combat_SFX_Bundle/Cues/Sword_Hits_Blocks/Impact_Metal_Very_Thin_Sword_03_Cue.uasset
bulk-import-or-template-content	??	Content/Assets/SFX/Combat_SFX_Bundle/Cues/Sword_Hits_Blocks/Impact_Metal_Very_Thin_Sword_04_Cue.uasset
bulk-import-or-template-content	??	Content/Assets/SFX/Combat_SFX_Bundle/Cues/Sword_Hits_Blocks/Impact_Metal_Very_Thin_Sword_05_Cue.uasset
bulk-import-or-template-content	??	Content/Assets/SFX/Combat_SFX_Bundle/Cues/Sword_Hits_Blocks/Impact_On_Body_Soft_01_Cue.uasset
bulk-import-or-template-content	??	Content/Assets/SFX/Combat_SFX_Bundle/Cues/Sword_Hits_Blocks/Impact_On_Body_Soft_02_Cue.uasset
bulk-import-or-template-content	??	Content/Assets/SFX/Combat_SFX_Bundle/Cues/Sword_Hits_Blocks/Impact_On_Body_Soft_03_Cue.uasset
bulk-import-or-template-content	??	Content/Assets/SFX/Combat_SFX_Bundle/Cues/Sword_Hits_Blocks/Impact_On_Body_Soft_04_Cue.uasset
bulk-import-or-template-content	??	Content/Assets/SFX/Combat_SFX_Bundle/Cues/Sword_Hits_Blocks/Impact_On_Other_Sword_01_Cue.uasset
bulk-import-or-template-content	??	Content/Assets/SFX/Combat_SFX_Bundle/Cues/Sword_Hits_Blocks/Impact_On_Other_Sword_02_Cue.uasset
bulk-import-or-template-content	??	Content/Assets/SFX/Combat_SFX_Bundle/Cues/Sword_Hits_Blocks/Impact_On_Other_Sword_03_Cue.uasset
bulk-import-or-template-content	??	Content/Assets/SFX/Combat_SFX_Bundle/Cues/Sword_Hits_Blocks/Impact_On_Other_Sword_Soft_01_Cue.uasset
bulk-import-or-template-content	??	Content/Assets/SFX/Combat_SFX_Bundle/Cues/Sword_Hits_Blocks/Impact_On_Other_Sword_Soft_02_Cue.uasset
bulk-import-or-template-content	??	Content/Assets/SFX/Combat_SFX_Bundle/Cues/Sword_Hits_Blocks/Impact_On_Other_Sword_Soft_03_Cue.uasset
bulk-import-or-template-content	??	Content/Assets/SFX/Combat_SFX_Bundle/Cues/Sword_Hits_Blocks/Impact_On_Other_Sword_Soft_04_Cue.uasset
bulk-import-or-template-content	??	Content/Assets/SFX/Combat_SFX_Bundle/Cues/Sword_Hits_Blocks/Impact_Sword_Wood_01_Cue.uasset
bulk-import-or-template-content	??	Content/Assets/SFX/Combat_SFX_Bundle/Cues/Sword_Hits_Blocks/Impact_Sword_Wood_02_Cue.uasset
bulk-import-or-template-content	??	Content/Assets/SFX/Combat_SFX_Bundle/Cues/Sword_Hits_Blocks/Impact_Sword_Wood_03_Cue.uasset
bulk-import-or-template-content	??	Content/Assets/SFX/Combat_SFX_Bundle/Cues/Sword_Hits_Blocks/Impact_Sword_Wood_04_Cue.uasset
bulk-import-or-template-content	??	Content/Assets/SFX/Combat_SFX_Bundle/Cues/Sword_Hits_Blocks/Impact_Sword_Wood_05_Cue.uasset
bulk-import-or-template-content	??	Content/Assets/SFX/Combat_SFX_Bundle/Cues/Sword_Hits_Blocks/Impact_Sword_Wood_06_Cue.uasset
bulk-import-or-template-content	??	Content/Assets/SFX/Combat_SFX_Bundle/Cues/Sword_Hits_Blocks/Pack_Away_Sword_01_Cue.uasset
bulk-import-or-template-content	??	Content/Assets/SFX/Combat_SFX_Bundle/Cues/Sword_Hits_Blocks/Pack_Away_Sword_02_Cue.uasset
bulk-import-or-template-content	??	Content/Assets/SFX/Combat_SFX_Bundle/Cues/Sword_Hits_Blocks/Pack_Away_Sword_03_Cue.uasset
bulk-import-or-template-content	??	Content/Assets/SFX/Combat_SFX_Bundle/Cues/Sword_Hits_Blocks/Pierce_Enemy_01_Cue.uasset
bulk-import-or-template-content	??	Content/Assets/SFX/Combat_SFX_Bundle/Cues/Sword_Hits_Blocks/Pierce_Enemy_02_Cue.uasset
bulk-import-or-template-content	??	Content/Assets/SFX/Combat_SFX_Bundle/Cues/Sword_Hits_Blocks/Pierce_Enemy_03_Cue.uasset
bulk-import-or-template-content	??	Content/Assets/SFX/Combat_SFX_Bundle/Cues/Sword_Hits_Blocks/Pierce_Enemy_04_Cue.uasset
bulk-import-or-template-content	??	Content/Assets/SFX/Combat_SFX_Bundle/Cues/Sword_Hits_Blocks/Pierce_Enemy_05_Cue.uasset
bulk-import-or-template-content	??	Content/Assets/SFX/Combat_SFX_Bundle/Cues/Sword_Hits_Blocks/Pierce_Enemy_06_Cue.uasset
bulk-import-or-template-content	??	Content/Assets/SFX/Combat_SFX_Bundle/Cues/Sword_Hits_Blocks/Pierce_Enemy_07_Cue.uasset
bulk-import-or-template-content	??	Content/Assets/SFX/Combat_SFX_Bundle/Cues/Sword_Hits_Blocks/Pierce_Enemy_08_Cue.uasset
bulk-import-or-template-content	??	Content/Assets/SFX/Combat_SFX_Bundle/Cues/Sword_Hits_Blocks/Pierce_Enemy_09_Cue.uasset
bulk-import-or-template-content	??	Content/Assets/SFX/Combat_SFX_Bundle/Cues/Sword_Hits_Blocks/Pierce_Enemy_10_Cue.uasset
bulk-import-or-template-content	??	Content/Assets/SFX/Combat_SFX_Bundle/Cues/Sword_Hits_Blocks/Sharpen_Sword_Long_01_Cue.uasset
bulk-import-or-template-content	??	Content/Assets/SFX/Combat_SFX_Bundle/Cues/Sword_Hits_Blocks/Sharpen_Sword_Long_02_Cue.uasset
bulk-import-or-template-content	??	Content/Assets/SFX/Combat_SFX_Bundle/Cues/Sword_Hits_Blocks/Sharpen_Sword_Soft_01_Cue.uasset
bulk-import-or-template-content	??	Content/Assets/SFX/Combat_SFX_Bundle/Cues/Sword_Hits_Blocks/Sharpen_Sword_Soft_02_Cue.uasset
bulk-import-or-template-content	??	Content/Assets/SFX/Combat_SFX_Bundle/Cues/Sword_Hits_Blocks/Sharpen_Sword_Soft_03_Cue.uasset
bulk-import-or-template-content	??	Content/Assets/SFX/Combat_SFX_Bundle/Cues/Sword_Hits_Blocks/Small_Blade_Hit_01_Cue.uasset
bulk-import-or-template-content	??	Content/Assets/SFX/Combat_SFX_Bundle/Cues/Sword_Hits_Blocks/Small_Blade_Hit_02_Cue.uasset
bulk-import-or-template-content	??	Content/Assets/SFX/Combat_SFX_Bundle/Cues/Sword_Hits_Blocks/Small_Blade_Hit_03_Cue.uasset
bulk-import-or-template-content	??	Content/Assets/SFX/Combat_SFX_Bundle/Cues/Sword_Hits_Blocks/Small_Blade_Hit_04_Cue.uasset
bulk-import-or-template-content	??	Content/Assets/SFX/Combat_SFX_Bundle/Cues/Sword_Hits_Blocks/Special_Crit_01_Cue.uasset
bulk-import-or-template-content	??	Content/Assets/SFX/Combat_SFX_Bundle/Cues/Sword_Hits_Blocks/Special_Crit_02_Cue.uasset
bulk-import-or-template-content	??	Content/Assets/SFX/Combat_SFX_Bundle/Cues/Sword_Hits_Blocks/Special_Crit_03_Cue.uasset
bulk-import-or-template-content	??	Content/Assets/SFX/Combat_SFX_Bundle/Cues/Sword_Hits_Blocks/Special_Crit_04_Cue.uasset
bulk-import-or-template-content	??	Content/Assets/SFX/Combat_SFX_Bundle/Cues/Sword_Hits_Blocks/Special_Crit_05_Cue.uasset
bulk-import-or-template-content	??	Content/Assets/SFX/Combat_SFX_Bundle/Cues/Sword_Hits_Blocks/Special_Crit_06_Cue.uasset
bulk-import-or-template-content	??	Content/Assets/SFX/Combat_SFX_Bundle/Cues/Sword_Hits_Blocks/Special_Crit_07_Cue.uasset
bulk-import-or-template-content	??	Content/Assets/SFX/Combat_SFX_Bundle/Cues/Sword_Hits_Blocks/Special_Crit_08_Cue.uasset
bulk-import-or-template-content	??	Content/Assets/SFX/Combat_SFX_Bundle/Cues/Sword_Hits_Blocks/Special_Crit_09_Cue.uasset
bulk-import-or-template-content	??	Content/Assets/SFX/Combat_SFX_Bundle/Cues/Sword_Hits_Blocks/Special_Crit_Sword_VS_Sword_01_Cue.uasset
bulk-import-or-template-content	??	Content/Assets/SFX/Combat_SFX_Bundle/Cues/Sword_Hits_Blocks/Special_Crit_Sword_VS_Sword_02_Cue.uasset
bulk-import-or-template-content	??	Content/Assets/SFX/Combat_SFX_Bundle/Cues/Sword_Hits_Blocks/Special_Crit_Sword_VS_Sword_03_Cue.uasset
bulk-import-or-template-content	??	Content/Assets/SFX/Combat_SFX_Bundle/Cues/Sword_Hits_Blocks/Sword_Aggressive_Impact_01_Cue.uasset
bulk-import-or-template-content	??	Content/Assets/SFX/Combat_SFX_Bundle/Cues/Sword_Hits_Blocks/Sword_Aggressive_Impact_02_Cue.uasset
bulk-import-or-template-content	??	Content/Assets/SFX/Combat_SFX_Bundle/Cues/Sword_Hits_Blocks/Sword_Aggressive_Impact_03_Cue.uasset
bulk-import-or-template-content	??	Content/Assets/SFX/Combat_SFX_Bundle/Cues/Sword_Hits_Blocks/Sword_Aggressive_Impact_04_Cue.uasset
bulk-import-or-template-content	??	Content/Assets/SFX/Combat_SFX_Bundle/Cues/Sword_Hits_Blocks/Sword_Double_Hard_Impact_01_Cue.uasset
bulk-import-or-template-content	??	Content/Assets/SFX/Combat_SFX_Bundle/Cues/Sword_Hits_Blocks/Sword_Double_Hard_Impact_02_Cue.uasset
bulk-import-or-template-content	??	Content/Assets/SFX/Combat_SFX_Bundle/Cues/Sword_Hits_Blocks/Sword_Double_Hard_Impact_03_Cue.uasset
bulk-import-or-template-content	??	Content/Assets/SFX/Combat_SFX_Bundle/Cues/Sword_Hits_Blocks/Sword_Double_Hard_Impact_04_Cue.uasset
bulk-import-or-template-content	??	Content/Assets/SFX/Combat_SFX_Bundle/Cues/Sword_Hits_Blocks/Sword_Double_Hard_Impact_05_Cue.uasset
bulk-import-or-template-content	??	Content/Assets/SFX/Combat_SFX_Bundle/Cues/Sword_Hits_Blocks/Sword_VS_Sword_Hit_01_Cue.uasset
bulk-import-or-template-content	??	Content/Assets/SFX/Combat_SFX_Bundle/Cues/Sword_Hits_Blocks/Sword_VS_Sword_Hit_02_Cue.uasset
bulk-import-or-template-content	??	Content/Assets/SFX/Combat_SFX_Bundle/Cues/Sword_Hits_Blocks/Sword_VS_Sword_Hit_03_Cue.uasset
bulk-import-or-template-content	??	Content/Assets/SFX/Combat_SFX_Bundle/Cues/Sword_Hits_Blocks/Sword_VS_Sword_Hit_04_Cue.uasset
bulk-import-or-template-content	??	Content/Assets/SFX/Combat_SFX_Bundle/Cues/Sword_Hits_Blocks/Sword_VS_Sword_Hit_05_Cue.uasset
bulk-import-or-template-content	??	Content/Assets/SFX/Combat_SFX_Bundle/Cues/Sword_Hits_Blocks/Sword_VS_Sword_Hit_06_Cue.uasset
bulk-import-or-template-content	??	Content/Assets/SFX/Combat_SFX_Bundle/Cues/Sword_Hits_Blocks/Sword_VS_Sword_Hit_07_Cue.uasset
bulk-import-or-template-content	??	Content/Assets/SFX/Combat_SFX_Bundle/Cues/Sword_Hits_Blocks/Sword_VS_Sword_Hit_08_Cue.uasset
bulk-import-or-template-content	??	Content/Assets/SFX/Combat_SFX_Bundle/Cues/Sword_Hits_Blocks/Sword_VS_Sword_Hit_09_Cue.uasset
bulk-import-or-template-content	??	Content/Assets/SFX/Combat_SFX_Bundle/Cues/Sword_Hits_Blocks/Sword_VS_Sword_Hit_10_Cue.uasset
bulk-import-or-template-content	??	Content/Assets/SFX/Combat_SFX_Bundle/Cues/Sword_Hits_Blocks/Take_Out_Small_Blade_01_Cue.uasset
bulk-import-or-template-content	??	Content/Assets/SFX/Combat_SFX_Bundle/Cues/Sword_Hits_Blocks/Take_Out_Small_Blade_02_Cue.uasset
bulk-import-or-template-content	??	Content/Assets/SFX/Combat_SFX_Bundle/Cues/Sword_Hits_Blocks/Take_Out_Small_Blade_03_Cue.uasset
bulk-import-or-template-content	??	Content/Assets/SFX/Combat_SFX_Bundle/Cues/Sword_Hits_Blocks/Take_Out_Sword_01_Cue.uasset
bulk-import-or-template-content	??	Content/Assets/SFX/Combat_SFX_Bundle/Cues/Sword_Hits_Blocks/Take_Out_Sword_02_Cue.uasset
bulk-import-or-template-content	??	Content/Assets/SFX/Combat_SFX_Bundle/Cues/Sword_Hits_Blocks/Take_Out_Sword_03_Cue.uasset
bulk-import-or-template-content	??	Content/Assets/SFX/Combat_SFX_Bundle/Cues/Sword_Hits_Blocks/Take_Out_Sword_04_Cue.uasset
bulk-import-or-template-content	??	Content/Assets/SFX/Combat_SFX_Bundle/Cues/Sword_Hits_Blocks/Take_Sword_Cue.uasset
bulk-import-or-template-content	??	Content/Assets/SFX/Combat_SFX_Bundle/Cues/Sword_Hits_Blocks/Thin_Sword_High_Intensity_Impact_01_Cue.uasset
bulk-import-or-template-content	??	Content/Assets/SFX/Combat_SFX_Bundle/Cues/Sword_Hits_Blocks/Thin_Sword_High_Intensity_Impact_02_Cue.uasset
bulk-import-or-template-content	??	Content/Assets/SFX/Combat_SFX_Bundle/Cues/Sword_Hits_Blocks/Thin_Sword_High_Intensity_Impact_03_Cue.uasset
bulk-import-or-template-content	??	Content/Assets/SFX/Combat_SFX_Bundle/Cues/Sword_Hits_Blocks/Thin_Sword_Medium_Intensity_Double_Hit_01_Cue.uasset
bulk-import-or-template-content	??	Content/Assets/SFX/Combat_SFX_Bundle/Cues/Sword_Hits_Blocks/Thin_Sword_Medium_Intensity_Double_Hit_02_Cue.uasset
bulk-import-or-template-content	??	Content/Assets/SFX/Combat_SFX_Bundle/Cues/Sword_Hits_Blocks/Thin_Sword_Medium_Intensity_Double_Hit_03_Cue.uasset
bulk-import-or-template-content	??	Content/Assets/SFX/Combat_SFX_Bundle/Cues/Sword_Hits_Blocks/Thin_Sword_Medium_Intensity_Double_Hit_04_Cue.uasset
bulk-import-or-template-content	??	Content/Assets/SFX/Combat_SFX_Bundle/Cues/Sword_Hits_Blocks/Thin_Sword_Medium_Intensity_Double_Hit_05_Cue.uasset
bulk-import-or-template-content	??	Content/Assets/SFX/Combat_SFX_Bundle/Cues/Sword_Hits_Blocks/Thin_Sword_Medium_Intensity_Double_Hit_06_Cue.uasset
bulk-import-or-template-content	??	Content/Assets/SFX/Combat_SFX_Bundle/Cues/Sword_Hits_Blocks/Thin_Sword_Medium_Intensity_Impact_01_Cue.uasset
bulk-import-or-template-content	??	Content/Assets/SFX/Combat_SFX_Bundle/Cues/Sword_Hits_Blocks/Thin_Sword_Medium_Intensity_Impact_02_Cue.uasset
bulk-import-or-template-content	??	Content/Assets/SFX/Combat_SFX_Bundle/Cues/Sword_Hits_Blocks/Thin_Sword_Medium_Intensity_Impact_03_Cue.uasset
bulk-import-or-template-content	??	Content/Assets/SFX/Combat_SFX_Bundle/Cues/Sword_Hits_Blocks/Thin_Sword_Medium_Intensity_Impact_04_Cue.uasset
bulk-import-or-template-content	??	Content/Assets/SFX/Combat_SFX_Bundle/Cues/Sword_Hits_Blocks/Thin_Sword_Medium_Intensity_Impact_05_Cue.uasset
bulk-import-or-template-content	??	Content/Assets/SFX/Combat_SFX_Bundle/Cues/Sword_Hits_Blocks/Thin_Sword_Medium_Intensity_Impact_06_Cue.uasset
bulk-import-or-template-content	??	Content/Assets/SFX/Combat_SFX_Bundle/Cues/Sword_Hits_Blocks/Thin_Sword_Slide_Impact_01_Cue.uasset
bulk-import-or-template-content	??	Content/Assets/SFX/Combat_SFX_Bundle/Cues/Sword_Hits_Blocks/Thin_Sword_Slide_Impact_02_Cue.uasset
bulk-import-or-template-content	??	Content/Assets/SFX/Combat_SFX_Bundle/Cues/Sword_Hits_Blocks/Thin_Sword_Slide_Impact_03_Cue.uasset
bulk-import-or-template-content	??	Content/Assets/SFX/Combat_SFX_Bundle/Cues/Sword_Hits_Blocks/Thin_Sword_Soft_Impact_01_Cue.uasset
bulk-import-or-template-content	??	Content/Assets/SFX/Combat_SFX_Bundle/Cues/Sword_Hits_Blocks/Thin_Sword_Soft_Impact_02_Cue.uasset
bulk-import-or-template-content	??	Content/Assets/SFX/Combat_SFX_Bundle/Cues/Sword_Hits_Blocks/Thin_Sword_Soft_Impact_03_Cue.uasset
bulk-import-or-template-content	??	Content/Assets/SFX/Combat_SFX_Bundle/Cues/Sword_Hits_Blocks/Thin_Sword_Soft_Impact_04_Cue.uasset
bulk-import-or-template-content	??	Content/Assets/SFX/Combat_SFX_Bundle/Cues/Sword_Hits_Blocks/Thin_Sword_Soft_Impact_05_Cue.uasset
bulk-import-or-template-content	??	Content/Assets/SFX/Combat_SFX_Bundle/Cues/Sword_Hits_Blocks/UI_01_Cue.uasset
bulk-import-or-template-content	??	Content/Assets/SFX/Combat_SFX_Bundle/Cues/Sword_Hits_Blocks/UI_02_Cue.uasset
bulk-import-or-template-content	??	Content/Assets/SFX/Combat_SFX_Bundle/Cues/Sword_Hits_Blocks/UI_03_Cue.uasset
bulk-import-or-template-content	??	Content/Assets/SFX/Combat_SFX_Bundle/Cues/Sword_Hits_Blocks/UI_Buy_Sword_Cue.uasset
bulk-import-or-template-content	??	Content/Assets/SFX/Combat_SFX_Bundle/Cues/Sword_Hits_Blocks/Whoosh_Big_Sword_01_Cue.uasset
bulk-import-or-template-content	??	Content/Assets/SFX/Combat_SFX_Bundle/Cues/Sword_Hits_Blocks/Whoosh_Big_Sword_02_Cue.uasset
bulk-import-or-template-content	??	Content/Assets/SFX/Combat_SFX_Bundle/Cues/Sword_Hits_Blocks/Whoosh_Big_Sword_03_Cue.uasset
bulk-import-or-template-content	??	Content/Assets/SFX/Combat_SFX_Bundle/Cues/Sword_Hits_Blocks/Whoosh_Big_Sword_04_Cue.uasset
bulk-import-or-template-content	??	Content/Assets/SFX/Combat_SFX_Bundle/Cues/Sword_Hits_Blocks/Whoosh_Standard_Sword_01_Cue.uasset
bulk-import-or-template-content	??	Content/Assets/SFX/Combat_SFX_Bundle/Cues/Sword_Hits_Blocks/Whoosh_Standard_Sword_02_Cue.uasset
bulk-import-or-template-content	??	Content/Assets/SFX/Combat_SFX_Bundle/Cues/Sword_Hits_Blocks/Whoosh_Standard_Sword_03_Cue.uasset
bulk-import-or-template-content	??	Content/Assets/SFX/Combat_SFX_Bundle/WAV/Blood/Blood_Dripping_01.uasset
bulk-import-or-template-content	??	Content/Assets/SFX/Combat_SFX_Bundle/WAV/Blood/Blood_Dripping_02.uasset
bulk-import-or-template-content	??	Content/Assets/SFX/Combat_SFX_Bundle/WAV/Blood/Blood_Dripping_03.uasset
bulk-import-or-template-content	??	Content/Assets/SFX/Combat_SFX_Bundle/WAV/Blood/Blood_Dripping_04.uasset
bulk-import-or-template-content	??	Content/Assets/SFX/Combat_SFX_Bundle/WAV/Blood/Blood_Dripping_Loop_01.uasset
bulk-import-or-template-content	??	Content/Assets/SFX/Combat_SFX_Bundle/WAV/Blood/Blood_Dripping_Loop_02.uasset
bulk-import-or-template-content	??	Content/Assets/SFX/Combat_SFX_Bundle/WAV/Blood/Blood_Dripping_Slow_Loop_01.uasset
bulk-import-or-template-content	??	Content/Assets/SFX/Combat_SFX_Bundle/WAV/Blood/Blood_Dripping_Slow_Loop_02.uasset
bulk-import-or-template-content	??	Content/Assets/SFX/Combat_SFX_Bundle/WAV/Blood/Blood_Eating_01.uasset
bulk-import-or-template-content	??	Content/Assets/SFX/Combat_SFX_Bundle/WAV/Blood/Blood_Eating_02.uasset
bulk-import-or-template-content	??	Content/Assets/SFX/Combat_SFX_Bundle/WAV/Blood/Blood_Eating_03.uasset
bulk-import-or-template-content	??	Content/Assets/SFX/Combat_SFX_Bundle/WAV/Blood/Blood_Fall_After_Big_Wound_01.uasset
bulk-import-or-template-content	??	Content/Assets/SFX/Combat_SFX_Bundle/WAV/Blood/Blood_Fall_After_Big_Wound_02.uasset
bulk-import-or-template-content	??	Content/Assets/SFX/Combat_SFX_Bundle/WAV/Blood/Blood_Fall_After_Big_Wound_03.uasset
bulk-import-or-template-content	??	Content/Assets/SFX/Combat_SFX_Bundle/WAV/Blood/Blood_Fall_After_Big_Wound_04.uasset
bulk-import-or-template-content	??	Content/Assets/SFX/Combat_SFX_Bundle/WAV/Blood/Blood_Fall_After_Wound_01.uasset
bulk-import-or-template-content	??	Content/Assets/SFX/Combat_SFX_Bundle/WAV/Blood/Blood_Fall_After_Wound_02.uasset
bulk-import-or-template-content	??	Content/Assets/SFX/Combat_SFX_Bundle/WAV/Blood/Blood_Fall_After_Wound_03.uasset
bulk-import-or-template-content	??	Content/Assets/SFX/Combat_SFX_Bundle/WAV/Blood/Blood_Loop_01.uasset
bulk-import-or-template-content	??	Content/Assets/SFX/Combat_SFX_Bundle/WAV/Blood/Blood_Loop_02.uasset
bulk-import-or-template-content	??	Content/Assets/SFX/Combat_SFX_Bundle/WAV/Blood/Blood_Loop_03.uasset
bulk-import-or-template-content	??	Content/Assets/SFX/Combat_SFX_Bundle/WAV/Blood/Blood_Spill_01.uasset
bulk-import-or-template-content	??	Content/Assets/SFX/Combat_SFX_Bundle/WAV/Blood/Blood_Spill_02.uasset
bulk-import-or-template-content	??	Content/Assets/SFX/Combat_SFX_Bundle/WAV/Blood/Blood_Spill_03.uasset
bulk-import-or-template-content	??	Content/Assets/SFX/Combat_SFX_Bundle/WAV/Blood/Blood_Splash_Quick_01.uasset
bulk-import-or-template-content	??	Content/Assets/SFX/Combat_SFX_Bundle/WAV/Blood/Blood_Splash_Quick_02.uasset
bulk-import-or-template-content	??	Content/Assets/SFX/Combat_SFX_Bundle/WAV/Blood/Blood_Splash_Quick_03.uasset
bulk-import-or-template-content	??	Content/Assets/SFX/Combat_SFX_Bundle/WAV/Blood/Blood_Squeeze_01.uasset
bulk-import-or-template-content	??	Content/Assets/SFX/Combat_SFX_Bundle/WAV/Blood/Blood_Squeeze_02.uasset
bulk-import-or-template-content	??	Content/Assets/SFX/Combat_SFX_Bundle/WAV/Blood/Blood_Squeeze_03.uasset
bulk-import-or-template-content	??	Content/Assets/SFX/Combat_SFX_Bundle/WAV/Blood/Blood_Squelch_01.uasset
bulk-import-or-template-content	??	Content/Assets/SFX/Combat_SFX_Bundle/WAV/Blood/Blood_Squelch_02.uasset
bulk-import-or-template-content	??	Content/Assets/SFX/Combat_SFX_Bundle/WAV/Blood/Blood_Squelch_03.uasset
bulk-import-or-template-content	??	Content/Assets/SFX/Combat_SFX_Bundle/WAV/Blood/Blood_Squirt_01.uasset
bulk-import-or-template-content	??	Content/Assets/SFX/Combat_SFX_Bundle/WAV/Blood/Blood_Squirt_02.uasset
bulk-import-or-template-content	??	Content/Assets/SFX/Combat_SFX_Bundle/WAV/Blood/BloodBath_01.uasset
bulk-import-or-template-content	??	Content/Assets/SFX/Combat_SFX_Bundle/WAV/Blood/BloodBath_02.uasset
bulk-import-or-template-content	??	Content/Assets/SFX/Combat_SFX_Bundle/WAV/Blood/Dismembering_01.uasset
bulk-import-or-template-content	??	Content/Assets/SFX/Combat_SFX_Bundle/WAV/Blood/Dismembering_02.uasset
bulk-import-or-template-content	??	Content/Assets/SFX/Combat_SFX_Bundle/WAV/Blood/Dismembering_03.uasset
bulk-import-or-template-content	??	Content/Assets/SFX/Combat_SFX_Bundle/WAV/Blood/Explosion_Blood_01.uasset
bulk-import-or-template-content	??	Content/Assets/SFX/Combat_SFX_Bundle/WAV/Blood/Explosion_Blood_02.uasset
bulk-import-or-template-content	??	Content/Assets/SFX/Combat_SFX_Bundle/WAV/Blood/Explosion_Blood_03.uasset
bulk-import-or-template-content	??	Content/Assets/SFX/Combat_SFX_Bundle/WAV/Blood/Explosion_Blood_04.uasset
bulk-import-or-template-content	??	Content/Assets/SFX/Combat_SFX_Bundle/WAV/Blood/Explosion_Blood_05.uasset
bulk-import-or-template-content	??	Content/Assets/SFX/Combat_SFX_Bundle/WAV/Blood/Explosion_Blood_06.uasset
bulk-import-or-template-content	??	Content/Assets/SFX/Combat_SFX_Bundle/WAV/Blood/Flesh_01.uasset
bulk-import-or-template-content	??	Content/Assets/SFX/Combat_SFX_Bundle/WAV/Blood/Flesh_02.uasset
bulk-import-or-template-content	??	Content/Assets/SFX/Combat_SFX_Bundle/WAV/Blood/Flesh_03.uasset
bulk-import-or-template-content	??	Content/Assets/SFX/Combat_SFX_Bundle/WAV/Blood/Footstep_Blood_01.uasset
bulk-import-or-template-content	??	Content/Assets/SFX/Combat_SFX_Bundle/WAV/Blood/Footstep_Blood_02.uasset
bulk-import-or-template-content	??	Content/Assets/SFX/Combat_SFX_Bundle/WAV/Blood/Footstep_Blood_03.uasset
bulk-import-or-template-content	??	Content/Assets/SFX/Combat_SFX_Bundle/WAV/Blood/Footstep_Blood_04.uasset
bulk-import-or-template-content	??	Content/Assets/SFX/Combat_SFX_Bundle/WAV/Blood/Footstep_Blood_05.uasset
bulk-import-or-template-content	??	Content/Assets/SFX/Combat_SFX_Bundle/WAV/Blood/Footstep_Blood_06.uasset
bulk-import-or-template-content	??	Content/Assets/SFX/Combat_SFX_Bundle/WAV/Blood/Footstep_Blood_07.uasset
bulk-import-or-template-content	??	Content/Assets/SFX/Combat_SFX_Bundle/WAV/Blood/Hit_Then_Blood_01.uasset
bulk-import-or-template-content	??	Content/Assets/SFX/Combat_SFX_Bundle/WAV/Blood/Hit_Then_Blood_02.uasset
bulk-import-or-template-content	??	Content/Assets/SFX/Combat_SFX_Bundle/WAV/Blood/Hit_Then_Blood_03.uasset
bulk-import-or-template-content	??	Content/Assets/SFX/Combat_SFX_Bundle/WAV/Blood/Hit_Then_Blood_04.uasset
bulk-import-or-template-content	??	Content/Assets/SFX/Combat_SFX_Bundle/WAV/Blood/Hit_Then_Blood_05.uasset
bulk-import-or-template-content	??	Content/Assets/SFX/Combat_SFX_Bundle/WAV/Blood/Hit_Then_Blood_Critical.uasset
bulk-import-or-template-content	??	Content/Assets/SFX/Combat_SFX_Bundle/WAV/Blood/Intestines_Falling_01.uasset
bulk-import-or-template-content	??	Content/Assets/SFX/Combat_SFX_Bundle/WAV/Blood/Intestines_Falling_02.uasset
bulk-import-or-template-content	??	Content/Assets/SFX/Combat_SFX_Bundle/WAV/Blood/Intestines_Falling_03.uasset
bulk-import-or-template-content	??	Content/Assets/SFX/Combat_SFX_Bundle/WAV/Blood/Magic_Blood_Spell_01.uasset
bulk-import-or-template-content	??	Content/Assets/SFX/Combat_SFX_Bundle/WAV/Blood/Magic_Blood_Spell_02_Quick.uasset
bulk-import-or-template-content	??	Content/Assets/SFX/Combat_SFX_Bundle/WAV/Blood/Magic_Blood_Spell_03.uasset
bulk-import-or-template-content	??	Content/Assets/SFX/Combat_SFX_Bundle/WAV/Blood/Magic_Blood_Spell_04.uasset
bulk-import-or-template-content	??	Content/Assets/SFX/Combat_SFX_Bundle/WAV/Blood/Magic_Blood_Spell_05.uasset
bulk-import-or-template-content	??	Content/Assets/SFX/Combat_SFX_Bundle/WAV/Blood/Magic_Blood_Spell_06.uasset
bulk-import-or-template-content	??	Content/Assets/SFX/Combat_SFX_Bundle/WAV/Blood/Magic_Blood_Spell_07_quick.uasset
bulk-import-or-template-content	??	Content/Assets/SFX/Combat_SFX_Bundle/WAV/Blood/Magic_Blood_Spell_08.uasset
bulk-import-or-template-content	??	Content/Assets/SFX/Combat_SFX_Bundle/WAV/Blood/Magic_Blood_Spell_09.uasset
bulk-import-or-template-content	??	Content/Assets/SFX/Combat_SFX_Bundle/WAV/Blood/Magic_Blood_Spell_10.uasset
bulk-import-or-template-content	??	Content/Assets/SFX/Combat_SFX_Bundle/WAV/Blood/Magic_Blood_Spell_11.uasset
bulk-import-or-template-content	??	Content/Assets/SFX/Combat_SFX_Bundle/WAV/Blood/Organ_Broken_01.uasset
bulk-import-or-template-content	??	Content/Assets/SFX/Combat_SFX_Bundle/WAV/Blood/Organ_Broken_02.uasset
bulk-import-or-template-content	??	Content/Assets/SFX/Combat_SFX_Bundle/WAV/Blood/Organ_Broken_03.uasset
bulk-import-or-template-content	??	Content/Assets/SFX/Combat_SFX_Bundle/WAV/Blood/Punch_With_Blood_01.uasset
bulk-import-or-template-content	??	Content/Assets/SFX/Combat_SFX_Bundle/WAV/Blood/Punch_With_Blood_02.uasset
bulk-import-or-template-content	??	Content/Assets/SFX/Combat_SFX_Bundle/WAV/Blood/Punch_With_Blood_03.uasset
bulk-import-or-template-content	??	Content/Assets/SFX/Combat_SFX_Bundle/WAV/Blood/Punch_With_Blood_04.uasset
bulk-import-or-template-content	??	Content/Assets/SFX/Combat_SFX_Bundle/WAV/Blood/Slice.uasset
bulk-import-or-template-content	??	Content/Assets/SFX/Combat_SFX_Bundle/WAV/Blood/Stab_01.uasset
bulk-import-or-template-content	??	Content/Assets/SFX/Combat_SFX_Bundle/WAV/Blood/Stab_02.uasset
bulk-import-or-template-content	??	Content/Assets/SFX/Combat_SFX_Bundle/WAV/Blood/Stab_03.uasset
bulk-import-or-template-content	??	Content/Assets/SFX/Combat_SFX_Bundle/WAV/Blood/Stab_With_Intestines_Falling_01.uasset
bulk-import-or-template-content	??	Content/Assets/SFX/Combat_SFX_Bundle/WAV/Blood/Stab_With_Intestines_Falling_02.uasset
bulk-import-or-template-content	??	Content/Assets/SFX/Combat_SFX_Bundle/WAV/Blood/Stab_With_Intestines_Falling_03.uasset
bulk-import-or-template-content	??	Content/Assets/SFX/Combat_SFX_Bundle/WAV/Blood/Stab_With_Intestines_Falling_04.uasset
bulk-import-or-template-content	??	Content/Assets/SFX/Combat_SFX_Bundle/WAV/Blood/Stab_With_Lot_Of_Blood_01.uasset
bulk-import-or-template-content	??	Content/Assets/SFX/Combat_SFX_Bundle/WAV/Blood/Stab_With_Lot_Of_Blood_02.uasset
bulk-import-or-template-content	??	Content/Assets/SFX/Combat_SFX_Bundle/WAV/Blood/Stab_With_Lot_Of_Blood_03.uasset
bulk-import-or-template-content	??	Content/Assets/SFX/Combat_SFX_Bundle/WAV/Blood/Sword_Stab_With_Blood_01.uasset
bulk-import-or-template-content	??	Content/Assets/SFX/Combat_SFX_Bundle/WAV/Blood/Sword_Stab_With_Blood_02.uasset
bulk-import-or-template-content	??	Content/Assets/SFX/Combat_SFX_Bundle/WAV/Blood/Vampire_Drinking_Blood_01.uasset
bulk-import-or-template-content	??	Content/Assets/SFX/Combat_SFX_Bundle/WAV/Blood/Vampire_Drinking_Blood_02.uasset
bulk-import-or-template-content	??	Content/Assets/SFX/Combat_SFX_Bundle/WAV/Blood/Vampire_Drinking_Blood_03.uasset
bulk-import-or-template-content	??	Content/Assets/SFX/Combat_SFX_Bundle/WAV/Blood/Zombie_Eating_Brain_01.uasset
bulk-import-or-template-content	??	Content/Assets/SFX/Combat_SFX_Bundle/WAV/Blood/Zombie_Eating_Brain_02.uasset
bulk-import-or-template-content	??	Content/Assets/SFX/Combat_SFX_Bundle/WAV/Blood/Zombie_Eating_Brain_03.uasset
bulk-import-or-template-content	??	Content/Assets/SFX/Combat_SFX_Bundle/WAV/Combat_Sounds_Weapons_And_Spells/Arrow_Hit_Wood_01.uasset
bulk-import-or-template-content	??	Content/Assets/SFX/Combat_SFX_Bundle/WAV/Combat_Sounds_Weapons_And_Spells/Arrow_Hit_Wood_02.uasset
bulk-import-or-template-content	??	Content/Assets/SFX/Combat_SFX_Bundle/WAV/Combat_Sounds_Weapons_And_Spells/Arrow_Hit_Wood_03.uasset
bulk-import-or-template-content	??	Content/Assets/SFX/Combat_SFX_Bundle/WAV/Combat_Sounds_Weapons_And_Spells/Arrow_Hit_Wood_04.uasset
bulk-import-or-template-content	??	Content/Assets/SFX/Combat_SFX_Bundle/WAV/Combat_Sounds_Weapons_And_Spells/Arrow_Hit_Wood_05.uasset
bulk-import-or-template-content	??	Content/Assets/SFX/Combat_SFX_Bundle/WAV/Combat_Sounds_Weapons_And_Spells/BigHammer_Impact_01.uasset
bulk-import-or-template-content	??	Content/Assets/SFX/Combat_SFX_Bundle/WAV/Combat_Sounds_Weapons_And_Spells/BigHammer_Impact_02.uasset
bulk-import-or-template-content	??	Content/Assets/SFX/Combat_SFX_Bundle/WAV/Combat_Sounds_Weapons_And_Spells/BigHammer_Impact_03.uasset
bulk-import-or-template-content	??	Content/Assets/SFX/Combat_SFX_Bundle/WAV/Combat_Sounds_Weapons_And_Spells/BigSword_Whoosh_01.uasset
bulk-import-or-template-content	??	Content/Assets/SFX/Combat_SFX_Bundle/WAV/Combat_Sounds_Weapons_And_Spells/BigSword_Whoosh_02.uasset
bulk-import-or-template-content	??	Content/Assets/SFX/Combat_SFX_Bundle/WAV/Combat_Sounds_Weapons_And_Spells/Bow_Pull_Back_01.uasset
bulk-import-or-template-content	??	Content/Assets/SFX/Combat_SFX_Bundle/WAV/Combat_Sounds_Weapons_And_Spells/Bow_Pull_Back_02.uasset
bulk-import-or-template-content	??	Content/Assets/SFX/Combat_SFX_Bundle/WAV/Combat_Sounds_Weapons_And_Spells/Bow_Pull_Back_03.uasset
bulk-import-or-template-content	??	Content/Assets/SFX/Combat_SFX_Bundle/WAV/Combat_Sounds_Weapons_And_Spells/Bow_Pull_Back_04.uasset
bulk-import-or-template-content	??	Content/Assets/SFX/Combat_SFX_Bundle/WAV/Combat_Sounds_Weapons_And_Spells/Bow_Pull_Back_05.uasset
bulk-import-or-template-content	??	Content/Assets/SFX/Combat_SFX_Bundle/WAV/Combat_Sounds_Weapons_And_Spells/Impact_Punch_01.uasset
bulk-import-or-template-content	??	Content/Assets/SFX/Combat_SFX_Bundle/WAV/Combat_Sounds_Weapons_And_Spells/Impact_Punch_02.uasset
bulk-import-or-template-content	??	Content/Assets/SFX/Combat_SFX_Bundle/WAV/Combat_Sounds_Weapons_And_Spells/Impact_Punch_03.uasset
bulk-import-or-template-content	??	Content/Assets/SFX/Combat_SFX_Bundle/WAV/Combat_Sounds_Weapons_And_Spells/Impact_Punch_04.uasset
bulk-import-or-template-content	??	Content/Assets/SFX/Combat_SFX_Bundle/WAV/Combat_Sounds_Weapons_And_Spells/Impact_Punch_05.uasset
bulk-import-or-template-content	??	Content/Assets/SFX/Combat_SFX_Bundle/WAV/Combat_Sounds_Weapons_And_Spells/Impact_Punch_Soft_01.uasset
bulk-import-or-template-content	??	Content/Assets/SFX/Combat_SFX_Bundle/WAV/Combat_Sounds_Weapons_And_Spells/Impact_Punch_Soft_02.uasset
bulk-import-or-template-content	??	Content/Assets/SFX/Combat_SFX_Bundle/WAV/Combat_Sounds_Weapons_And_Spells/Impact_Punch_Soft_03.uasset
bulk-import-or-template-content	??	Content/Assets/SFX/Combat_SFX_Bundle/WAV/Combat_Sounds_Weapons_And_Spells/Impact_Punch_Soft_04.uasset
bulk-import-or-template-content	??	Content/Assets/SFX/Combat_SFX_Bundle/WAV/Combat_Sounds_Weapons_And_Spells/Impact_Punch_With_Blood_01.uasset
bulk-import-or-template-content	??	Content/Assets/SFX/Combat_SFX_Bundle/WAV/Combat_Sounds_Weapons_And_Spells/Impact_Punch_With_Blood_02.uasset
bulk-import-or-template-content	??	Content/Assets/SFX/Combat_SFX_Bundle/WAV/Combat_Sounds_Weapons_And_Spells/Impact_Punch_With_Blood_03.uasset
bulk-import-or-template-content	??	Content/Assets/SFX/Combat_SFX_Bundle/WAV/Combat_Sounds_Weapons_And_Spells/Impact_Punch_With_Blood_04.uasset
bulk-import-or-template-content	??	Content/Assets/SFX/Combat_SFX_Bundle/WAV/Combat_Sounds_Weapons_And_Spells/Impact_Punch_With_Blood_05.uasset
bulk-import-or-template-content	??	Content/Assets/SFX/Combat_SFX_Bundle/WAV/Combat_Sounds_Weapons_And_Spells/Impact_Punch_With_Blood_06.uasset
bulk-import-or-template-content	??	Content/Assets/SFX/Combat_SFX_Bundle/WAV/Combat_Sounds_Weapons_And_Spells/Impact_Punch_With_Blood_07.uasset
bulk-import-or-template-content	??	Content/Assets/SFX/Combat_SFX_Bundle/WAV/Combat_Sounds_Weapons_And_Spells/Impact_Sword_Crit_01.uasset
bulk-import-or-template-content	??	Content/Assets/SFX/Combat_SFX_Bundle/WAV/Combat_Sounds_Weapons_And_Spells/Impact_Sword_Crit_02.uasset
bulk-import-or-template-content	??	Content/Assets/SFX/Combat_SFX_Bundle/WAV/Combat_Sounds_Weapons_And_Spells/Impact_Sword_Parry_01.uasset
bulk-import-or-template-content	??	Content/Assets/SFX/Combat_SFX_Bundle/WAV/Combat_Sounds_Weapons_And_Spells/Impact_Sword_Parry_02.uasset
bulk-import-or-template-content	??	Content/Assets/SFX/Combat_SFX_Bundle/WAV/Combat_Sounds_Weapons_And_Spells/Impact_Sword_Parry_03.uasset
bulk-import-or-template-content	??	Content/Assets/SFX/Combat_SFX_Bundle/WAV/Combat_Sounds_Weapons_And_Spells/Impact_Sword_Parry_04.uasset
bulk-import-or-template-content	??	Content/Assets/SFX/Combat_SFX_Bundle/WAV/Combat_Sounds_Weapons_And_Spells/Impact_Sword_Parry_05.uasset
bulk-import-or-template-content	??	Content/Assets/SFX/Combat_SFX_Bundle/WAV/Combat_Sounds_Weapons_And_Spells/Impact_Sword_To_Armour_Chain_01.uasset
bulk-import-or-template-content	??	Content/Assets/SFX/Combat_SFX_Bundle/WAV/Combat_Sounds_Weapons_And_Spells/Impact_Sword_To_Armour_Chain_02.uasset
bulk-import-or-template-content	??	Content/Assets/SFX/Combat_SFX_Bundle/WAV/Combat_Sounds_Weapons_And_Spells/Impact_Sword_To_Armour_Chain_03.uasset
bulk-import-or-template-content	??	Content/Assets/SFX/Combat_SFX_Bundle/WAV/Combat_Sounds_Weapons_And_Spells/Impact_Sword_To_Armour_Chain_04.uasset
bulk-import-or-template-content	??	Content/Assets/SFX/Combat_SFX_Bundle/WAV/Combat_Sounds_Weapons_And_Spells/Impact_Sword_To_Armour_Chain_05.uasset
bulk-import-or-template-content	??	Content/Assets/SFX/Combat_SFX_Bundle/WAV/Combat_Sounds_Weapons_And_Spells/Impact_Sword_To_Body_01.uasset
bulk-import-or-template-content	??	Content/Assets/SFX/Combat_SFX_Bundle/WAV/Combat_Sounds_Weapons_And_Spells/Impact_Sword_To_Body_02.uasset
bulk-import-or-template-content	??	Content/Assets/SFX/Combat_SFX_Bundle/WAV/Combat_Sounds_Weapons_And_Spells/Impact_Sword_To_Body_03.uasset
bulk-import-or-template-content	??	Content/Assets/SFX/Combat_SFX_Bundle/WAV/Combat_Sounds_Weapons_And_Spells/Impact_Sword_To_Body_04.uasset
bulk-import-or-template-content	??	Content/Assets/SFX/Combat_SFX_Bundle/WAV/Combat_Sounds_Weapons_And_Spells/Impact_Sword_To_Body_05.uasset
bulk-import-or-template-content	??	Content/Assets/SFX/Combat_SFX_Bundle/WAV/Combat_Sounds_Weapons_And_Spells/Impact_Sword_To_PlateArmour_01.uasset
bulk-import-or-template-content	??	Content/Assets/SFX/Combat_SFX_Bundle/WAV/Combat_Sounds_Weapons_And_Spells/Impact_Sword_To_PlateArmour_02.uasset
bulk-import-or-template-content	??	Content/Assets/SFX/Combat_SFX_Bundle/WAV/Combat_Sounds_Weapons_And_Spells/Impact_Sword_To_PlateArmour_03.uasset
bulk-import-or-template-content	??	Content/Assets/SFX/Combat_SFX_Bundle/WAV/Combat_Sounds_Weapons_And_Spells/Impact_Sword_To_PlateArmour_04.uasset
bulk-import-or-template-content	??	Content/Assets/SFX/Combat_SFX_Bundle/WAV/Combat_Sounds_Weapons_And_Spells/Impact_Sword_To_PlateArmour_05.uasset
bulk-import-or-template-content	??	Content/Assets/SFX/Combat_SFX_Bundle/WAV/Combat_Sounds_Weapons_And_Spells/Impact_Sword_To_Shield_01.uasset
bulk-import-or-template-content	??	Content/Assets/SFX/Combat_SFX_Bundle/WAV/Combat_Sounds_Weapons_And_Spells/Impact_Sword_To_Shield_02.uasset
bulk-import-or-template-content	??	Content/Assets/SFX/Combat_SFX_Bundle/WAV/Combat_Sounds_Weapons_And_Spells/Impact_Sword_To_Shield_03.uasset
bulk-import-or-template-content	??	Content/Assets/SFX/Combat_SFX_Bundle/WAV/Combat_Sounds_Weapons_And_Spells/Impact_Sword_To_Shield_04.uasset
bulk-import-or-template-content	??	Content/Assets/SFX/Combat_SFX_Bundle/WAV/Combat_Sounds_Weapons_And_Spells/Impact_Sword_To_Shield_05.uasset
bulk-import-or-template-content	??	Content/Assets/SFX/Combat_SFX_Bundle/WAV/Combat_Sounds_Weapons_And_Spells/Impact_Sword_To_Stone_01.uasset
bulk-import-or-template-content	??	Content/Assets/SFX/Combat_SFX_Bundle/WAV/Combat_Sounds_Weapons_And_Spells/Impact_Sword_To_Stone_02.uasset
bulk-import-or-template-content	??	Content/Assets/SFX/Combat_SFX_Bundle/WAV/Combat_Sounds_Weapons_And_Spells/Impact_Sword_To_Stone_03.uasset
bulk-import-or-template-content	??	Content/Assets/SFX/Combat_SFX_Bundle/WAV/Combat_Sounds_Weapons_And_Spells/Impact_Sword_To_Stone_04.uasset
bulk-import-or-template-content	??	Content/Assets/SFX/Combat_SFX_Bundle/WAV/Combat_Sounds_Weapons_And_Spells/Impact_Sword_To_Wood_01.uasset
bulk-import-or-template-content	??	Content/Assets/SFX/Combat_SFX_Bundle/WAV/Combat_Sounds_Weapons_And_Spells/Impact_Sword_To_Wood_02.uasset
bulk-import-or-template-content	??	Content/Assets/SFX/Combat_SFX_Bundle/WAV/Combat_Sounds_Weapons_And_Spells/Impact_Sword_To_Wood_03.uasset
bulk-import-or-template-content	??	Content/Assets/SFX/Combat_SFX_Bundle/WAV/Combat_Sounds_Weapons_And_Spells/Impact_Sword_To_Wood_04.uasset
bulk-import-or-template-content	??	Content/Assets/SFX/Combat_SFX_Bundle/WAV/Combat_Sounds_Weapons_And_Spells/Impact_WoodenSword_Parry_01.uasset
bulk-import-or-template-content	??	Content/Assets/SFX/Combat_SFX_Bundle/WAV/Combat_Sounds_Weapons_And_Spells/Impact_WoodenSword_Parry_02.uasset
bulk-import-or-template-content	??	Content/Assets/SFX/Combat_SFX_Bundle/WAV/Combat_Sounds_Weapons_And_Spells/Impact_WoodenSword_Parry_03.uasset
bulk-import-or-template-content	??	Content/Assets/SFX/Combat_SFX_Bundle/WAV/Combat_Sounds_Weapons_And_Spells/MagicalBow_Shoot_01.uasset
bulk-import-or-template-content	??	Content/Assets/SFX/Combat_SFX_Bundle/WAV/Combat_Sounds_Weapons_And_Spells/MagicalBow_Shoot_02.uasset
bulk-import-or-template-content	??	Content/Assets/SFX/Combat_SFX_Bundle/WAV/Combat_Sounds_Weapons_And_Spells/MagicalBow_Shoot_03.uasset
bulk-import-or-template-content	??	Content/Assets/SFX/Combat_SFX_Bundle/WAV/Combat_Sounds_Weapons_And_Spells/MagicalBow_Shoot_04.uasset
bulk-import-or-template-content	??	Content/Assets/SFX/Combat_SFX_Bundle/WAV/Combat_Sounds_Weapons_And_Spells/MagicalBow_Shoot_05.uasset
bulk-import-or-template-content	??	Content/Assets/SFX/Combat_SFX_Bundle/WAV/Combat_Sounds_Weapons_And_Spells/MagicalBow_ShootMiss_01.uasset
bulk-import-or-template-content	??	Content/Assets/SFX/Combat_SFX_Bundle/WAV/Combat_Sounds_Weapons_And_Spells/MagicalBow_ShootMiss_02.uasset
bulk-import-or-template-content	??	Content/Assets/SFX/Combat_SFX_Bundle/WAV/Combat_Sounds_Weapons_And_Spells/MagicalBow_ShootMiss_03.uasset
bulk-import-or-template-content	??	Content/Assets/SFX/Combat_SFX_Bundle/WAV/Combat_Sounds_Weapons_And_Spells/MagicalBow_ShootMiss_04.uasset
bulk-import-or-template-content	??	Content/Assets/SFX/Combat_SFX_Bundle/WAV/Combat_Sounds_Weapons_And_Spells/MagicalBow_ShootMiss_05.uasset
bulk-import-or-template-content	??	Content/Assets/SFX/Combat_SFX_Bundle/WAV/Combat_Sounds_Weapons_And_Spells/Shield_Magic_01.uasset
bulk-import-or-template-content	??	Content/Assets/SFX/Combat_SFX_Bundle/WAV/Combat_Sounds_Weapons_And_Spells/Shield_Magic_02.uasset
bulk-import-or-template-content	??	Content/Assets/SFX/Combat_SFX_Bundle/WAV/Combat_Sounds_Weapons_And_Spells/Shield_Magic_03.uasset
bulk-import-or-template-content	??	Content/Assets/SFX/Combat_SFX_Bundle/WAV/Combat_Sounds_Weapons_And_Spells/Shield_Magic_04.uasset
bulk-import-or-template-content	??	Content/Assets/SFX/Combat_SFX_Bundle/WAV/Combat_Sounds_Weapons_And_Spells/Shield_Magic_05.uasset
bulk-import-or-template-content	??	Content/Assets/SFX/Combat_SFX_Bundle/WAV/Combat_Sounds_Weapons_And_Spells/Spell_Earth_01.uasset
bulk-import-or-template-content	??	Content/Assets/SFX/Combat_SFX_Bundle/WAV/Combat_Sounds_Weapons_And_Spells/Spell_Earth_02.uasset
bulk-import-or-template-content	??	Content/Assets/SFX/Combat_SFX_Bundle/WAV/Combat_Sounds_Weapons_And_Spells/Spell_Earth_03.uasset
bulk-import-or-template-content	??	Content/Assets/SFX/Combat_SFX_Bundle/WAV/Combat_Sounds_Weapons_And_Spells/Spell_Earth_04.uasset
bulk-import-or-template-content	??	Content/Assets/SFX/Combat_SFX_Bundle/WAV/Combat_Sounds_Weapons_And_Spells/Spell_Earth_05.uasset
bulk-import-or-template-content	??	Content/Assets/SFX/Combat_SFX_Bundle/WAV/Combat_Sounds_Weapons_And_Spells/Spell_Fire_01.uasset
bulk-import-or-template-content	??	Content/Assets/SFX/Combat_SFX_Bundle/WAV/Combat_Sounds_Weapons_And_Spells/Spell_Fire_02.uasset
bulk-import-or-template-content	??	Content/Assets/SFX/Combat_SFX_Bundle/WAV/Combat_Sounds_Weapons_And_Spells/Spell_Fire_03.uasset
bulk-import-or-template-content	??	Content/Assets/SFX/Combat_SFX_Bundle/WAV/Combat_Sounds_Weapons_And_Spells/Spell_Fire_04.uasset
bulk-import-or-template-content	??	Content/Assets/SFX/Combat_SFX_Bundle/WAV/Combat_Sounds_Weapons_And_Spells/Spell_Fire_05.uasset
bulk-import-or-template-content	??	Content/Assets/SFX/Combat_SFX_Bundle/WAV/Combat_Sounds_Weapons_And_Spells/Spell_Ice_01.uasset
bulk-import-or-template-content	??	Content/Assets/SFX/Combat_SFX_Bundle/WAV/Combat_Sounds_Weapons_And_Spells/Spell_Ice_02.uasset
bulk-import-or-template-content	??	Content/Assets/SFX/Combat_SFX_Bundle/WAV/Combat_Sounds_Weapons_And_Spells/Spell_Ice_03.uasset
bulk-import-or-template-content	??	Content/Assets/SFX/Combat_SFX_Bundle/WAV/Combat_Sounds_Weapons_And_Spells/Spell_Ice_04.uasset
bulk-import-or-template-content	??	Content/Assets/SFX/Combat_SFX_Bundle/WAV/Combat_Sounds_Weapons_And_Spells/Spell_Ice_05.uasset
bulk-import-or-template-content	??	Content/Assets/SFX/Combat_SFX_Bundle/WAV/Combat_Sounds_Weapons_And_Spells/Spell_Magic_01.uasset
bulk-import-or-template-content	??	Content/Assets/SFX/Combat_SFX_Bundle/WAV/Combat_Sounds_Weapons_And_Spells/Spell_Magic_02.uasset
bulk-import-or-template-content	??	Content/Assets/SFX/Combat_SFX_Bundle/WAV/Combat_Sounds_Weapons_And_Spells/Spell_Magic_03.uasset
bulk-import-or-template-content	??	Content/Assets/SFX/Combat_SFX_Bundle/WAV/Combat_Sounds_Weapons_And_Spells/Spell_Magic_04.uasset
bulk-import-or-template-content	??	Content/Assets/SFX/Combat_SFX_Bundle/WAV/Combat_Sounds_Weapons_And_Spells/Spell_Magic_05.uasset
bulk-import-or-template-content	??	Content/Assets/SFX/Combat_SFX_Bundle/WAV/Combat_Sounds_Weapons_And_Spells/Spell_Nature_01.uasset
bulk-import-or-template-content	??	Content/Assets/SFX/Combat_SFX_Bundle/WAV/Combat_Sounds_Weapons_And_Spells/Spell_Nature_02.uasset
bulk-import-or-template-content	??	Content/Assets/SFX/Combat_SFX_Bundle/WAV/Combat_Sounds_Weapons_And_Spells/Spell_Nature_03.uasset
bulk-import-or-template-content	??	Content/Assets/SFX/Combat_SFX_Bundle/WAV/Combat_Sounds_Weapons_And_Spells/Spell_Nature_04.uasset
bulk-import-or-template-content	??	Content/Assets/SFX/Combat_SFX_Bundle/WAV/Combat_Sounds_Weapons_And_Spells/Spell_Sci_Fi_01.uasset
bulk-import-or-template-content	??	Content/Assets/SFX/Combat_SFX_Bundle/WAV/Combat_Sounds_Weapons_And_Spells/Spell_Sci_Fi_02.uasset
bulk-import-or-template-content	??	Content/Assets/SFX/Combat_SFX_Bundle/WAV/Combat_Sounds_Weapons_And_Spells/Spell_Sci_Fi_03.uasset
bulk-import-or-template-content	??	Content/Assets/SFX/Combat_SFX_Bundle/WAV/Combat_Sounds_Weapons_And_Spells/Spell_Thunder_01.uasset
bulk-import-or-template-content	??	Content/Assets/SFX/Combat_SFX_Bundle/WAV/Combat_Sounds_Weapons_And_Spells/Spell_Thunder_02.uasset
bulk-import-or-template-content	??	Content/Assets/SFX/Combat_SFX_Bundle/WAV/Combat_Sounds_Weapons_And_Spells/Spell_Thunder_03.uasset
bulk-import-or-template-content	??	Content/Assets/SFX/Combat_SFX_Bundle/WAV/Combat_Sounds_Weapons_And_Spells/Spell_Thunder_04.uasset
bulk-import-or-template-content	??	Content/Assets/SFX/Combat_SFX_Bundle/WAV/Combat_Sounds_Weapons_And_Spells/Spell_Thunder_05.uasset
bulk-import-or-template-content	??	Content/Assets/SFX/Combat_SFX_Bundle/WAV/Combat_Sounds_Weapons_And_Spells/Spell_Water_01_1.uasset
bulk-import-or-template-content	??	Content/Assets/SFX/Combat_SFX_Bundle/WAV/Combat_Sounds_Weapons_And_Spells/Spell_Water_02.uasset
bulk-import-or-template-content	??	Content/Assets/SFX/Combat_SFX_Bundle/WAV/Combat_Sounds_Weapons_And_Spells/Spell_Water_03.uasset
bulk-import-or-template-content	??	Content/Assets/SFX/Combat_SFX_Bundle/WAV/Combat_Sounds_Weapons_And_Spells/Spell_Water_04.uasset
bulk-import-or-template-content	??	Content/Assets/SFX/Combat_SFX_Bundle/WAV/Combat_Sounds_Weapons_And_Spells/Spell_Water_05_1.uasset
bulk-import-or-template-content	??	Content/Assets/SFX/Combat_SFX_Bundle/WAV/Combat_Sounds_Weapons_And_Spells/Spell_Wind_01.uasset
bulk-import-or-template-content	??	Content/Assets/SFX/Combat_SFX_Bundle/WAV/Combat_Sounds_Weapons_And_Spells/Spell_Wind_02.uasset
bulk-import-or-template-content	??	Content/Assets/SFX/Combat_SFX_Bundle/WAV/Combat_Sounds_Weapons_And_Spells/Spell_Wind_03.uasset
bulk-import-or-template-content	??	Content/Assets/SFX/Combat_SFX_Bundle/WAV/Combat_Sounds_Weapons_And_Spells/Spell_Wind_04.uasset
bulk-import-or-template-content	??	Content/Assets/SFX/Combat_SFX_Bundle/WAV/Combat_Sounds_Weapons_And_Spells/Spell_Wind_05.uasset
bulk-import-or-template-content	??	Content/Assets/SFX/Combat_SFX_Bundle/WAV/Combat_Sounds_Weapons_And_Spells/Weapon_Ethereal_01.uasset
bulk-import-or-template-content	??	Content/Assets/SFX/Combat_SFX_Bundle/WAV/Combat_Sounds_Weapons_And_Spells/Weapon_Ethereal_02.uasset
bulk-import-or-template-content	??	Content/Assets/SFX/Combat_SFX_Bundle/WAV/Combat_Sounds_Weapons_And_Spells/Weapon_Ethereal_03.uasset
bulk-import-or-template-content	??	Content/Assets/SFX/Combat_SFX_Bundle/WAV/Combat_Sounds_Weapons_And_Spells/Weapon_Ethereal_04.uasset
bulk-import-or-template-content	??	Content/Assets/SFX/Combat_SFX_Bundle/WAV/Combat_Sounds_Weapons_And_Spells/Whoosh_01.uasset
bulk-import-or-template-content	??	Content/Assets/SFX/Combat_SFX_Bundle/WAV/Combat_Sounds_Weapons_And_Spells/Whoosh_02.uasset
bulk-import-or-template-content	??	Content/Assets/SFX/Combat_SFX_Bundle/WAV/Combat_Sounds_Weapons_And_Spells/Whoosh_03.uasset
bulk-import-or-template-content	??	Content/Assets/SFX/Combat_SFX_Bundle/WAV/Combat_Sounds_Weapons_And_Spells/Whoosh_04.uasset
bulk-import-or-template-content	??	Content/Assets/SFX/Combat_SFX_Bundle/WAV/Combat_Sounds_Weapons_And_Spells/Whoosh_05.uasset
bulk-import-or-template-content	??	Content/Assets/SFX/Combat_SFX_Bundle/WAV/Combat_Sounds_Weapons_And_Spells/Whoosh_06.uasset
bulk-import-or-template-content	??	Content/Assets/SFX/Combat_SFX_Bundle/WAV/Combat_Sounds_Weapons_And_Spells/Whoosh_07.uasset
bulk-import-or-template-content	??	Content/Assets/SFX/Combat_SFX_Bundle/WAV/Combat_Sounds_Weapons_And_Spells/Whoosh_Critical_01_1.uasset
bulk-import-or-template-content	??	Content/Assets/SFX/Combat_SFX_Bundle/WAV/Combat_Sounds_Weapons_And_Spells/Whoosh_Critical_02_1.uasset
bulk-import-or-template-content	??	Content/Assets/SFX/Combat_SFX_Bundle/WAV/Combat_Sounds_Weapons_And_Spells/Whoosh_Sci_Fi_Weapon.uasset
bulk-import-or-template-content	??	Content/Assets/SFX/Combat_SFX_Bundle/WAV/Combat_Sounds_Weapons_And_Spells/Whoosh_Sword_01.uasset
bulk-import-or-template-content	??	Content/Assets/SFX/Combat_SFX_Bundle/WAV/Combat_Sounds_Weapons_And_Spells/Whoosh_Sword_02.uasset
bulk-import-or-template-content	??	Content/Assets/SFX/Combat_SFX_Bundle/WAV/Magic_Sci_Fi_Sword_Sounds/Attack_Unreal_01.uasset
bulk-import-or-template-content	??	Content/Assets/SFX/Combat_SFX_Bundle/WAV/Magic_Sci_Fi_Sword_Sounds/Attack_Unreal_02.uasset
bulk-import-or-template-content	??	Content/Assets/SFX/Combat_SFX_Bundle/WAV/Magic_Sci_Fi_Sword_Sounds/Attack_Unreal_03.uasset
bulk-import-or-template-content	??	Content/Assets/SFX/Combat_SFX_Bundle/WAV/Magic_Sci_Fi_Sword_Sounds/Attack_Unreal_04.uasset
bulk-import-or-template-content	??	Content/Assets/SFX/Combat_SFX_Bundle/WAV/Magic_Sci_Fi_Sword_Sounds/Attack_Unreal_05.uasset
bulk-import-or-template-content	??	Content/Assets/SFX/Combat_SFX_Bundle/WAV/Magic_Sci_Fi_Sword_Sounds/Attack_Unreal_06.uasset
bulk-import-or-template-content	??	Content/Assets/SFX/Combat_SFX_Bundle/WAV/Magic_Sci_Fi_Sword_Sounds/Attack_Unreal_07.uasset
bulk-import-or-template-content	??	Content/Assets/SFX/Combat_SFX_Bundle/WAV/Magic_Sci_Fi_Sword_Sounds/Attack_Unreal_08.uasset
bulk-import-or-template-content	??	Content/Assets/SFX/Combat_SFX_Bundle/WAV/Magic_Sci_Fi_Sword_Sounds/Attack_Unreal_09.uasset
bulk-import-or-template-content	??	Content/Assets/SFX/Combat_SFX_Bundle/WAV/Magic_Sci_Fi_Sword_Sounds/Attack_Unreal_10.uasset
bulk-import-or-template-content	??	Content/Assets/SFX/Combat_SFX_Bundle/WAV/Magic_Sci_Fi_Sword_Sounds/Attack_Unreal_11_Combo_Two_Attacks.uasset
bulk-import-or-template-content	??	Content/Assets/SFX/Combat_SFX_Bundle/WAV/Magic_Sci_Fi_Sword_Sounds/Change_Weapon_01.uasset
bulk-import-or-template-content	??	Content/Assets/SFX/Combat_SFX_Bundle/WAV/Magic_Sci_Fi_Sword_Sounds/Change_Weapon_02.uasset
bulk-import-or-template-content	??	Content/Assets/SFX/Combat_SFX_Bundle/WAV/Magic_Sci_Fi_Sword_Sounds/Change_Weapon_03.uasset
bulk-import-or-template-content	??	Content/Assets/SFX/Combat_SFX_Bundle/WAV/Magic_Sci_Fi_Sword_Sounds/Change_Weapon_04.uasset
bulk-import-or-template-content	??	Content/Assets/SFX/Combat_SFX_Bundle/WAV/Magic_Sci_Fi_Sword_Sounds/Change_Weapon_05.uasset
bulk-import-or-template-content	??	Content/Assets/SFX/Combat_SFX_Bundle/WAV/Magic_Sci_Fi_Sword_Sounds/Dark_Sword_Attack_High_Intensity_01.uasset
bulk-import-or-template-content	??	Content/Assets/SFX/Combat_SFX_Bundle/WAV/Magic_Sci_Fi_Sword_Sounds/Dark_Sword_Attack_High_Intensity_02.uasset
bulk-import-or-template-content	??	Content/Assets/SFX/Combat_SFX_Bundle/WAV/Magic_Sci_Fi_Sword_Sounds/Dark_Sword_Attack_High_Intensity_03_Combo_Two_Hits.uasset
bulk-import-or-template-content	??	Content/Assets/SFX/Combat_SFX_Bundle/WAV/Magic_Sci_Fi_Sword_Sounds/Dark_Sword_Attack_Medium_Intensity_01.uasset
bulk-import-or-template-content	??	Content/Assets/SFX/Combat_SFX_Bundle/WAV/Magic_Sci_Fi_Sword_Sounds/Dark_Sword_Attack_Medium_Intensity_02.uasset
bulk-import-or-template-content	??	Content/Assets/SFX/Combat_SFX_Bundle/WAV/Magic_Sci_Fi_Sword_Sounds/Dark_Sword_Attack_Medium_Intensity_03_Combo_Three_Hits.uasset
bulk-import-or-template-content	??	Content/Assets/SFX/Combat_SFX_Bundle/WAV/Magic_Sci_Fi_Sword_Sounds/Dark_Sword_Attack_Medium_Intensity_04_Combo_Three_Hits.uasset
bulk-import-or-template-content	??	Content/Assets/SFX/Combat_SFX_Bundle/WAV/Magic_Sci_Fi_Sword_Sounds/Dark_Sword_Attack_Soft_Intensity_01.uasset
bulk-import-or-template-content	??	Content/Assets/SFX/Combat_SFX_Bundle/WAV/Magic_Sci_Fi_Sword_Sounds/Dark_Sword_Attack_Soft_Intensity_02.uasset
bulk-import-or-template-content	??	Content/Assets/SFX/Combat_SFX_Bundle/WAV/Magic_Sci_Fi_Sword_Sounds/Dark_Sword_Attack_Soft_Intensity_03.uasset
bulk-import-or-template-content	??	Content/Assets/SFX/Combat_SFX_Bundle/WAV/Magic_Sci_Fi_Sword_Sounds/Dark_Sword_Attack_Soft_Intensity_04.uasset
bulk-import-or-template-content	??	Content/Assets/SFX/Combat_SFX_Bundle/WAV/Magic_Sci_Fi_Sword_Sounds/Dark_Sword_Block_01.uasset
bulk-import-or-template-content	??	Content/Assets/SFX/Combat_SFX_Bundle/WAV/Magic_Sci_Fi_Sword_Sounds/Dark_Sword_Block_02.uasset
bulk-import-or-template-content	??	Content/Assets/SFX/Combat_SFX_Bundle/WAV/Magic_Sci_Fi_Sword_Sounds/Dark_Sword_Clash_01.uasset
bulk-import-or-template-content	??	Content/Assets/SFX/Combat_SFX_Bundle/WAV/Magic_Sci_Fi_Sword_Sounds/Dark_Sword_Clash_02.uasset
bulk-import-or-template-content	??	Content/Assets/SFX/Combat_SFX_Bundle/WAV/Magic_Sci_Fi_Sword_Sounds/Dark_Sword_Clash_03.uasset
bulk-import-or-template-content	??	Content/Assets/SFX/Combat_SFX_Bundle/WAV/Magic_Sci_Fi_Sword_Sounds/Dark_Sword_Hit_01.uasset
bulk-import-or-template-content	??	Content/Assets/SFX/Combat_SFX_Bundle/WAV/Magic_Sci_Fi_Sword_Sounds/Dark_Sword_Hit_02.uasset
bulk-import-or-template-content	??	Content/Assets/SFX/Combat_SFX_Bundle/WAV/Magic_Sci_Fi_Sword_Sounds/Dark_Sword_Hit_03_Critical.uasset
bulk-import-or-template-content	??	Content/Assets/SFX/Combat_SFX_Bundle/WAV/Magic_Sci_Fi_Sword_Sounds/Dark_Sword_Miss_01.uasset
bulk-import-or-template-content	??	Content/Assets/SFX/Combat_SFX_Bundle/WAV/Magic_Sci_Fi_Sword_Sounds/Dark_Sword_Miss_02.uasset
bulk-import-or-template-content	??	Content/Assets/SFX/Combat_SFX_Bundle/WAV/Magic_Sci_Fi_Sword_Sounds/Dark_Sword_Stab_With_Electric_Spark.uasset
bulk-import-or-template-content	??	Content/Assets/SFX/Combat_SFX_Bundle/WAV/Magic_Sci_Fi_Sword_Sounds/Dark_Sword_Stab.uasset
bulk-import-or-template-content	??	Content/Assets/SFX/Combat_SFX_Bundle/WAV/Magic_Sci_Fi_Sword_Sounds/Dark_Sword_Unfold_Weapon.uasset
bulk-import-or-template-content	??	Content/Assets/SFX/Combat_SFX_Bundle/WAV/Magic_Sci_Fi_Sword_Sounds/Dark_Sword_Various_Whooshes_01.uasset
bulk-import-or-template-content	??	Content/Assets/SFX/Combat_SFX_Bundle/WAV/Magic_Sci_Fi_Sword_Sounds/Dark_Sword_Various_Whooshes_02.uasset
bulk-import-or-template-content	??	Content/Assets/SFX/Combat_SFX_Bundle/WAV/Magic_Sci_Fi_Sword_Sounds/Dark_Sword_Whoosh_01.uasset
bulk-import-or-template-content	??	Content/Assets/SFX/Combat_SFX_Bundle/WAV/Magic_Sci_Fi_Sword_Sounds/Dark_Sword_Whoosh_02.uasset
bulk-import-or-template-content	??	Content/Assets/SFX/Combat_SFX_Bundle/WAV/Magic_Sci_Fi_Sword_Sounds/Dark_Sword_Whoosh_03.uasset
bulk-import-or-template-content	??	Content/Assets/SFX/Combat_SFX_Bundle/WAV/Magic_Sci_Fi_Sword_Sounds/Dark_Sword_Whoosh_04.uasset
bulk-import-or-template-content	??	Content/Assets/SFX/Combat_SFX_Bundle/WAV/Magic_Sci_Fi_Sword_Sounds/Dark_Sword_Whoosh_Fast_01.uasset
bulk-import-or-template-content	??	Content/Assets/SFX/Combat_SFX_Bundle/WAV/Magic_Sci_Fi_Sword_Sounds/Dark_Sword_Whoosh_Fast_02.uasset
bulk-import-or-template-content	??	Content/Assets/SFX/Combat_SFX_Bundle/WAV/Magic_Sci_Fi_Sword_Sounds/Electric_Sparks_01.uasset
bulk-import-or-template-content	??	Content/Assets/SFX/Combat_SFX_Bundle/WAV/Magic_Sci_Fi_Sword_Sounds/Electric_Sparks_02.uasset
bulk-import-or-template-content	??	Content/Assets/SFX/Combat_SFX_Bundle/WAV/Magic_Sci_Fi_Sword_Sounds/Electric_Sparks_03.uasset
bulk-import-or-template-content	??	Content/Assets/SFX/Combat_SFX_Bundle/WAV/Magic_Sci_Fi_Sword_Sounds/Electric_Sword_Attack_High_Intensity_01.uasset
bulk-import-or-template-content	??	Content/Assets/SFX/Combat_SFX_Bundle/WAV/Magic_Sci_Fi_Sword_Sounds/Electric_Sword_Attack_High_Intensity_02.uasset
bulk-import-or-template-content	??	Content/Assets/SFX/Combat_SFX_Bundle/WAV/Magic_Sci_Fi_Sword_Sounds/Electric_Sword_Attack_Medium_Intensity_01.uasset
bulk-import-or-template-content	??	Content/Assets/SFX/Combat_SFX_Bundle/WAV/Magic_Sci_Fi_Sword_Sounds/Electric_Sword_Attack_Medium_Intensity_02.uasset
bulk-import-or-template-content	??	Content/Assets/SFX/Combat_SFX_Bundle/WAV/Magic_Sci_Fi_Sword_Sounds/Electric_Sword_Attack_Medium_Intensity_03.uasset
bulk-import-or-template-content	??	Content/Assets/SFX/Combat_SFX_Bundle/WAV/Magic_Sci_Fi_Sword_Sounds/Electric_Sword_Attack_Soft_Intensity_01.uasset
bulk-import-or-template-content	??	Content/Assets/SFX/Combat_SFX_Bundle/WAV/Magic_Sci_Fi_Sword_Sounds/Electric_Sword_Attack_Soft_Intensity_02.uasset
bulk-import-or-template-content	??	Content/Assets/SFX/Combat_SFX_Bundle/WAV/Magic_Sci_Fi_Sword_Sounds/Electric_Sword_Attacks_Loop.uasset
bulk-import-or-template-content	??	Content/Assets/SFX/Combat_SFX_Bundle/WAV/Magic_Sci_Fi_Sword_Sounds/Electric_Sword_Block_01.uasset
bulk-import-or-template-content	??	Content/Assets/SFX/Combat_SFX_Bundle/WAV/Magic_Sci_Fi_Sword_Sounds/Electric_Sword_Block_02.uasset
bulk-import-or-template-content	??	Content/Assets/SFX/Combat_SFX_Bundle/WAV/Magic_Sci_Fi_Sword_Sounds/Electric_Sword_Block_03.uasset
bulk-import-or-template-content	??	Content/Assets/SFX/Combat_SFX_Bundle/WAV/Magic_Sci_Fi_Sword_Sounds/Electric_Sword_Block_04.uasset
bulk-import-or-template-content	??	Content/Assets/SFX/Combat_SFX_Bundle/WAV/Magic_Sci_Fi_Sword_Sounds/Electric_Sword_Combo_Four_Hits.uasset
bulk-import-or-template-content	??	Content/Assets/SFX/Combat_SFX_Bundle/WAV/Magic_Sci_Fi_Sword_Sounds/Electric_Sword_Combo_Seven_Hits.uasset
bulk-import-or-template-content	??	Content/Assets/SFX/Combat_SFX_Bundle/WAV/Magic_Sci_Fi_Sword_Sounds/Electric_Sword_Combo_Three_Hits.uasset
bulk-import-or-template-content	??	Content/Assets/SFX/Combat_SFX_Bundle/WAV/Magic_Sci_Fi_Sword_Sounds/Electric_Sword_Cuts_Various_01.uasset
bulk-import-or-template-content	??	Content/Assets/SFX/Combat_SFX_Bundle/WAV/Magic_Sci_Fi_Sword_Sounds/Electric_Sword_Cuts_Various_02.uasset
bulk-import-or-template-content	??	Content/Assets/SFX/Combat_SFX_Bundle/WAV/Magic_Sci_Fi_Sword_Sounds/Electric_Sword_Cuts_Various_03.uasset
bulk-import-or-template-content	??	Content/Assets/SFX/Combat_SFX_Bundle/WAV/Magic_Sci_Fi_Sword_Sounds/Electric_Sword_Cuts_Various_04.uasset
bulk-import-or-template-content	??	Content/Assets/SFX/Combat_SFX_Bundle/WAV/Magic_Sci_Fi_Sword_Sounds/Electric_Sword_Cuts_Various_05.uasset
bulk-import-or-template-content	??	Content/Assets/SFX/Combat_SFX_Bundle/WAV/Magic_Sci_Fi_Sword_Sounds/Electric_Sword_Cuts_Various_06.uasset
bulk-import-or-template-content	??	Content/Assets/SFX/Combat_SFX_Bundle/WAV/Magic_Sci_Fi_Sword_Sounds/Electric_Sword_Electricity_01.uasset
bulk-import-or-template-content	??	Content/Assets/SFX/Combat_SFX_Bundle/WAV/Magic_Sci_Fi_Sword_Sounds/Electric_Sword_Electricity_02.uasset
bulk-import-or-template-content	??	Content/Assets/SFX/Combat_SFX_Bundle/WAV/Magic_Sci_Fi_Sword_Sounds/Electric_Sword_Hit_01.uasset
bulk-import-or-template-content	??	Content/Assets/SFX/Combat_SFX_Bundle/WAV/Magic_Sci_Fi_Sword_Sounds/Electric_Sword_Hit_02.uasset
bulk-import-or-template-content	??	Content/Assets/SFX/Combat_SFX_Bundle/WAV/Magic_Sci_Fi_Sword_Sounds/Electric_Sword_Hit_Electric.uasset
bulk-import-or-template-content	??	Content/Assets/SFX/Combat_SFX_Bundle/WAV/Magic_Sci_Fi_Sword_Sounds/Electric_Sword_Hit_Fast.uasset
bulk-import-or-template-content	??	Content/Assets/SFX/Combat_SFX_Bundle/WAV/Magic_Sci_Fi_Sword_Sounds/Electric_Sword_Hits_Various.uasset
bulk-import-or-template-content	??	Content/Assets/SFX/Combat_SFX_Bundle/WAV/Magic_Sci_Fi_Sword_Sounds/Electric_Sword_Stab_01.uasset
bulk-import-or-template-content	??	Content/Assets/SFX/Combat_SFX_Bundle/WAV/Magic_Sci_Fi_Sword_Sounds/Electric_Sword_Stab_02.uasset
bulk-import-or-template-content	??	Content/Assets/SFX/Combat_SFX_Bundle/WAV/Magic_Sci_Fi_Sword_Sounds/Electric_Sword_Stab_03.uasset
bulk-import-or-template-content	??	Content/Assets/SFX/Combat_SFX_Bundle/WAV/Magic_Sci_Fi_Sword_Sounds/Electric_Sword_Whoosh_Fast_01.uasset
bulk-import-or-template-content	??	Content/Assets/SFX/Combat_SFX_Bundle/WAV/Magic_Sci_Fi_Sword_Sounds/Electric_Sword_Whoosh_Fast_02.uasset
bulk-import-or-template-content	??	Content/Assets/SFX/Combat_SFX_Bundle/WAV/Magic_Sci_Fi_Sword_Sounds/Electric_Sword_Whoosh_Low.uasset
bulk-import-or-template-content	??	Content/Assets/SFX/Combat_SFX_Bundle/WAV/Magic_Sci_Fi_Sword_Sounds/Electric_Sword_Whoosh_Medium_Intensity.uasset
bulk-import-or-template-content	??	Content/Assets/SFX/Combat_SFX_Bundle/WAV/Magic_Sci_Fi_Sword_Sounds/Electric_Sword_Whoosh_Soft_Intensity_01.uasset
bulk-import-or-template-content	??	Content/Assets/SFX/Combat_SFX_Bundle/WAV/Magic_Sci_Fi_Sword_Sounds/Electric_Sword_Whoosh_Soft_Intensity_02.uasset
bulk-import-or-template-content	??	Content/Assets/SFX/Combat_SFX_Bundle/WAV/Magic_Sci_Fi_Sword_Sounds/Fantasy_Dagger_Attack_High_Intensity_01.uasset
bulk-import-or-template-content	??	Content/Assets/SFX/Combat_SFX_Bundle/WAV/Magic_Sci_Fi_Sword_Sounds/Fantasy_Dagger_Attack_High_Intensity_02.uasset
bulk-import-or-template-content	??	Content/Assets/SFX/Combat_SFX_Bundle/WAV/Magic_Sci_Fi_Sword_Sounds/Fantasy_Dagger_Attack_High_Intensity_03_Combo_2_Hits.uasset
bulk-import-or-template-content	??	Content/Assets/SFX/Combat_SFX_Bundle/WAV/Magic_Sci_Fi_Sword_Sounds/Fantasy_Dagger_Attack_Medium_Intensity.uasset
bulk-import-or-template-content	??	Content/Assets/SFX/Combat_SFX_Bundle/WAV/Magic_Sci_Fi_Sword_Sounds/Fantasy_Dagger_Attack_Soft_Intensity.uasset
bulk-import-or-template-content	??	Content/Assets/SFX/Combat_SFX_Bundle/WAV/Magic_Sci_Fi_Sword_Sounds/Fantasy_Dagger_Block_01.uasset
bulk-import-or-template-content	??	Content/Assets/SFX/Combat_SFX_Bundle/WAV/Magic_Sci_Fi_Sword_Sounds/Fantasy_Dagger_Block_02.uasset
bulk-import-or-template-content	??	Content/Assets/SFX/Combat_SFX_Bundle/WAV/Magic_Sci_Fi_Sword_Sounds/Fantasy_Dagger_Block_03.uasset
bulk-import-or-template-content	??	Content/Assets/SFX/Combat_SFX_Bundle/WAV/Magic_Sci_Fi_Sword_Sounds/Fantasy_Dagger_Block_04.uasset
bulk-import-or-template-content	??	Content/Assets/SFX/Combat_SFX_Bundle/WAV/Magic_Sci_Fi_Sword_Sounds/Fantasy_Dagger_Broken.uasset
bulk-import-or-template-content	??	Content/Assets/SFX/Combat_SFX_Bundle/WAV/Magic_Sci_Fi_Sword_Sounds/Fantasy_Dagger_Clash_01.uasset
bulk-import-or-template-content	??	Content/Assets/SFX/Combat_SFX_Bundle/WAV/Magic_Sci_Fi_Sword_Sounds/Fantasy_Dagger_Clash_02.uasset
bulk-import-or-template-content	??	Content/Assets/SFX/Combat_SFX_Bundle/WAV/Magic_Sci_Fi_Sword_Sounds/Fantasy_Dagger_Clash_03.uasset
bulk-import-or-template-content	??	Content/Assets/SFX/Combat_SFX_Bundle/WAV/Magic_Sci_Fi_Sword_Sounds/Fantasy_Dagger_Cut_01.uasset
bulk-import-or-template-content	??	Content/Assets/SFX/Combat_SFX_Bundle/WAV/Magic_Sci_Fi_Sword_Sounds/Fantasy_Dagger_Cut_02.uasset
bulk-import-or-template-content	??	Content/Assets/SFX/Combat_SFX_Bundle/WAV/Magic_Sci_Fi_Sword_Sounds/Fantasy_Dagger_Cut_03.uasset
bulk-import-or-template-content	??	Content/Assets/SFX/Combat_SFX_Bundle/WAV/Magic_Sci_Fi_Sword_Sounds/Fantasy_Dagger_Hit.uasset
bulk-import-or-template-content	??	Content/Assets/SFX/Combat_SFX_Bundle/WAV/Magic_Sci_Fi_Sword_Sounds/Fantasy_Dagger_Stab_01.uasset
bulk-import-or-template-content	??	Content/Assets/SFX/Combat_SFX_Bundle/WAV/Magic_Sci_Fi_Sword_Sounds/Fantasy_Dagger_Stab_02.uasset
bulk-import-or-template-content	??	Content/Assets/SFX/Combat_SFX_Bundle/WAV/Magic_Sci_Fi_Sword_Sounds/Fantasy_Dagger_Stab_03.uasset
bulk-import-or-template-content	??	Content/Assets/SFX/Combat_SFX_Bundle/WAV/Magic_Sci_Fi_Sword_Sounds/Fantasy_Dagger_Stab_04.uasset
bulk-import-or-template-content	??	Content/Assets/SFX/Combat_SFX_Bundle/WAV/Magic_Sci_Fi_Sword_Sounds/Fantasy_Dagger_Unfold_Weapon.uasset
bulk-import-or-template-content	??	Content/Assets/SFX/Combat_SFX_Bundle/WAV/Magic_Sci_Fi_Sword_Sounds/Fantasy_Dagger_Whoosh_Fast_01.uasset
bulk-import-or-template-content	??	Content/Assets/SFX/Combat_SFX_Bundle/WAV/Magic_Sci_Fi_Sword_Sounds/Fantasy_Dagger_Whoosh_Fast_02.uasset
bulk-import-or-template-content	??	Content/Assets/SFX/Combat_SFX_Bundle/WAV/Magic_Sci_Fi_Sword_Sounds/Hit_Mark_01.uasset
bulk-import-or-template-content	??	Content/Assets/SFX/Combat_SFX_Bundle/WAV/Magic_Sci_Fi_Sword_Sounds/Hit_Mark_02.uasset
bulk-import-or-template-content	??	Content/Assets/SFX/Combat_SFX_Bundle/WAV/Magic_Sci_Fi_Sword_Sounds/Magic_Sword_Attack_Critical_01.uasset
bulk-import-or-template-content	??	Content/Assets/SFX/Combat_SFX_Bundle/WAV/Magic_Sci_Fi_Sword_Sounds/Magic_Sword_Attack_Critical_02.uasset
bulk-import-or-template-content	??	Content/Assets/SFX/Combat_SFX_Bundle/WAV/Magic_Sci_Fi_Sword_Sounds/Magic_Sword_Attack_Critical_03.uasset
bulk-import-or-template-content	??	Content/Assets/SFX/Combat_SFX_Bundle/WAV/Magic_Sci_Fi_Sword_Sounds/Magic_Sword_Attack_High_Intensity_01.uasset
bulk-import-or-template-content	??	Content/Assets/SFX/Combat_SFX_Bundle/WAV/Magic_Sci_Fi_Sword_Sounds/Magic_Sword_Attack_High_Intensity_02.uasset
bulk-import-or-template-content	??	Content/Assets/SFX/Combat_SFX_Bundle/WAV/Magic_Sci_Fi_Sword_Sounds/Magic_Sword_Attack_High_Intensity_03.uasset
bulk-import-or-template-content	??	Content/Assets/SFX/Combat_SFX_Bundle/WAV/Magic_Sci_Fi_Sword_Sounds/Magic_Sword_Attack_High_Intensity_04.uasset
bulk-import-or-template-content	??	Content/Assets/SFX/Combat_SFX_Bundle/WAV/Magic_Sci_Fi_Sword_Sounds/Magic_Sword_Attack_High_Intensity_05.uasset
bulk-import-or-template-content	??	Content/Assets/SFX/Combat_SFX_Bundle/WAV/Magic_Sci_Fi_Sword_Sounds/Magic_Sword_Attack_High_Intensity_06_Combo_Two_hits.uasset
bulk-import-or-template-content	??	Content/Assets/SFX/Combat_SFX_Bundle/WAV/Magic_Sci_Fi_Sword_Sounds/Magic_Sword_Attack_High_Intensity_07_Combo_Five_Hits.uasset
bulk-import-or-template-content	??	Content/Assets/SFX/Combat_SFX_Bundle/WAV/Magic_Sci_Fi_Sword_Sounds/Magic_Sword_Attack_Medium_Intensity_01.uasset
bulk-import-or-template-content	??	Content/Assets/SFX/Combat_SFX_Bundle/WAV/Magic_Sci_Fi_Sword_Sounds/Magic_Sword_Attack_Medium_Intensity_02.uasset
bulk-import-or-template-content	??	Content/Assets/SFX/Combat_SFX_Bundle/WAV/Magic_Sci_Fi_Sword_Sounds/Magic_Sword_Attack_Medium_Intensity_03.uasset
bulk-import-or-template-content	??	Content/Assets/SFX/Combat_SFX_Bundle/WAV/Magic_Sci_Fi_Sword_Sounds/Magic_Sword_Attack_Medium_Intensity_04.uasset
bulk-import-or-template-content	??	Content/Assets/SFX/Combat_SFX_Bundle/WAV/Magic_Sci_Fi_Sword_Sounds/Magic_Sword_Attack_Soft_Intensity_01.uasset
bulk-import-or-template-content	??	Content/Assets/SFX/Combat_SFX_Bundle/WAV/Magic_Sci_Fi_Sword_Sounds/Magic_Sword_Attack_Soft_Intensity_02.uasset
bulk-import-or-template-content	??	Content/Assets/SFX/Combat_SFX_Bundle/WAV/Magic_Sci_Fi_Sword_Sounds/Magic_Sword_Attack_Soft_Intensity_03.uasset
bulk-import-or-template-content	??	Content/Assets/SFX/Combat_SFX_Bundle/WAV/Magic_Sci_Fi_Sword_Sounds/Magic_Sword_Attack_Soft_Intensity_04.uasset
bulk-import-or-template-content	??	Content/Assets/SFX/Combat_SFX_Bundle/WAV/Magic_Sci_Fi_Sword_Sounds/Magic_Sword_Attack_Soft_Intensity_05.uasset
bulk-import-or-template-content	??	Content/Assets/SFX/Combat_SFX_Bundle/WAV/Magic_Sci_Fi_Sword_Sounds/Magic_Sword_Attack_Soft_Intensity_06_Combo_Two_Hits.uasset
bulk-import-or-template-content	??	Content/Assets/SFX/Combat_SFX_Bundle/WAV/Magic_Sci_Fi_Sword_Sounds/Magic_Sword_Attack_Soft_Intensity_07_Combo_Various_Hits.uasset
bulk-import-or-template-content	??	Content/Assets/SFX/Combat_SFX_Bundle/WAV/Magic_Sci_Fi_Sword_Sounds/Magic_Sword_Attack_Soft_Intensity_08_Combo_Various_Hits.uasset
bulk-import-or-template-content	??	Content/Assets/SFX/Combat_SFX_Bundle/WAV/Magic_Sci_Fi_Sword_Sounds/Magic_Sword_Attacks_Loop.uasset
bulk-import-or-template-content	??	Content/Assets/SFX/Combat_SFX_Bundle/WAV/Magic_Sci_Fi_Sword_Sounds/Magic_Sword_Block_01.uasset
bulk-import-or-template-content	??	Content/Assets/SFX/Combat_SFX_Bundle/WAV/Magic_Sci_Fi_Sword_Sounds/Magic_Sword_Block_02.uasset
bulk-import-or-template-content	??	Content/Assets/SFX/Combat_SFX_Bundle/WAV/Magic_Sci_Fi_Sword_Sounds/Magic_Sword_Block_03.uasset
bulk-import-or-template-content	??	Content/Assets/SFX/Combat_SFX_Bundle/WAV/Magic_Sci_Fi_Sword_Sounds/Magic_Sword_Block_04.uasset
bulk-import-or-template-content	??	Content/Assets/SFX/Combat_SFX_Bundle/WAV/Magic_Sci_Fi_Sword_Sounds/Magic_Sword_Block_05_Combo_Two_Blocks.uasset
bulk-import-or-template-content	??	Content/Assets/SFX/Combat_SFX_Bundle/WAV/Magic_Sci_Fi_Sword_Sounds/Magic_Sword_Broken_01.uasset
bulk-import-or-template-content	??	Content/Assets/SFX/Combat_SFX_Bundle/WAV/Magic_Sci_Fi_Sword_Sounds/Magic_Sword_Broken_02.uasset
bulk-import-or-template-content	??	Content/Assets/SFX/Combat_SFX_Bundle/WAV/Magic_Sci_Fi_Sword_Sounds/Magic_Sword_Clash_01.uasset
bulk-import-or-template-content	??	Content/Assets/SFX/Combat_SFX_Bundle/WAV/Magic_Sci_Fi_Sword_Sounds/Magic_Sword_Clash_02.uasset
bulk-import-or-template-content	??	Content/Assets/SFX/Combat_SFX_Bundle/WAV/Magic_Sci_Fi_Sword_Sounds/Magic_Sword_Clash_03.uasset
bulk-import-or-template-content	??	Content/Assets/SFX/Combat_SFX_Bundle/WAV/Magic_Sci_Fi_Sword_Sounds/Magic_Sword_Clash_04.uasset
bulk-import-or-template-content	??	Content/Assets/SFX/Combat_SFX_Bundle/WAV/Magic_Sci_Fi_Sword_Sounds/Magic_Sword_Clash_05.uasset
bulk-import-or-template-content	??	Content/Assets/SFX/Combat_SFX_Bundle/WAV/Magic_Sci_Fi_Sword_Sounds/Magic_Sword_Clash_06.uasset
bulk-import-or-template-content	??	Content/Assets/SFX/Combat_SFX_Bundle/WAV/Magic_Sci_Fi_Sword_Sounds/Magic_Sword_Cut_01.uasset
bulk-import-or-template-content	??	Content/Assets/SFX/Combat_SFX_Bundle/WAV/Magic_Sci_Fi_Sword_Sounds/Magic_Sword_Cut_02.uasset
bulk-import-or-template-content	??	Content/Assets/SFX/Combat_SFX_Bundle/WAV/Magic_Sci_Fi_Sword_Sounds/Magic_Sword_Cut_03_Combo_Two_Hits.uasset
bulk-import-or-template-content	??	Content/Assets/SFX/Combat_SFX_Bundle/WAV/Magic_Sci_Fi_Sword_Sounds/Magic_Sword_Cut_04_Combo_Two_Hits.uasset
bulk-import-or-template-content	??	Content/Assets/SFX/Combat_SFX_Bundle/WAV/Magic_Sci_Fi_Sword_Sounds/Magic_Sword_Cut_05_Combo_Five_Hits.uasset
bulk-import-or-template-content	??	Content/Assets/SFX/Combat_SFX_Bundle/WAV/Magic_Sci_Fi_Sword_Sounds/Magic_Sword_Cut_06_Combo_Three_Hits.uasset
bulk-import-or-template-content	??	Content/Assets/SFX/Combat_SFX_Bundle/WAV/Magic_Sci_Fi_Sword_Sounds/Magic_Sword_Cut_07_Combo_Two_Hits.uasset
bulk-import-or-template-content	??	Content/Assets/SFX/Combat_SFX_Bundle/WAV/Magic_Sci_Fi_Sword_Sounds/Magic_Sword_Hit_High_Intensity_01.uasset
bulk-import-or-template-content	??	Content/Assets/SFX/Combat_SFX_Bundle/WAV/Magic_Sci_Fi_Sword_Sounds/Magic_Sword_Hit_High_Intensity_02.uasset
bulk-import-or-template-content	??	Content/Assets/SFX/Combat_SFX_Bundle/WAV/Magic_Sci_Fi_Sword_Sounds/Magic_Sword_Hit_High_Intensity_03_With_Electric_Spark.uasset
bulk-import-or-template-content	??	Content/Assets/SFX/Combat_SFX_Bundle/WAV/Magic_Sci_Fi_Sword_Sounds/Magic_Sword_Hit_Medium_Intensity_01.uasset
bulk-import-or-template-content	??	Content/Assets/SFX/Combat_SFX_Bundle/WAV/Magic_Sci_Fi_Sword_Sounds/Magic_Sword_Hit_Medium_Intensity_02.uasset
bulk-import-or-template-content	??	Content/Assets/SFX/Combat_SFX_Bundle/WAV/Magic_Sci_Fi_Sword_Sounds/Magic_Sword_Hit_Medium_Intensity_03.uasset
bulk-import-or-template-content	??	Content/Assets/SFX/Combat_SFX_Bundle/WAV/Magic_Sci_Fi_Sword_Sounds/Magic_Sword_Hit_Soft_Intensity_01.uasset
bulk-import-or-template-content	??	Content/Assets/SFX/Combat_SFX_Bundle/WAV/Magic_Sci_Fi_Sword_Sounds/Magic_Sword_Hit_Soft_Intensity_02_Variation.uasset
bulk-import-or-template-content	??	Content/Assets/SFX/Combat_SFX_Bundle/WAV/Magic_Sci_Fi_Sword_Sounds/Magic_Sword_Hit_Soft_Intensity_02.uasset
bulk-import-or-template-content	??	Content/Assets/SFX/Combat_SFX_Bundle/WAV/Magic_Sci_Fi_Sword_Sounds/Magic_Sword_Miss_01.uasset
bulk-import-or-template-content	??	Content/Assets/SFX/Combat_SFX_Bundle/WAV/Magic_Sci_Fi_Sword_Sounds/Magic_Sword_Miss_02.uasset
bulk-import-or-template-content	??	Content/Assets/SFX/Combat_SFX_Bundle/WAV/Magic_Sci_Fi_Sword_Sounds/Magic_Sword_Miss_03.uasset
bulk-import-or-template-content	??	Content/Assets/SFX/Combat_SFX_Bundle/WAV/Magic_Sci_Fi_Sword_Sounds/Magic_Sword_Stab_01.uasset
bulk-import-or-template-content	??	Content/Assets/SFX/Combat_SFX_Bundle/WAV/Magic_Sci_Fi_Sword_Sounds/Magic_Sword_Stab_02.uasset
bulk-import-or-template-content	??	Content/Assets/SFX/Combat_SFX_Bundle/WAV/Magic_Sci_Fi_Sword_Sounds/Magic_Sword_Unfold_Weapon_01.uasset
bulk-import-or-template-content	??	Content/Assets/SFX/Combat_SFX_Bundle/WAV/Magic_Sci_Fi_Sword_Sounds/Magic_Sword_Unfold_Weapon_02.uasset
bulk-import-or-template-content	??	Content/Assets/SFX/Combat_SFX_Bundle/WAV/Magic_Sci_Fi_Sword_Sounds/Magic_Sword_Whoosh_Big_01.uasset
bulk-import-or-template-content	??	Content/Assets/SFX/Combat_SFX_Bundle/WAV/Magic_Sci_Fi_Sword_Sounds/Magic_Sword_Whoosh_Big_02.uasset
bulk-import-or-template-content	??	Content/Assets/SFX/Combat_SFX_Bundle/WAV/Magic_Sci_Fi_Sword_Sounds/Magic_Sword_Whoosh_Fast_01.uasset
bulk-import-or-template-content	??	Content/Assets/SFX/Combat_SFX_Bundle/WAV/Magic_Sci_Fi_Sword_Sounds/Magic_Sword_Whoosh_Fast_02.uasset
bulk-import-or-template-content	??	Content/Assets/SFX/Combat_SFX_Bundle/WAV/Magic_Sci_Fi_Sword_Sounds/Magic_Sword_Whoosh_Fast_03.uasset
bulk-import-or-template-content	??	Content/Assets/SFX/Combat_SFX_Bundle/WAV/Magic_Sci_Fi_Sword_Sounds/Magic_Sword_Whoosh_Soft_Intensity_01.uasset
bulk-import-or-template-content	??	Content/Assets/SFX/Combat_SFX_Bundle/WAV/Magic_Sci_Fi_Sword_Sounds/Magic_Sword_Whoosh_Soft_Intensity_02.uasset
bulk-import-or-template-content	??	Content/Assets/SFX/Combat_SFX_Bundle/WAV/Magic_Sci_Fi_Sword_Sounds/Magic_Sword_Whoosh_Standard.uasset
bulk-import-or-template-content	??	Content/Assets/SFX/Combat_SFX_Bundle/WAV/Magic_Sci_Fi_Sword_Sounds/Projectile_01.uasset
bulk-import-or-template-content	??	Content/Assets/SFX/Combat_SFX_Bundle/WAV/Magic_Sci_Fi_Sword_Sounds/Projectile_02.uasset
bulk-import-or-template-content	??	Content/Assets/SFX/Combat_SFX_Bundle/WAV/Magic_Sci_Fi_Sword_Sounds/Projectile_03.uasset
bulk-import-or-template-content	??	Content/Assets/SFX/Combat_SFX_Bundle/WAV/Magic_Sci_Fi_Sword_Sounds/Projectile_04.uasset
bulk-import-or-template-content	??	Content/Assets/SFX/Combat_SFX_Bundle/WAV/Magic_Sci_Fi_Sword_Sounds/Projectile_05.uasset
bulk-import-or-template-content	??	Content/Assets/SFX/Combat_SFX_Bundle/WAV/Magic_Sci_Fi_Sword_Sounds/Projectile_06.uasset
bulk-import-or-template-content	??	Content/Assets/SFX/Combat_SFX_Bundle/WAV/Magic_Sci_Fi_Sword_Sounds/Projectile_07_Various.uasset
bulk-import-or-template-content	??	Content/Assets/SFX/Combat_SFX_Bundle/WAV/Magic_Sci_Fi_Sword_Sounds/Projectile_Impact_01.uasset
bulk-import-or-template-content	??	Content/Assets/SFX/Combat_SFX_Bundle/WAV/Magic_Sci_Fi_Sword_Sounds/Projectile_Impact_02.uasset
bulk-import-or-template-content	??	Content/Assets/SFX/Combat_SFX_Bundle/WAV/Magic_Sci_Fi_Sword_Sounds/Projectile_Impact_03.uasset
bulk-import-or-template-content	??	Content/Assets/SFX/Combat_SFX_Bundle/WAV/Magic_Sci_Fi_Sword_Sounds/Projectile_Impact_04.uasset
bulk-import-or-template-content	??	Content/Assets/SFX/Combat_SFX_Bundle/WAV/Magic_Sci_Fi_Sword_Sounds/Projectile_Impact_05.uasset
bulk-import-or-template-content	??	Content/Assets/SFX/Combat_SFX_Bundle/WAV/Magic_Sci_Fi_Sword_Sounds/Sci_Fi_Sword_Attack_Critical.uasset
bulk-import-or-template-content	??	Content/Assets/SFX/Combat_SFX_Bundle/WAV/Magic_Sci_Fi_Sword_Sounds/Sci_Fi_Sword_Attack_High_Intensity_01.uasset
bulk-import-or-template-content	??	Content/Assets/SFX/Combat_SFX_Bundle/WAV/Magic_Sci_Fi_Sword_Sounds/Sci_Fi_Sword_Attack_High_Intensity_02.uasset
bulk-import-or-template-content	??	Content/Assets/SFX/Combat_SFX_Bundle/WAV/Magic_Sci_Fi_Sword_Sounds/Sci_Fi_Sword_Attack_High_Intensity_03.uasset
bulk-import-or-template-content	??	Content/Assets/SFX/Combat_SFX_Bundle/WAV/Magic_Sci_Fi_Sword_Sounds/Sci_Fi_Sword_Attack_High_Intensity_04.uasset
bulk-import-or-template-content	??	Content/Assets/SFX/Combat_SFX_Bundle/WAV/Magic_Sci_Fi_Sword_Sounds/Sci_Fi_Sword_Attack_High_Intensity_05.uasset
bulk-import-or-template-content	??	Content/Assets/SFX/Combat_SFX_Bundle/WAV/Magic_Sci_Fi_Sword_Sounds/Sci_Fi_Sword_Attack_High_Intensity_06_Combo_Three_Hits.uasset
bulk-import-or-template-content	??	Content/Assets/SFX/Combat_SFX_Bundle/WAV/Magic_Sci_Fi_Sword_Sounds/Sci_Fi_Sword_Attack_Medium_Intensity_01.uasset
bulk-import-or-template-content	??	Content/Assets/SFX/Combat_SFX_Bundle/WAV/Magic_Sci_Fi_Sword_Sounds/Sci_Fi_Sword_Attack_Medium_Intensity_02.uasset
bulk-import-or-template-content	??	Content/Assets/SFX/Combat_SFX_Bundle/WAV/Magic_Sci_Fi_Sword_Sounds/Sci_Fi_Sword_Attack_Medium_Intensity_03.uasset
bulk-import-or-template-content	??	Content/Assets/SFX/Combat_SFX_Bundle/WAV/Magic_Sci_Fi_Sword_Sounds/Sci_Fi_Sword_Attack_Medium_Intensity_04_Combo_Five_Hits.uasset
bulk-import-or-template-content	??	Content/Assets/SFX/Combat_SFX_Bundle/WAV/Magic_Sci_Fi_Sword_Sounds/Sci_Fi_Sword_Attack_Medium_Intensity_05_Combo_Two_Hits.uasset
bulk-import-or-template-content	??	Content/Assets/SFX/Combat_SFX_Bundle/WAV/Magic_Sci_Fi_Sword_Sounds/Sci_Fi_Sword_Attack_Medium_Intensity_06_Combo_Two_Hits.uasset
bulk-import-or-template-content	??	Content/Assets/SFX/Combat_SFX_Bundle/WAV/Magic_Sci_Fi_Sword_Sounds/Sci_Fi_Sword_Attack_Soft_Intensity_01.uasset
bulk-import-or-template-content	??	Content/Assets/SFX/Combat_SFX_Bundle/WAV/Magic_Sci_Fi_Sword_Sounds/Sci_Fi_Sword_Attack_Soft_Intensity_02.uasset
bulk-import-or-template-content	??	Content/Assets/SFX/Combat_SFX_Bundle/WAV/Magic_Sci_Fi_Sword_Sounds/Sci_Fi_Sword_Attack_Soft_Intensity_03.uasset
bulk-import-or-template-content	??	Content/Assets/SFX/Combat_SFX_Bundle/WAV/Magic_Sci_Fi_Sword_Sounds/Sci_Fi_Sword_Attack_Soft_Intensity_04_Combo_Five_Hits.uasset
bulk-import-or-template-content	??	Content/Assets/SFX/Combat_SFX_Bundle/WAV/Magic_Sci_Fi_Sword_Sounds/Sci_Fi_Sword_Attack_Soft_Intensity_05_Combo_Two_Hits.uasset
bulk-import-or-template-content	??	Content/Assets/SFX/Combat_SFX_Bundle/WAV/Magic_Sci_Fi_Sword_Sounds/Sci_Fi_Sword_Attack_Soft_Intensity_06_Combo_Five_Hits.uasset
bulk-import-or-template-content	??	Content/Assets/SFX/Combat_SFX_Bundle/WAV/Magic_Sci_Fi_Sword_Sounds/Sci_Fi_Sword_Attacks_Loop_01.uasset
bulk-import-or-template-content	??	Content/Assets/SFX/Combat_SFX_Bundle/WAV/Magic_Sci_Fi_Sword_Sounds/Sci_Fi_Sword_Attacks_Loop_02.uasset
bulk-import-or-template-content	??	Content/Assets/SFX/Combat_SFX_Bundle/WAV/Magic_Sci_Fi_Sword_Sounds/Sci_Fi_Sword_Block_01.uasset
bulk-import-or-template-content	??	Content/Assets/SFX/Combat_SFX_Bundle/WAV/Magic_Sci_Fi_Sword_Sounds/Sci_Fi_Sword_Block_02.uasset
bulk-import-or-template-content	??	Content/Assets/SFX/Combat_SFX_Bundle/WAV/Magic_Sci_Fi_Sword_Sounds/Sci_Fi_Sword_Block_03.uasset
bulk-import-or-template-content	??	Content/Assets/SFX/Combat_SFX_Bundle/WAV/Magic_Sci_Fi_Sword_Sounds/Sci_Fi_Sword_Block_04.uasset
bulk-import-or-template-content	??	Content/Assets/SFX/Combat_SFX_Bundle/WAV/Magic_Sci_Fi_Sword_Sounds/Sci_Fi_Sword_Clash_01.uasset
bulk-import-or-template-content	??	Content/Assets/SFX/Combat_SFX_Bundle/WAV/Magic_Sci_Fi_Sword_Sounds/Sci_Fi_Sword_Clash_02.uasset
bulk-import-or-template-content	??	Content/Assets/SFX/Combat_SFX_Bundle/WAV/Magic_Sci_Fi_Sword_Sounds/Sci_Fi_Sword_Clash_03.uasset
bulk-import-or-template-content	??	Content/Assets/SFX/Combat_SFX_Bundle/WAV/Magic_Sci_Fi_Sword_Sounds/Sci_Fi_Sword_Cut_01.uasset
bulk-import-or-template-content	??	Content/Assets/SFX/Combat_SFX_Bundle/WAV/Magic_Sci_Fi_Sword_Sounds/Sci_Fi_Sword_Cut_02.uasset
bulk-import-or-template-content	??	Content/Assets/SFX/Combat_SFX_Bundle/WAV/Magic_Sci_Fi_Sword_Sounds/Sci_Fi_Sword_Cut_03.uasset
bulk-import-or-template-content	??	Content/Assets/SFX/Combat_SFX_Bundle/WAV/Magic_Sci_Fi_Sword_Sounds/Sci_Fi_Sword_Cut_04.uasset
bulk-import-or-template-content	??	Content/Assets/SFX/Combat_SFX_Bundle/WAV/Magic_Sci_Fi_Sword_Sounds/Sci_Fi_Sword_Cut_05.uasset
bulk-import-or-template-content	??	Content/Assets/SFX/Combat_SFX_Bundle/WAV/Magic_Sci_Fi_Sword_Sounds/Sci_Fi_Sword_Cut_Fast_01.uasset
bulk-import-or-template-content	??	Content/Assets/SFX/Combat_SFX_Bundle/WAV/Magic_Sci_Fi_Sword_Sounds/Sci_Fi_Sword_Cut_Fast_02.uasset
bulk-import-or-template-content	??	Content/Assets/SFX/Combat_SFX_Bundle/WAV/Magic_Sci_Fi_Sword_Sounds/Sci_Fi_Sword_Cut_Fast_03.uasset
bulk-import-or-template-content	??	Content/Assets/SFX/Combat_SFX_Bundle/WAV/Magic_Sci_Fi_Sword_Sounds/Sci_Fi_Sword_Cut_Fast_04.uasset
bulk-import-or-template-content	??	Content/Assets/SFX/Combat_SFX_Bundle/WAV/Magic_Sci_Fi_Sword_Sounds/Sci_Fi_Sword_Cut_Fast_05.uasset
bulk-import-or-template-content	??	Content/Assets/SFX/Combat_SFX_Bundle/WAV/Magic_Sci_Fi_Sword_Sounds/Sci_Fi_Sword_Cuts_01_Combo_Various_Hits.uasset
bulk-import-or-template-content	??	Content/Assets/SFX/Combat_SFX_Bundle/WAV/Magic_Sci_Fi_Sword_Sounds/Sci_Fi_Sword_Cuts_02_Combo_various_Hits.uasset
bulk-import-or-template-content	??	Content/Assets/SFX/Combat_SFX_Bundle/WAV/Magic_Sci_Fi_Sword_Sounds/Sci_Fi_Sword_Cuts_03_Combo_Various_Hits.uasset
bulk-import-or-template-content	??	Content/Assets/SFX/Combat_SFX_Bundle/WAV/Magic_Sci_Fi_Sword_Sounds/Sci_Fi_Sword_Cuts_04_Combo_various_Hits.uasset
bulk-import-or-template-content	??	Content/Assets/SFX/Combat_SFX_Bundle/WAV/Magic_Sci_Fi_Sword_Sounds/Sci_Fi_Sword_Electric_Sparks.uasset
bulk-import-or-template-content	??	Content/Assets/SFX/Combat_SFX_Bundle/WAV/Magic_Sci_Fi_Sword_Sounds/Sci_Fi_Sword_Hits_Various.uasset
bulk-import-or-template-content	??	Content/Assets/SFX/Combat_SFX_Bundle/WAV/Magic_Sci_Fi_Sword_Sounds/Sci_Fi_Sword_Miss_01.uasset
bulk-import-or-template-content	??	Content/Assets/SFX/Combat_SFX_Bundle/WAV/Magic_Sci_Fi_Sword_Sounds/Sci_Fi_Sword_Miss_02.uasset
bulk-import-or-template-content	??	Content/Assets/SFX/Combat_SFX_Bundle/WAV/Magic_Sci_Fi_Sword_Sounds/Sci_Fi_Sword_Miss_03.uasset
bulk-import-or-template-content	??	Content/Assets/SFX/Combat_SFX_Bundle/WAV/Magic_Sci_Fi_Sword_Sounds/Sci_Fi_Sword_Miss_04_With_Electric_Spark.uasset
bulk-import-or-template-content	??	Content/Assets/SFX/Combat_SFX_Bundle/WAV/Magic_Sci_Fi_Sword_Sounds/Sci_Fi_Sword_Stab.uasset
bulk-import-or-template-content	??	Content/Assets/SFX/Combat_SFX_Bundle/WAV/Magic_Sci_Fi_Sword_Sounds/Sci_Fi_Sword_Unfold_Weapon_01.uasset
bulk-import-or-template-content	??	Content/Assets/SFX/Combat_SFX_Bundle/WAV/Magic_Sci_Fi_Sword_Sounds/Sci_Fi_Sword_Unfold_Weapon_02.uasset
bulk-import-or-template-content	??	Content/Assets/SFX/Combat_SFX_Bundle/WAV/Magic_Sci_Fi_Sword_Sounds/Sci_Fi_Sword_Whoosh_Big_Intensity.uasset
bulk-import-or-template-content	??	Content/Assets/SFX/Combat_SFX_Bundle/WAV/Magic_Sci_Fi_Sword_Sounds/Sci_Fi_Sword_Whoosh_Fast_01.uasset
bulk-import-or-template-content	??	Content/Assets/SFX/Combat_SFX_Bundle/WAV/Magic_Sci_Fi_Sword_Sounds/Sci_Fi_Sword_Whoosh_Fast_02.uasset
bulk-import-or-template-content	??	Content/Assets/SFX/Combat_SFX_Bundle/WAV/Magic_Sci_Fi_Sword_Sounds/Sci_Fi_Sword_Whoosh_Medium_Intensity_01.uasset
bulk-import-or-template-content	??	Content/Assets/SFX/Combat_SFX_Bundle/WAV/Magic_Sci_Fi_Sword_Sounds/Sci_Fi_Sword_Whoosh_Medium_Intensity_02.uasset
bulk-import-or-template-content	??	Content/Assets/SFX/Combat_SFX_Bundle/WAV/Magic_Sci_Fi_Sword_Sounds/Sci_Fi_Sword_Whoosh_Soft_Intensity_01.uasset
bulk-import-or-template-content	??	Content/Assets/SFX/Combat_SFX_Bundle/WAV/Magic_Sci_Fi_Sword_Sounds/Sci_Fi_Sword_Whoosh_Soft_Intensity_02.uasset
bulk-import-or-template-content	??	Content/Assets/SFX/Combat_SFX_Bundle/WAV/Magic_Sci_Fi_Sword_Sounds/Spell_01.uasset
bulk-import-or-template-content	??	Content/Assets/SFX/Combat_SFX_Bundle/WAV/Magic_Sci_Fi_Sword_Sounds/Spell_02.uasset
bulk-import-or-template-content	??	Content/Assets/SFX/Combat_SFX_Bundle/WAV/Magic_Sci_Fi_Sword_Sounds/Spell_03.uasset
bulk-import-or-template-content	??	Content/Assets/SFX/Combat_SFX_Bundle/WAV/Magic_Sci_Fi_Sword_Sounds/Spell_04.uasset
bulk-import-or-template-content	??	Content/Assets/SFX/Combat_SFX_Bundle/WAV/Magic_Sci_Fi_Sword_Sounds/Spell_05.uasset
bulk-import-or-template-content	??	Content/Assets/SFX/Combat_SFX_Bundle/WAV/Magic_Sci_Fi_Sword_Sounds/Spell_06.uasset
bulk-import-or-template-content	??	Content/Assets/SFX/Combat_SFX_Bundle/WAV/Magic_Sci_Fi_Sword_Sounds/Spell_07.uasset
bulk-import-or-template-content	??	Content/Assets/SFX/Combat_SFX_Bundle/WAV/Magic_Sci_Fi_Sword_Sounds/Spell_08.uasset
bulk-import-or-template-content	??	Content/Assets/SFX/Combat_SFX_Bundle/WAV/Magic_Sci_Fi_Sword_Sounds/Spell_09.uasset
bulk-import-or-template-content	??	Content/Assets/SFX/Combat_SFX_Bundle/WAV/Magic_Sci_Fi_Sword_Sounds/Spell_10.uasset
bulk-import-or-template-content	??	Content/Assets/SFX/Combat_SFX_Bundle/WAV/Magic_Sci_Fi_Sword_Sounds/Spell_11.uasset
bulk-import-or-template-content	??	Content/Assets/SFX/Combat_SFX_Bundle/WAV/Magic_Sci_Fi_Sword_Sounds/Spell_12.uasset
bulk-import-or-template-content	??	Content/Assets/SFX/Combat_SFX_Bundle/WAV/Magic_Sci_Fi_Sword_Sounds/Spell_13_Various_Hits.uasset
bulk-import-or-template-content	??	Content/Assets/SFX/Combat_SFX_Bundle/WAV/Magic_Sci_Fi_Sword_Sounds/Spell_Block.uasset
bulk-import-or-template-content	??	Content/Assets/SFX/Combat_SFX_Bundle/WAV/Magic_Sci_Fi_Sword_Sounds/Spell_Electricity.uasset
bulk-import-or-template-content	??	Content/Assets/SFX/Combat_SFX_Bundle/WAV/Magic_Sci_Fi_Sword_Sounds/Spell_Fast_Electricity_01.uasset
bulk-import-or-template-content	??	Content/Assets/SFX/Combat_SFX_Bundle/WAV/Magic_Sci_Fi_Sword_Sounds/Spell_Fast_Electricity_02.uasset
bulk-import-or-template-content	??	Content/Assets/SFX/Combat_SFX_Bundle/WAV/Magic_Sci_Fi_Sword_Sounds/Spell_Fast_Electricity_03.uasset
bulk-import-or-template-content	??	Content/Assets/SFX/Combat_SFX_Bundle/WAV/Magic_Sci_Fi_Sword_Sounds/Spell_Protection_01.uasset
bulk-import-or-template-content	??	Content/Assets/SFX/Combat_SFX_Bundle/WAV/Magic_Sci_Fi_Sword_Sounds/Spell_Protection_02.uasset
bulk-import-or-template-content	??	Content/Assets/SFX/Combat_SFX_Bundle/WAV/Magic_Sci_Fi_Sword_Sounds/Spell_Protection_03.uasset
bulk-import-or-template-content	??	Content/Assets/SFX/Combat_SFX_Bundle/WAV/Magic_Sci_Fi_Sword_Sounds/UI_01.uasset
bulk-import-or-template-content	??	Content/Assets/SFX/Combat_SFX_Bundle/WAV/Magic_Sci_Fi_Sword_Sounds/UI_02.uasset
bulk-import-or-template-content	??	Content/Assets/SFX/Combat_SFX_Bundle/WAV/Magic_Sci_Fi_Sword_Sounds/UI_03.uasset
bulk-import-or-template-content	??	Content/Assets/SFX/Combat_SFX_Bundle/WAV/Magic_Sci_Fi_Sword_Sounds/UI_04.uasset
bulk-import-or-template-content	??	Content/Assets/SFX/Combat_SFX_Bundle/WAV/Magic_Sci_Fi_Sword_Sounds/UI_05.uasset
bulk-import-or-template-content	??	Content/Assets/SFX/Combat_SFX_Bundle/WAV/Magic_Sci_Fi_Sword_Sounds/Whip_01.uasset
bulk-import-or-template-content	??	Content/Assets/SFX/Combat_SFX_Bundle/WAV/Magic_Sci_Fi_Sword_Sounds/Whip_02.uasset
bulk-import-or-template-content	??	Content/Assets/SFX/Combat_SFX_Bundle/WAV/Magic_Weapons_Sounds/Airy_Weapon_Attack_01.uasset
bulk-import-or-template-content	??	Content/Assets/SFX/Combat_SFX_Bundle/WAV/Magic_Weapons_Sounds/Airy_Weapon_Attack_02.uasset
bulk-import-or-template-content	??	Content/Assets/SFX/Combat_SFX_Bundle/WAV/Magic_Weapons_Sounds/Airy_Weapon_Attack_03.uasset
bulk-import-or-template-content	??	Content/Assets/SFX/Combat_SFX_Bundle/WAV/Magic_Weapons_Sounds/Airy_Weapon_Attack_04.uasset
bulk-import-or-template-content	??	Content/Assets/SFX/Combat_SFX_Bundle/WAV/Magic_Weapons_Sounds/Airy_Weapon_Attack_05.uasset
bulk-import-or-template-content	??	Content/Assets/SFX/Combat_SFX_Bundle/WAV/Magic_Weapons_Sounds/Airy_Weapon_Hit_Critical.uasset
bulk-import-or-template-content	??	Content/Assets/SFX/Combat_SFX_Bundle/WAV/Magic_Weapons_Sounds/Anime_Weapon_Attack_01.uasset
bulk-import-or-template-content	??	Content/Assets/SFX/Combat_SFX_Bundle/WAV/Magic_Weapons_Sounds/Anime_Weapon_Attack_02.uasset
bulk-import-or-template-content	??	Content/Assets/SFX/Combat_SFX_Bundle/WAV/Magic_Weapons_Sounds/Anime_Weapon_Attack_03.uasset
bulk-import-or-template-content	??	Content/Assets/SFX/Combat_SFX_Bundle/WAV/Magic_Weapons_Sounds/Anime_Weapon_Attack_04.uasset
bulk-import-or-template-content	??	Content/Assets/SFX/Combat_SFX_Bundle/WAV/Magic_Weapons_Sounds/Anime_Weapon_Attack_05.uasset
bulk-import-or-template-content	??	Content/Assets/SFX/Combat_SFX_Bundle/WAV/Magic_Weapons_Sounds/Anime_Weapon_Attack_Critical.uasset
bulk-import-or-template-content	??	Content/Assets/SFX/Combat_SFX_Bundle/WAV/Magic_Weapons_Sounds/Big_Weapon_Attack_01.uasset
bulk-import-or-template-content	??	Content/Assets/SFX/Combat_SFX_Bundle/WAV/Magic_Weapons_Sounds/Big_Weapon_Attack_02.uasset
bulk-import-or-template-content	??	Content/Assets/SFX/Combat_SFX_Bundle/WAV/Magic_Weapons_Sounds/Big_Weapon_Attack_03.uasset
bulk-import-or-template-content	??	Content/Assets/SFX/Combat_SFX_Bundle/WAV/Magic_Weapons_Sounds/Big_Weapon_Attack_04.uasset
bulk-import-or-template-content	??	Content/Assets/SFX/Combat_SFX_Bundle/WAV/Magic_Weapons_Sounds/Big_Weapon_Attack_05.uasset
bulk-import-or-template-content	??	Content/Assets/SFX/Combat_SFX_Bundle/WAV/Magic_Weapons_Sounds/Big_Weapon_Attack_Critical.uasset
bulk-import-or-template-content	??	Content/Assets/SFX/Combat_SFX_Bundle/WAV/Magic_Weapons_Sounds/Crystal_Magic_Slash_01.uasset
bulk-import-or-template-content	??	Content/Assets/SFX/Combat_SFX_Bundle/WAV/Magic_Weapons_Sounds/Crystal_Magic_Slash_02.uasset
bulk-import-or-template-content	??	Content/Assets/SFX/Combat_SFX_Bundle/WAV/Magic_Weapons_Sounds/Crystal_Magic_Slash_03.uasset
bulk-import-or-template-content	??	Content/Assets/SFX/Combat_SFX_Bundle/WAV/Magic_Weapons_Sounds/Crystal_Magic_Slash_04.uasset
bulk-import-or-template-content	??	Content/Assets/SFX/Combat_SFX_Bundle/WAV/Magic_Weapons_Sounds/Double_Hit_Fantasy_Weapon_01.uasset
bulk-import-or-template-content	??	Content/Assets/SFX/Combat_SFX_Bundle/WAV/Magic_Weapons_Sounds/Double_Hit_Fantasy_Weapon_02.uasset
bulk-import-or-template-content	??	Content/Assets/SFX/Combat_SFX_Bundle/WAV/Magic_Weapons_Sounds/Earth_Weapon_Attack_01.uasset
bulk-import-or-template-content	??	Content/Assets/SFX/Combat_SFX_Bundle/WAV/Magic_Weapons_Sounds/Earth_Weapon_Attack_02.uasset
bulk-import-or-template-content	??	Content/Assets/SFX/Combat_SFX_Bundle/WAV/Magic_Weapons_Sounds/Earth_Weapon_Attack_03.uasset
bulk-import-or-template-content	??	Content/Assets/SFX/Combat_SFX_Bundle/WAV/Magic_Weapons_Sounds/Earth_Weapon_Attack_04.uasset
bulk-import-or-template-content	??	Content/Assets/SFX/Combat_SFX_Bundle/WAV/Magic_Weapons_Sounds/Earth_Weapon_Attack_05.uasset
bulk-import-or-template-content	??	Content/Assets/SFX/Combat_SFX_Bundle/WAV/Magic_Weapons_Sounds/Earth_Weapon_Attack_Critical.uasset
bulk-import-or-template-content	??	Content/Assets/SFX/Combat_SFX_Bundle/WAV/Magic_Weapons_Sounds/Energy_Sparks_Weapon_Attack_01.uasset
bulk-import-or-template-content	??	Content/Assets/SFX/Combat_SFX_Bundle/WAV/Magic_Weapons_Sounds/Energy_Sparks_Weapon_Attack_02.uasset
bulk-import-or-template-content	??	Content/Assets/SFX/Combat_SFX_Bundle/WAV/Magic_Weapons_Sounds/Energy_Sparks_Weapon_Attack_03.uasset
bulk-import-or-template-content	??	Content/Assets/SFX/Combat_SFX_Bundle/WAV/Magic_Weapons_Sounds/Energy_Sparks_Weapon_Attack_04.uasset
bulk-import-or-template-content	??	Content/Assets/SFX/Combat_SFX_Bundle/WAV/Magic_Weapons_Sounds/Energy_Sparks_Weapon_Attack_05.uasset
bulk-import-or-template-content	??	Content/Assets/SFX/Combat_SFX_Bundle/WAV/Magic_Weapons_Sounds/Energy_Sparks_Weapon_Attack_Critical.uasset
bulk-import-or-template-content	??	Content/Assets/SFX/Combat_SFX_Bundle/WAV/Magic_Weapons_Sounds/Ethereal_Attack_01.uasset
bulk-import-or-template-content	??	Content/Assets/SFX/Combat_SFX_Bundle/WAV/Magic_Weapons_Sounds/Ethereal_Attack_02.uasset
bulk-import-or-template-content	??	Content/Assets/SFX/Combat_SFX_Bundle/WAV/Magic_Weapons_Sounds/Ethereal_Attack_03.uasset
bulk-import-or-template-content	??	Content/Assets/SFX/Combat_SFX_Bundle/WAV/Magic_Weapons_Sounds/Ethereal_Attack_04.uasset
bulk-import-or-template-content	??	Content/Assets/SFX/Combat_SFX_Bundle/WAV/Magic_Weapons_Sounds/Ethereal_Slash_01.uasset
bulk-import-or-template-content	??	Content/Assets/SFX/Combat_SFX_Bundle/WAV/Magic_Weapons_Sounds/Ethereal_Slash_02.uasset
bulk-import-or-template-content	??	Content/Assets/SFX/Combat_SFX_Bundle/WAV/Magic_Weapons_Sounds/Explosive_Weapon_Attack_01.uasset
bulk-import-or-template-content	??	Content/Assets/SFX/Combat_SFX_Bundle/WAV/Magic_Weapons_Sounds/Explosive_Weapon_Attack_02.uasset
bulk-import-or-template-content	??	Content/Assets/SFX/Combat_SFX_Bundle/WAV/Magic_Weapons_Sounds/Explosive_Weapon_Attack_03.uasset
bulk-import-or-template-content	??	Content/Assets/SFX/Combat_SFX_Bundle/WAV/Magic_Weapons_Sounds/Explosive_Weapon_Attack_04.uasset
bulk-import-or-template-content	??	Content/Assets/SFX/Combat_SFX_Bundle/WAV/Magic_Weapons_Sounds/Explosive_Weapon_Attack_Critical.uasset
bulk-import-or-template-content	??	Content/Assets/SFX/Combat_SFX_Bundle/WAV/Magic_Weapons_Sounds/Fantasy_Weapon_Attack_01.uasset
bulk-import-or-template-content	??	Content/Assets/SFX/Combat_SFX_Bundle/WAV/Magic_Weapons_Sounds/Fantasy_Weapon_Attack_02.uasset
bulk-import-or-template-content	??	Content/Assets/SFX/Combat_SFX_Bundle/WAV/Magic_Weapons_Sounds/Fantasy_Weapon_Attack_03.uasset
bulk-import-or-template-content	??	Content/Assets/SFX/Combat_SFX_Bundle/WAV/Magic_Weapons_Sounds/Fantasy_Weapon_Attack_04.uasset
bulk-import-or-template-content	??	Content/Assets/SFX/Combat_SFX_Bundle/WAV/Magic_Weapons_Sounds/Fantasy_Weapon_Attack_05.uasset
bulk-import-or-template-content	??	Content/Assets/SFX/Combat_SFX_Bundle/WAV/Magic_Weapons_Sounds/Fantasy_Weapon_Attack_06.uasset
bulk-import-or-template-content	??	Content/Assets/SFX/Combat_SFX_Bundle/WAV/Magic_Weapons_Sounds/Fantasy_Weapon_Attack_Critical.uasset
bulk-import-or-template-content	??	Content/Assets/SFX/Combat_SFX_Bundle/WAV/Magic_Weapons_Sounds/Fire_Weapon_Attack_01.uasset
bulk-import-or-template-content	??	Content/Assets/SFX/Combat_SFX_Bundle/WAV/Magic_Weapons_Sounds/Fire_Weapon_Attack_02.uasset
bulk-import-or-template-content	??	Content/Assets/SFX/Combat_SFX_Bundle/WAV/Magic_Weapons_Sounds/Fire_Weapon_Attack_03.uasset
bulk-import-or-template-content	??	Content/Assets/SFX/Combat_SFX_Bundle/WAV/Magic_Weapons_Sounds/Fire_Weapon_Attack_04.uasset
bulk-import-or-template-content	??	Content/Assets/SFX/Combat_SFX_Bundle/WAV/Magic_Weapons_Sounds/Fire_Weapon_Attack_Critical_01.uasset
bulk-import-or-template-content	??	Content/Assets/SFX/Combat_SFX_Bundle/WAV/Magic_Weapons_Sounds/Fire_Weapon_Attack_Critical_02.uasset
bulk-import-or-template-content	??	Content/Assets/SFX/Combat_SFX_Bundle/WAV/Magic_Weapons_Sounds/Funny_Weapon_Attack_01.uasset
bulk-import-or-template-content	??	Content/Assets/SFX/Combat_SFX_Bundle/WAV/Magic_Weapons_Sounds/Funny_Weapon_Attack_02.uasset
bulk-import-or-template-content	??	Content/Assets/SFX/Combat_SFX_Bundle/WAV/Magic_Weapons_Sounds/Funny_Weapon_Attack_03.uasset
bulk-import-or-template-content	??	Content/Assets/SFX/Combat_SFX_Bundle/WAV/Magic_Weapons_Sounds/Funny_Weapon_Attack_04.uasset
bulk-import-or-template-content	??	Content/Assets/SFX/Combat_SFX_Bundle/WAV/Magic_Weapons_Sounds/Funny_Weapon_Attack_05.uasset
bulk-import-or-template-content	??	Content/Assets/SFX/Combat_SFX_Bundle/WAV/Magic_Weapons_Sounds/Funny_Weapon_Attack_Critical.uasset
bulk-import-or-template-content	??	Content/Assets/SFX/Combat_SFX_Bundle/WAV/Magic_Weapons_Sounds/Futuristic_Weapon_Attack_01.uasset
bulk-import-or-template-content	??	Content/Assets/SFX/Combat_SFX_Bundle/WAV/Magic_Weapons_Sounds/Futuristic_Weapon_Attack_02.uasset
bulk-import-or-template-content	??	Content/Assets/SFX/Combat_SFX_Bundle/WAV/Magic_Weapons_Sounds/Futuristic_Weapon_Attack_03.uasset
bulk-import-or-template-content	??	Content/Assets/SFX/Combat_SFX_Bundle/WAV/Magic_Weapons_Sounds/Futuristic_Weapon_Attack_04.uasset
bulk-import-or-template-content	??	Content/Assets/SFX/Combat_SFX_Bundle/WAV/Magic_Weapons_Sounds/Futuristic_Weapon_Attack_05.uasset
bulk-import-or-template-content	??	Content/Assets/SFX/Combat_SFX_Bundle/WAV/Magic_Weapons_Sounds/Futuristic_Weapon_Attack_Critical.uasset
bulk-import-or-template-content	??	Content/Assets/SFX/Combat_SFX_Bundle/WAV/Magic_Weapons_Sounds/Glass_Weapon_Attack_01.uasset
bulk-import-or-template-content	??	Content/Assets/SFX/Combat_SFX_Bundle/WAV/Magic_Weapons_Sounds/Glass_Weapon_Attack_02.uasset
bulk-import-or-template-content	??	Content/Assets/SFX/Combat_SFX_Bundle/WAV/Magic_Weapons_Sounds/Glass_Weapon_Attack_03.uasset
bulk-import-or-template-content	??	Content/Assets/SFX/Combat_SFX_Bundle/WAV/Magic_Weapons_Sounds/Glass_Weapon_Attack_04.uasset
bulk-import-or-template-content	??	Content/Assets/SFX/Combat_SFX_Bundle/WAV/Magic_Weapons_Sounds/Glass_Weapon_Attack_05.uasset
bulk-import-or-template-content	??	Content/Assets/SFX/Combat_SFX_Bundle/WAV/Magic_Weapons_Sounds/Glass_Weapon_Attack_Critical.uasset
bulk-import-or-template-content	??	Content/Assets/SFX/Combat_SFX_Bundle/WAV/Magic_Weapons_Sounds/Hardcore_Weapon_Attack_01.uasset
bulk-import-or-template-content	??	Content/Assets/SFX/Combat_SFX_Bundle/WAV/Magic_Weapons_Sounds/Hardcore_Weapon_Attack_02.uasset
bulk-import-or-template-content	??	Content/Assets/SFX/Combat_SFX_Bundle/WAV/Magic_Weapons_Sounds/Hardcore_Weapon_Attack_03.uasset
bulk-import-or-template-content	??	Content/Assets/SFX/Combat_SFX_Bundle/WAV/Magic_Weapons_Sounds/Hardcore_Weapon_Attack_04.uasset
bulk-import-or-template-content	??	Content/Assets/SFX/Combat_SFX_Bundle/WAV/Magic_Weapons_Sounds/Hardcore_Weapon_Attack_Critical.uasset
bulk-import-or-template-content	??	Content/Assets/SFX/Combat_SFX_Bundle/WAV/Magic_Weapons_Sounds/Hit_Mark_01.uasset
bulk-import-or-template-content	??	Content/Assets/SFX/Combat_SFX_Bundle/WAV/Magic_Weapons_Sounds/Hit_Mark_02.uasset
bulk-import-or-template-content	??	Content/Assets/SFX/Combat_SFX_Bundle/WAV/Magic_Weapons_Sounds/Hit_Mark_03.uasset
bulk-import-or-template-content	??	Content/Assets/SFX/Combat_SFX_Bundle/WAV/Magic_Weapons_Sounds/Hit_Mark_04.uasset
bulk-import-or-template-content	??	Content/Assets/SFX/Combat_SFX_Bundle/WAV/Magic_Weapons_Sounds/Hit_Mark_05.uasset
bulk-import-or-template-content	??	Content/Assets/SFX/Combat_SFX_Bundle/WAV/Magic_Weapons_Sounds/Holy_Weapon_Attack_01.uasset
bulk-import-or-template-content	??	Content/Assets/SFX/Combat_SFX_Bundle/WAV/Magic_Weapons_Sounds/Holy_Weapon_Attack_02.uasset
bulk-import-or-template-content	??	Content/Assets/SFX/Combat_SFX_Bundle/WAV/Magic_Weapons_Sounds/Holy_Weapon_Attack_03.uasset
bulk-import-or-template-content	??	Content/Assets/SFX/Combat_SFX_Bundle/WAV/Magic_Weapons_Sounds/Holy_Weapon_Attack_04.uasset
bulk-import-or-template-content	??	Content/Assets/SFX/Combat_SFX_Bundle/WAV/Magic_Weapons_Sounds/Holy_Weapon_Attack_05.uasset
bulk-import-or-template-content	??	Content/Assets/SFX/Combat_SFX_Bundle/WAV/Magic_Weapons_Sounds/Holy_Weapon_Attack_Critical.uasset
bulk-import-or-template-content	??	Content/Assets/SFX/Combat_SFX_Bundle/WAV/Magic_Weapons_Sounds/Ice_Weapon_Attack_01.uasset
bulk-import-or-template-content	??	Content/Assets/SFX/Combat_SFX_Bundle/WAV/Magic_Weapons_Sounds/Ice_Weapon_Attack_02.uasset
bulk-import-or-template-content	??	Content/Assets/SFX/Combat_SFX_Bundle/WAV/Magic_Weapons_Sounds/Ice_Weapon_Attack_03.uasset
bulk-import-or-template-content	??	Content/Assets/SFX/Combat_SFX_Bundle/WAV/Magic_Weapons_Sounds/Ice_Weapon_Attack_04.uasset
bulk-import-or-template-content	??	Content/Assets/SFX/Combat_SFX_Bundle/WAV/Magic_Weapons_Sounds/Ice_Weapon_Attack_05.uasset
bulk-import-or-template-content	??	Content/Assets/SFX/Combat_SFX_Bundle/WAV/Magic_Weapons_Sounds/Ice_Weapon_Attack_Critical.uasset
bulk-import-or-template-content	??	Content/Assets/SFX/Combat_SFX_Bundle/WAV/Magic_Weapons_Sounds/Laser_Weapon_Attack_01.uasset
bulk-import-or-template-content	??	Content/Assets/SFX/Combat_SFX_Bundle/WAV/Magic_Weapons_Sounds/Laser_Weapon_Attack_02.uasset
bulk-import-or-template-content	??	Content/Assets/SFX/Combat_SFX_Bundle/WAV/Magic_Weapons_Sounds/Laser_Weapon_Attack_03.uasset
bulk-import-or-template-content	??	Content/Assets/SFX/Combat_SFX_Bundle/WAV/Magic_Weapons_Sounds/Laser_Weapon_Attack_04.uasset
bulk-import-or-template-content	??	Content/Assets/SFX/Combat_SFX_Bundle/WAV/Magic_Weapons_Sounds/Laser_Weapon_Attack_Critical.uasset
bulk-import-or-template-content	??	Content/Assets/SFX/Combat_SFX_Bundle/WAV/Magic_Weapons_Sounds/Magic_Dagger_Attack_01.uasset
bulk-import-or-template-content	??	Content/Assets/SFX/Combat_SFX_Bundle/WAV/Magic_Weapons_Sounds/Magic_Dagger_Attack_02.uasset
bulk-import-or-template-content	??	Content/Assets/SFX/Combat_SFX_Bundle/WAV/Magic_Weapons_Sounds/Magic_Dagger_Attack_03.uasset
bulk-import-or-template-content	??	Content/Assets/SFX/Combat_SFX_Bundle/WAV/Magic_Weapons_Sounds/Magic_Dagger_Attack_04.uasset
bulk-import-or-template-content	??	Content/Assets/SFX/Combat_SFX_Bundle/WAV/Magic_Weapons_Sounds/Magic_Dagger_Attack_05.uasset
bulk-import-or-template-content	??	Content/Assets/SFX/Combat_SFX_Bundle/WAV/Magic_Weapons_Sounds/Magic_Dagger_Attack_06.uasset
bulk-import-or-template-content	??	Content/Assets/SFX/Combat_SFX_Bundle/WAV/Magic_Weapons_Sounds/Magic_Dagger_Attack_Critical.uasset
bulk-import-or-template-content	??	Content/Assets/SFX/Combat_SFX_Bundle/WAV/Magic_Weapons_Sounds/Mechanical_Weapon_Attack_01.uasset
bulk-import-or-template-content	??	Content/Assets/SFX/Combat_SFX_Bundle/WAV/Magic_Weapons_Sounds/Mechanical_Weapon_Attack_02.uasset
bulk-import-or-template-content	??	Content/Assets/SFX/Combat_SFX_Bundle/WAV/Magic_Weapons_Sounds/Mechanical_Weapon_Attack_03.uasset
bulk-import-or-template-content	??	Content/Assets/SFX/Combat_SFX_Bundle/WAV/Magic_Weapons_Sounds/Mechanical_Weapon_Attack_04.uasset
bulk-import-or-template-content	??	Content/Assets/SFX/Combat_SFX_Bundle/WAV/Magic_Weapons_Sounds/Mechanical_Weapon_Attack_Critical.uasset
bulk-import-or-template-content	??	Content/Assets/SFX/Combat_SFX_Bundle/WAV/Magic_Weapons_Sounds/Melodic_Weapon_Attack_01.uasset
bulk-import-or-template-content	??	Content/Assets/SFX/Combat_SFX_Bundle/WAV/Magic_Weapons_Sounds/Melodic_Weapon_Attack_02.uasset
bulk-import-or-template-content	??	Content/Assets/SFX/Combat_SFX_Bundle/WAV/Magic_Weapons_Sounds/Melodic_Weapon_Attack_03.uasset
bulk-import-or-template-content	??	Content/Assets/SFX/Combat_SFX_Bundle/WAV/Magic_Weapons_Sounds/Melodic_Weapon_Attack_04.uasset
bulk-import-or-template-content	??	Content/Assets/SFX/Combat_SFX_Bundle/WAV/Magic_Weapons_Sounds/Metal_Weapon_Attack_01.uasset
bulk-import-or-template-content	??	Content/Assets/SFX/Combat_SFX_Bundle/WAV/Magic_Weapons_Sounds/Metal_Weapon_Attack_02.uasset
bulk-import-or-template-content	??	Content/Assets/SFX/Combat_SFX_Bundle/WAV/Magic_Weapons_Sounds/Metal_Weapon_Attack_03.uasset
bulk-import-or-template-content	??	Content/Assets/SFX/Combat_SFX_Bundle/WAV/Magic_Weapons_Sounds/Metal_Weapon_Attack_04.uasset
bulk-import-or-template-content	??	Content/Assets/SFX/Combat_SFX_Bundle/WAV/Magic_Weapons_Sounds/Metal_Weapon_Attack_Critical.uasset
bulk-import-or-template-content	??	Content/Assets/SFX/Combat_SFX_Bundle/WAV/Magic_Weapons_Sounds/Robotic_Weapon_Attack_01.uasset
bulk-import-or-template-content	??	Content/Assets/SFX/Combat_SFX_Bundle/WAV/Magic_Weapons_Sounds/Robotic_Weapon_Attack_02.uasset
bulk-import-or-template-content	??	Content/Assets/SFX/Combat_SFX_Bundle/WAV/Magic_Weapons_Sounds/Robotic_Weapon_Attack_03.uasset
bulk-import-or-template-content	??	Content/Assets/SFX/Combat_SFX_Bundle/WAV/Magic_Weapons_Sounds/Robotic_Weapon_Attack_Critical.uasset
bulk-import-or-template-content	??	Content/Assets/SFX/Combat_SFX_Bundle/WAV/Magic_Weapons_Sounds/Shadow_Weapon_Attack_01.uasset
bulk-import-or-template-content	??	Content/Assets/SFX/Combat_SFX_Bundle/WAV/Magic_Weapons_Sounds/Shadow_Weapon_Attack_02.uasset
bulk-import-or-template-content	??	Content/Assets/SFX/Combat_SFX_Bundle/WAV/Magic_Weapons_Sounds/Shadow_Weapon_Attack_03.uasset
bulk-import-or-template-content	??	Content/Assets/SFX/Combat_SFX_Bundle/WAV/Magic_Weapons_Sounds/Shadow_Weapon_Attack_04.uasset
bulk-import-or-template-content	??	Content/Assets/SFX/Combat_SFX_Bundle/WAV/Magic_Weapons_Sounds/Shadow_Weapon_Attack_Critical.uasset
bulk-import-or-template-content	??	Content/Assets/SFX/Combat_SFX_Bundle/WAV/Magic_Weapons_Sounds/Thin_Magic_Weapon_Attack_01.uasset
bulk-import-or-template-content	??	Content/Assets/SFX/Combat_SFX_Bundle/WAV/Magic_Weapons_Sounds/Thin_Magic_Weapon_Attack_02.uasset
bulk-import-or-template-content	??	Content/Assets/SFX/Combat_SFX_Bundle/WAV/Magic_Weapons_Sounds/Thin_Magic_Weapon_Attack_03.uasset
bulk-import-or-template-content	??	Content/Assets/SFX/Combat_SFX_Bundle/WAV/Magic_Weapons_Sounds/Thin_Magic_Weapon_Attack_04.uasset
bulk-import-or-template-content	??	Content/Assets/SFX/Combat_SFX_Bundle/WAV/Magic_Weapons_Sounds/Thin_Magic_Weapon_Attack_05.uasset
bulk-import-or-template-content	??	Content/Assets/SFX/Combat_SFX_Bundle/WAV/Magic_Weapons_Sounds/Thin_Magic_Weapon_Attack_06.uasset
bulk-import-or-template-content	??	Content/Assets/SFX/Combat_SFX_Bundle/WAV/Magic_Weapons_Sounds/Thin_Magic_Weapon_Attack_Critical.uasset
bulk-import-or-template-content	??	Content/Assets/SFX/Combat_SFX_Bundle/WAV/Magic_Weapons_Sounds/Thunder_Weapon_Attack_01.uasset
bulk-import-or-template-content	??	Content/Assets/SFX/Combat_SFX_Bundle/WAV/Magic_Weapons_Sounds/Thunder_Weapon_Attack_02.uasset
bulk-import-or-template-content	??	Content/Assets/SFX/Combat_SFX_Bundle/WAV/Magic_Weapons_Sounds/Thunder_Weapon_Attack_03.uasset
bulk-import-or-template-content	??	Content/Assets/SFX/Combat_SFX_Bundle/WAV/Magic_Weapons_Sounds/Thunder_Weapon_Attack_04.uasset
bulk-import-or-template-content	??	Content/Assets/SFX/Combat_SFX_Bundle/WAV/Magic_Weapons_Sounds/Thunder_Weapon_Attack_Critical.uasset
bulk-import-or-template-content	??	Content/Assets/SFX/Combat_SFX_Bundle/WAV/Magic_Weapons_Sounds/Water_Weapon_Attack_01.uasset
bulk-import-or-template-content	??	Content/Assets/SFX/Combat_SFX_Bundle/WAV/Magic_Weapons_Sounds/Water_Weapon_Attack_02.uasset
bulk-import-or-template-content	??	Content/Assets/SFX/Combat_SFX_Bundle/WAV/Magic_Weapons_Sounds/Water_Weapon_Attack_03.uasset
bulk-import-or-template-content	??	Content/Assets/SFX/Combat_SFX_Bundle/WAV/Magic_Weapons_Sounds/Water_Weapon_Attack_04.uasset
bulk-import-or-template-content	??	Content/Assets/SFX/Combat_SFX_Bundle/WAV/Magic_Weapons_Sounds/Water_Weapon_Attack_Critical.uasset
bulk-import-or-template-content	??	Content/Assets/SFX/Combat_SFX_Bundle/WAV/Magic_Weapons_Sounds/Wind_Weapon_Attack_01.uasset
bulk-import-or-template-content	??	Content/Assets/SFX/Combat_SFX_Bundle/WAV/Magic_Weapons_Sounds/Wind_Weapon_Attack_02.uasset
bulk-import-or-template-content	??	Content/Assets/SFX/Combat_SFX_Bundle/WAV/Magic_Weapons_Sounds/Wind_Weapon_Attack_03.uasset
bulk-import-or-template-content	??	Content/Assets/SFX/Combat_SFX_Bundle/WAV/Magic_Weapons_Sounds/Wind_Weapon_Attack_04.uasset
bulk-import-or-template-content	??	Content/Assets/SFX/Combat_SFX_Bundle/WAV/Magic_Weapons_Sounds/Wind_Weapon_Attack_05.uasset
bulk-import-or-template-content	??	Content/Assets/SFX/Combat_SFX_Bundle/WAV/Magic_Weapons_Sounds/Wind_Weapon_Attack_Critical.uasset
bulk-import-or-template-content	??	Content/Assets/SFX/Combat_SFX_Bundle/WAV/Scifi_Fantasy_Weapon_Sounds/ElectricitySparkSword_Attack_01.uasset
bulk-import-or-template-content	??	Content/Assets/SFX/Combat_SFX_Bundle/WAV/Scifi_Fantasy_Weapon_Sounds/ElectricitySparkSword_Attack_02.uasset
bulk-import-or-template-content	??	Content/Assets/SFX/Combat_SFX_Bundle/WAV/Scifi_Fantasy_Weapon_Sounds/ElectricitySparkSword_Attack_03.uasset
bulk-import-or-template-content	??	Content/Assets/SFX/Combat_SFX_Bundle/WAV/Scifi_Fantasy_Weapon_Sounds/ElectricitySparkSword_Attack_04.uasset
bulk-import-or-template-content	??	Content/Assets/SFX/Combat_SFX_Bundle/WAV/Scifi_Fantasy_Weapon_Sounds/ElectricitySparkSword_Attack_05.uasset
bulk-import-or-template-content	??	Content/Assets/SFX/Combat_SFX_Bundle/WAV/Scifi_Fantasy_Weapon_Sounds/ElectricitySparkSword_Attack_Spell.uasset
bulk-import-or-template-content	??	Content/Assets/SFX/Combat_SFX_Bundle/WAV/Scifi_Fantasy_Weapon_Sounds/ElectricitySparkSword_Attack_With_Blood_01.uasset
bulk-import-or-template-content	??	Content/Assets/SFX/Combat_SFX_Bundle/WAV/Scifi_Fantasy_Weapon_Sounds/ElectricitySparkSword_Attack_With_Blood_02.uasset
bulk-import-or-template-content	??	Content/Assets/SFX/Combat_SFX_Bundle/WAV/Scifi_Fantasy_Weapon_Sounds/ElectricitySparkSword_Attack_With_Blood_03.uasset
bulk-import-or-template-content	??	Content/Assets/SFX/Combat_SFX_Bundle/WAV/Scifi_Fantasy_Weapon_Sounds/ElectricitySparkSword_Attack_With_Blood_04.uasset
bulk-import-or-template-content	??	Content/Assets/SFX/Combat_SFX_Bundle/WAV/Scifi_Fantasy_Weapon_Sounds/ElectricitySparkSword_Attack_With_Blood_05.uasset
bulk-import-or-template-content	??	Content/Assets/SFX/Combat_SFX_Bundle/WAV/Scifi_Fantasy_Weapon_Sounds/ElectricitySparkSword_Parry_01.uasset
bulk-import-or-template-content	??	Content/Assets/SFX/Combat_SFX_Bundle/WAV/Scifi_Fantasy_Weapon_Sounds/ElectricitySparkSword_Parry_02.uasset
bulk-import-or-template-content	??	Content/Assets/SFX/Combat_SFX_Bundle/WAV/Scifi_Fantasy_Weapon_Sounds/ElectricitySparkSword_Parry_03.uasset
bulk-import-or-template-content	??	Content/Assets/SFX/Combat_SFX_Bundle/WAV/Scifi_Fantasy_Weapon_Sounds/ElectricitySparkSword_Parry_04.uasset
bulk-import-or-template-content	??	Content/Assets/SFX/Combat_SFX_Bundle/WAV/Scifi_Fantasy_Weapon_Sounds/ElectricitySparkSword_Parry_05.uasset
bulk-import-or-template-content	??	Content/Assets/SFX/Combat_SFX_Bundle/WAV/Scifi_Fantasy_Weapon_Sounds/ElectricitySparkSword_Whoosh_01.uasset
bulk-import-or-template-content	??	Content/Assets/SFX/Combat_SFX_Bundle/WAV/Scifi_Fantasy_Weapon_Sounds/ElectricitySparkSword_Whoosh_02.uasset
bulk-import-or-template-content	??	Content/Assets/SFX/Combat_SFX_Bundle/WAV/Scifi_Fantasy_Weapon_Sounds/ElectricitySparkSword_Whoosh_03.uasset
bulk-import-or-template-content	??	Content/Assets/SFX/Combat_SFX_Bundle/WAV/Scifi_Fantasy_Weapon_Sounds/ElectricitySparkSword_Whoosh_04.uasset
bulk-import-or-template-content	??	Content/Assets/SFX/Combat_SFX_Bundle/WAV/Scifi_Fantasy_Weapon_Sounds/FuturisticSword_Attack_01.uasset
bulk-import-or-template-content	??	Content/Assets/SFX/Combat_SFX_Bundle/WAV/Scifi_Fantasy_Weapon_Sounds/FuturisticSword_Attack_02.uasset
bulk-import-or-template-content	??	Content/Assets/SFX/Combat_SFX_Bundle/WAV/Scifi_Fantasy_Weapon_Sounds/FuturisticSword_Attack_03.uasset
bulk-import-or-template-content	??	Content/Assets/SFX/Combat_SFX_Bundle/WAV/Scifi_Fantasy_Weapon_Sounds/FuturisticSword_Attack_04.uasset
bulk-import-or-template-content	??	Content/Assets/SFX/Combat_SFX_Bundle/WAV/Scifi_Fantasy_Weapon_Sounds/FuturisticSword_Attack_05.uasset
bulk-import-or-template-content	??	Content/Assets/SFX/Combat_SFX_Bundle/WAV/Scifi_Fantasy_Weapon_Sounds/FuturisticSword_Attack_With_Blood_01.uasset
bulk-import-or-template-content	??	Content/Assets/SFX/Combat_SFX_Bundle/WAV/Scifi_Fantasy_Weapon_Sounds/FuturisticSword_Attack_With_Blood_02.uasset
bulk-import-or-template-content	??	Content/Assets/SFX/Combat_SFX_Bundle/WAV/Scifi_Fantasy_Weapon_Sounds/FuturisticSword_Attack_With_Blood_03.uasset
bulk-import-or-template-content	??	Content/Assets/SFX/Combat_SFX_Bundle/WAV/Scifi_Fantasy_Weapon_Sounds/FuturisticSword_Attack_With_Blood_04.uasset
bulk-import-or-template-content	??	Content/Assets/SFX/Combat_SFX_Bundle/WAV/Scifi_Fantasy_Weapon_Sounds/FuturisticSword_Attack_With_Blood_05.uasset
bulk-import-or-template-content	??	Content/Assets/SFX/Combat_SFX_Bundle/WAV/Scifi_Fantasy_Weapon_Sounds/FuturisticSword_Parry_01.uasset
bulk-import-or-template-content	??	Content/Assets/SFX/Combat_SFX_Bundle/WAV/Scifi_Fantasy_Weapon_Sounds/FuturisticSword_Parry_02.uasset
bulk-import-or-template-content	??	Content/Assets/SFX/Combat_SFX_Bundle/WAV/Scifi_Fantasy_Weapon_Sounds/FuturisticSword_Parry_03.uasset
bulk-import-or-template-content	??	Content/Assets/SFX/Combat_SFX_Bundle/WAV/Scifi_Fantasy_Weapon_Sounds/FuturisticSword_Parry_04.uasset
bulk-import-or-template-content	??	Content/Assets/SFX/Combat_SFX_Bundle/WAV/Scifi_Fantasy_Weapon_Sounds/FuturisticSword_Parry_05.uasset
bulk-import-or-template-content	??	Content/Assets/SFX/Combat_SFX_Bundle/WAV/Scifi_Fantasy_Weapon_Sounds/FuturisticSword_Spell.uasset
bulk-import-or-template-content	??	Content/Assets/SFX/Combat_SFX_Bundle/WAV/Scifi_Fantasy_Weapon_Sounds/FuturisticSword_Unfold.uasset
bulk-import-or-template-content	??	Content/Assets/SFX/Combat_SFX_Bundle/WAV/Scifi_Fantasy_Weapon_Sounds/FuturisticSword_Whoosh_01.uasset
bulk-import-or-template-content	??	Content/Assets/SFX/Combat_SFX_Bundle/WAV/Scifi_Fantasy_Weapon_Sounds/FuturisticSword_Whoosh_02.uasset
bulk-import-or-template-content	??	Content/Assets/SFX/Combat_SFX_Bundle/WAV/Scifi_Fantasy_Weapon_Sounds/FuturisticSword_Whoosh_03.uasset
bulk-import-or-template-content	??	Content/Assets/SFX/Combat_SFX_Bundle/WAV/Scifi_Fantasy_Weapon_Sounds/Metallic_Impact_Sword_Attack_01.uasset
bulk-import-or-template-content	??	Content/Assets/SFX/Combat_SFX_Bundle/WAV/Scifi_Fantasy_Weapon_Sounds/Metallic_Impact_Sword_Attack_02.uasset
bulk-import-or-template-content	??	Content/Assets/SFX/Combat_SFX_Bundle/WAV/Scifi_Fantasy_Weapon_Sounds/Metallic_Impact_Sword_Attack_03.uasset
bulk-import-or-template-content	??	Content/Assets/SFX/Combat_SFX_Bundle/WAV/Scifi_Fantasy_Weapon_Sounds/Metallic_Impact_Sword_Attack_04.uasset
bulk-import-or-template-content	??	Content/Assets/SFX/Combat_SFX_Bundle/WAV/Scifi_Fantasy_Weapon_Sounds/Metallic_Impact_Sword_Attack_05.uasset
bulk-import-or-template-content	??	Content/Assets/SFX/Combat_SFX_Bundle/WAV/Scifi_Fantasy_Weapon_Sounds/Metallic_Impact_Sword_Attack_With_Blood_01.uasset
bulk-import-or-template-content	??	Content/Assets/SFX/Combat_SFX_Bundle/WAV/Scifi_Fantasy_Weapon_Sounds/Metallic_Impact_Sword_Attack_With_Blood_02.uasset
bulk-import-or-template-content	??	Content/Assets/SFX/Combat_SFX_Bundle/WAV/Scifi_Fantasy_Weapon_Sounds/Metallic_Impact_Sword_Attack_With_Blood_03.uasset
bulk-import-or-template-content	??	Content/Assets/SFX/Combat_SFX_Bundle/WAV/Scifi_Fantasy_Weapon_Sounds/Metallic_Impact_Sword_Attack_With_Blood_04.uasset
bulk-import-or-template-content	??	Content/Assets/SFX/Combat_SFX_Bundle/WAV/Scifi_Fantasy_Weapon_Sounds/Metallic_Impact_Sword_Attack_With_Blood_05.uasset
bulk-import-or-template-content	??	Content/Assets/SFX/Combat_SFX_Bundle/WAV/Scifi_Fantasy_Weapon_Sounds/Metallic_Impact_Sword_Parry_01.uasset
bulk-import-or-template-content	??	Content/Assets/SFX/Combat_SFX_Bundle/WAV/Scifi_Fantasy_Weapon_Sounds/Metallic_Impact_Sword_Parry_02.uasset
bulk-import-or-template-content	??	Content/Assets/SFX/Combat_SFX_Bundle/WAV/Scifi_Fantasy_Weapon_Sounds/Metallic_Impact_Sword_Parry_03.uasset
bulk-import-or-template-content	??	Content/Assets/SFX/Combat_SFX_Bundle/WAV/Scifi_Fantasy_Weapon_Sounds/Metallic_Impact_Sword_Parry_04.uasset
bulk-import-or-template-content	??	Content/Assets/SFX/Combat_SFX_Bundle/WAV/Scifi_Fantasy_Weapon_Sounds/Metallic_Impact_Sword_Parry_05.uasset
bulk-import-or-template-content	??	Content/Assets/SFX/Combat_SFX_Bundle/WAV/Scifi_Fantasy_Weapon_Sounds/Metallic_Impact_Sword_Spell.uasset
bulk-import-or-template-content	??	Content/Assets/SFX/Combat_SFX_Bundle/WAV/Scifi_Fantasy_Weapon_Sounds/Metallic_Impact_Sword_Unfold.uasset
bulk-import-or-template-content	??	Content/Assets/SFX/Combat_SFX_Bundle/WAV/Scifi_Fantasy_Weapon_Sounds/Metallic_Impact_Sword_Whoosh_01.uasset
bulk-import-or-template-content	??	Content/Assets/SFX/Combat_SFX_Bundle/WAV/Scifi_Fantasy_Weapon_Sounds/Metallic_Impact_Sword_Whoosh_02.uasset
bulk-import-or-template-content	??	Content/Assets/SFX/Combat_SFX_Bundle/WAV/Scifi_Fantasy_Weapon_Sounds/Metallic_Impact_Sword_Whoosh_03.uasset
bulk-import-or-template-content	??	Content/Assets/SFX/Combat_SFX_Bundle/WAV/Scifi_Fantasy_Weapon_Sounds/Shield_Attack_01.uasset
bulk-import-or-template-content	??	Content/Assets/SFX/Combat_SFX_Bundle/WAV/Scifi_Fantasy_Weapon_Sounds/Shield_Attack_02.uasset
bulk-import-or-template-content	??	Content/Assets/SFX/Combat_SFX_Bundle/WAV/Scifi_Fantasy_Weapon_Sounds/Shield_Attack_03.uasset
bulk-import-or-template-content	??	Content/Assets/SFX/Combat_SFX_Bundle/WAV/Scifi_Fantasy_Weapon_Sounds/Shield_Attack_04.uasset
bulk-import-or-template-content	??	Content/Assets/SFX/Combat_SFX_Bundle/WAV/Scifi_Fantasy_Weapon_Sounds/Shield_Attack_05.uasset
bulk-import-or-template-content	??	Content/Assets/SFX/Combat_SFX_Bundle/WAV/Scifi_Fantasy_Weapon_Sounds/Shield_Attack_With_Blood_01.uasset
bulk-import-or-template-content	??	Content/Assets/SFX/Combat_SFX_Bundle/WAV/Scifi_Fantasy_Weapon_Sounds/Shield_Attack_With_Blood_02.uasset
bulk-import-or-template-content	??	Content/Assets/SFX/Combat_SFX_Bundle/WAV/Scifi_Fantasy_Weapon_Sounds/Shield_Attack_With_Blood_03.uasset
bulk-import-or-template-content	??	Content/Assets/SFX/Combat_SFX_Bundle/WAV/Scifi_Fantasy_Weapon_Sounds/Shield_Attack_With_Blood_04.uasset
bulk-import-or-template-content	??	Content/Assets/SFX/Combat_SFX_Bundle/WAV/Scifi_Fantasy_Weapon_Sounds/Shield_Attack_With_Blood_05.uasset
bulk-import-or-template-content	??	Content/Assets/SFX/Combat_SFX_Bundle/WAV/Scifi_Fantasy_Weapon_Sounds/Shield_Parry_01.uasset
bulk-import-or-template-content	??	Content/Assets/SFX/Combat_SFX_Bundle/WAV/Scifi_Fantasy_Weapon_Sounds/Shield_Parry_02.uasset
bulk-import-or-template-content	??	Content/Assets/SFX/Combat_SFX_Bundle/WAV/Scifi_Fantasy_Weapon_Sounds/Shield_Parry_03.uasset
bulk-import-or-template-content	??	Content/Assets/SFX/Combat_SFX_Bundle/WAV/Scifi_Fantasy_Weapon_Sounds/Shield_Parry_04.uasset
bulk-import-or-template-content	??	Content/Assets/SFX/Combat_SFX_Bundle/WAV/Scifi_Fantasy_Weapon_Sounds/Shield_Parry_05.uasset
bulk-import-or-template-content	??	Content/Assets/SFX/Combat_SFX_Bundle/WAV/Scifi_Fantasy_Weapon_Sounds/StandardSword_Attack_01.uasset
bulk-import-or-template-content	??	Content/Assets/SFX/Combat_SFX_Bundle/WAV/Scifi_Fantasy_Weapon_Sounds/StandardSword_Attack_02.uasset
bulk-import-or-template-content	??	Content/Assets/SFX/Combat_SFX_Bundle/WAV/Scifi_Fantasy_Weapon_Sounds/StandardSword_Attack_03.uasset
bulk-import-or-template-content	??	Content/Assets/SFX/Combat_SFX_Bundle/WAV/Scifi_Fantasy_Weapon_Sounds/StandardSword_Attack_04.uasset
bulk-import-or-template-content	??	Content/Assets/SFX/Combat_SFX_Bundle/WAV/Scifi_Fantasy_Weapon_Sounds/StandardSword_Attack_05.uasset
bulk-import-or-template-content	??	Content/Assets/SFX/Combat_SFX_Bundle/WAV/Scifi_Fantasy_Weapon_Sounds/StandardSword_Attack_With_Blood_01.uasset
bulk-import-or-template-content	??	Content/Assets/SFX/Combat_SFX_Bundle/WAV/Scifi_Fantasy_Weapon_Sounds/StandardSword_Attack_With_Blood_02.uasset
bulk-import-or-template-content	??	Content/Assets/SFX/Combat_SFX_Bundle/WAV/Scifi_Fantasy_Weapon_Sounds/StandardSword_Attack_With_Blood_03.uasset
bulk-import-or-template-content	??	Content/Assets/SFX/Combat_SFX_Bundle/WAV/Scifi_Fantasy_Weapon_Sounds/StandardSword_Attack_With_Blood_04.uasset
bulk-import-or-template-content	??	Content/Assets/SFX/Combat_SFX_Bundle/WAV/Scifi_Fantasy_Weapon_Sounds/StandardSword_Attack_With_Blood_05.uasset
bulk-import-or-template-content	??	Content/Assets/SFX/Combat_SFX_Bundle/WAV/Scifi_Fantasy_Weapon_Sounds/StandardSword_Parry_01.uasset
bulk-import-or-template-content	??	Content/Assets/SFX/Combat_SFX_Bundle/WAV/Scifi_Fantasy_Weapon_Sounds/StandardSword_Parry_02.uasset
bulk-import-or-template-content	??	Content/Assets/SFX/Combat_SFX_Bundle/WAV/Scifi_Fantasy_Weapon_Sounds/StandardSword_Parry_03.uasset
bulk-import-or-template-content	??	Content/Assets/SFX/Combat_SFX_Bundle/WAV/Scifi_Fantasy_Weapon_Sounds/StandardSword_Parry_04.uasset
bulk-import-or-template-content	??	Content/Assets/SFX/Combat_SFX_Bundle/WAV/Scifi_Fantasy_Weapon_Sounds/StandardSword_Parry_05.uasset
bulk-import-or-template-content	??	Content/Assets/SFX/Combat_SFX_Bundle/WAV/Scifi_Fantasy_Weapon_Sounds/StandardSword_Spell.uasset
bulk-import-or-template-content	??	Content/Assets/SFX/Combat_SFX_Bundle/WAV/Scifi_Fantasy_Weapon_Sounds/StandardSword_Unfold.uasset
bulk-import-or-template-content	??	Content/Assets/SFX/Combat_SFX_Bundle/WAV/Scifi_Fantasy_Weapon_Sounds/StandardSword_Whoosh_01.uasset
bulk-import-or-template-content	??	Content/Assets/SFX/Combat_SFX_Bundle/WAV/Scifi_Fantasy_Weapon_Sounds/StandardSword_Whoosh_02.uasset
bulk-import-or-template-content	??	Content/Assets/SFX/Combat_SFX_Bundle/WAV/Scifi_Fantasy_Weapon_Sounds/StandardSword_Whoosh_03.uasset
bulk-import-or-template-content	??	Content/Assets/SFX/Combat_SFX_Bundle/WAV/Scifi_Fantasy_Weapon_Sounds/Sword_Of_Light_Attack_01.uasset
bulk-import-or-template-content	??	Content/Assets/SFX/Combat_SFX_Bundle/WAV/Scifi_Fantasy_Weapon_Sounds/Sword_Of_Light_Attack_02.uasset
bulk-import-or-template-content	??	Content/Assets/SFX/Combat_SFX_Bundle/WAV/Scifi_Fantasy_Weapon_Sounds/Sword_Of_Light_Attack_03.uasset
bulk-import-or-template-content	??	Content/Assets/SFX/Combat_SFX_Bundle/WAV/Scifi_Fantasy_Weapon_Sounds/Sword_Of_Light_Attack_04.uasset
bulk-import-or-template-content	??	Content/Assets/SFX/Combat_SFX_Bundle/WAV/Scifi_Fantasy_Weapon_Sounds/Sword_Of_Light_Attack_05.uasset
bulk-import-or-template-content	??	Content/Assets/SFX/Combat_SFX_Bundle/WAV/Scifi_Fantasy_Weapon_Sounds/Sword_Of_Light_Attack_With_Blood_01.uasset
bulk-import-or-template-content	??	Content/Assets/SFX/Combat_SFX_Bundle/WAV/Scifi_Fantasy_Weapon_Sounds/Sword_Of_Light_Attack_With_Blood_02.uasset
bulk-import-or-template-content	??	Content/Assets/SFX/Combat_SFX_Bundle/WAV/Scifi_Fantasy_Weapon_Sounds/Sword_Of_Light_Attack_With_Blood_03.uasset
bulk-import-or-template-content	??	Content/Assets/SFX/Combat_SFX_Bundle/WAV/Scifi_Fantasy_Weapon_Sounds/Sword_Of_Light_Attack_With_Blood_04.uasset
bulk-import-or-template-content	??	Content/Assets/SFX/Combat_SFX_Bundle/WAV/Scifi_Fantasy_Weapon_Sounds/Sword_Of_Light_Attack_With_Blood_05.uasset
bulk-import-or-template-content	??	Content/Assets/SFX/Combat_SFX_Bundle/WAV/Scifi_Fantasy_Weapon_Sounds/Sword_Of_Light_Loop.uasset
bulk-import-or-template-content	??	Content/Assets/SFX/Combat_SFX_Bundle/WAV/Scifi_Fantasy_Weapon_Sounds/Sword_Of_Light_Parry_01.uasset
bulk-import-or-template-content	??	Content/Assets/SFX/Combat_SFX_Bundle/WAV/Scifi_Fantasy_Weapon_Sounds/Sword_Of_Light_Parry_02.uasset
bulk-import-or-template-content	??	Content/Assets/SFX/Combat_SFX_Bundle/WAV/Scifi_Fantasy_Weapon_Sounds/Sword_Of_Light_Parry_03.uasset
bulk-import-or-template-content	??	Content/Assets/SFX/Combat_SFX_Bundle/WAV/Scifi_Fantasy_Weapon_Sounds/Sword_Of_Light_Parry_04.uasset
bulk-import-or-template-content	??	Content/Assets/SFX/Combat_SFX_Bundle/WAV/Scifi_Fantasy_Weapon_Sounds/Sword_Of_Light_Parry_05.uasset
bulk-import-or-template-content	??	Content/Assets/SFX/Combat_SFX_Bundle/WAV/Scifi_Fantasy_Weapon_Sounds/Sword_Of_Light_Spell.uasset
bulk-import-or-template-content	??	Content/Assets/SFX/Combat_SFX_Bundle/WAV/Scifi_Fantasy_Weapon_Sounds/Sword_Of_Light_Unfold.uasset
bulk-import-or-template-content	??	Content/Assets/SFX/Combat_SFX_Bundle/WAV/Scifi_Fantasy_Weapon_Sounds/Sword_Of_Light_Whoosh_01.uasset
bulk-import-or-template-content	??	Content/Assets/SFX/Combat_SFX_Bundle/WAV/Scifi_Fantasy_Weapon_Sounds/Sword_Of_Light_Whoosh_02.uasset
bulk-import-or-template-content	??	Content/Assets/SFX/Combat_SFX_Bundle/WAV/Scifi_Fantasy_Weapon_Sounds/Sword_Of_Light_Whoosh_03.uasset
bulk-import-or-template-content	??	Content/Assets/SFX/Combat_SFX_Bundle/WAV/Sword_Hits_Blocks/Blade_Sharpening_Blacksmith_01.uasset
bulk-import-or-template-content	??	Content/Assets/SFX/Combat_SFX_Bundle/WAV/Sword_Hits_Blocks/Blade_Sharpening_Blacksmith_02.uasset
bulk-import-or-template-content	??	Content/Assets/SFX/Combat_SFX_Bundle/WAV/Sword_Hits_Blocks/Blade_Sharpening_Blacksmith_03.uasset
bulk-import-or-template-content	??	Content/Assets/SFX/Combat_SFX_Bundle/WAV/Sword_Hits_Blocks/Blade_Sharpening_Blacksmith_04.uasset
bulk-import-or-template-content	??	Content/Assets/SFX/Combat_SFX_Bundle/WAV/Sword_Hits_Blocks/Blade_Sharpening_Blacksmith_05.uasset
bulk-import-or-template-content	??	Content/Assets/SFX/Combat_SFX_Bundle/WAV/Sword_Hits_Blocks/Block_Resonate_01.uasset
bulk-import-or-template-content	??	Content/Assets/SFX/Combat_SFX_Bundle/WAV/Sword_Hits_Blocks/Block_Resonate_02.uasset
bulk-import-or-template-content	??	Content/Assets/SFX/Combat_SFX_Bundle/WAV/Sword_Hits_Blocks/Block_Resonate_03.uasset
bulk-import-or-template-content	??	Content/Assets/SFX/Combat_SFX_Bundle/WAV/Sword_Hits_Blocks/Block_Resonate_04.uasset
bulk-import-or-template-content	??	Content/Assets/SFX/Combat_SFX_Bundle/WAV/Sword_Hits_Blocks/Block_Resonate_05.uasset
bulk-import-or-template-content	??	Content/Assets/SFX/Combat_SFX_Bundle/WAV/Sword_Hits_Blocks/Block_Shield_Hard_01.uasset
bulk-import-or-template-content	??	Content/Assets/SFX/Combat_SFX_Bundle/WAV/Sword_Hits_Blocks/Block_Shield_Hard_02.uasset
bulk-import-or-template-content	??	Content/Assets/SFX/Combat_SFX_Bundle/WAV/Sword_Hits_Blocks/Block_Shield_Hard_03.uasset
bulk-import-or-template-content	??	Content/Assets/SFX/Combat_SFX_Bundle/WAV/Sword_Hits_Blocks/Block_Shield_Hard_04.uasset
bulk-import-or-template-content	??	Content/Assets/SFX/Combat_SFX_Bundle/WAV/Sword_Hits_Blocks/Block_Shield_Hard_05.uasset
bulk-import-or-template-content	??	Content/Assets/SFX/Combat_SFX_Bundle/WAV/Sword_Hits_Blocks/Block_Shield_Hard_06.uasset
bulk-import-or-template-content	??	Content/Assets/SFX/Combat_SFX_Bundle/WAV/Sword_Hits_Blocks/Block_Shield_Soft_01.uasset
bulk-import-or-template-content	??	Content/Assets/SFX/Combat_SFX_Bundle/WAV/Sword_Hits_Blocks/Block_Shield_Soft_02.uasset
bulk-import-or-template-content	??	Content/Assets/SFX/Combat_SFX_Bundle/WAV/Sword_Hits_Blocks/Block_Shield_Soft_03.uasset
bulk-import-or-template-content	??	Content/Assets/SFX/Combat_SFX_Bundle/WAV/Sword_Hits_Blocks/Block_Shield_Soft_04.uasset
bulk-import-or-template-content	??	Content/Assets/SFX/Combat_SFX_Bundle/WAV/Sword_Hits_Blocks/Block_Shield_Soft_05.uasset
bulk-import-or-template-content	??	Content/Assets/SFX/Combat_SFX_Bundle/WAV/Sword_Hits_Blocks/Block_Shield_Soft_06.uasset
bulk-import-or-template-content	??	Content/Assets/SFX/Combat_SFX_Bundle/WAV/Sword_Hits_Blocks/Combat_Slide_Short_Blade_01.uasset
bulk-import-or-template-content	??	Content/Assets/SFX/Combat_SFX_Bundle/WAV/Sword_Hits_Blocks/Combat_Slide_Short_Blade_02.uasset
bulk-import-or-template-content	??	Content/Assets/SFX/Combat_SFX_Bundle/WAV/Sword_Hits_Blocks/Combat_Slide_Soft_01.uasset
bulk-import-or-template-content	??	Content/Assets/SFX/Combat_SFX_Bundle/WAV/Sword_Hits_Blocks/Combat_Slide_Soft_02.uasset
bulk-import-or-template-content	??	Content/Assets/SFX/Combat_SFX_Bundle/WAV/Sword_Hits_Blocks/Combat_Slide_Soft_03.uasset
bulk-import-or-template-content	??	Content/Assets/SFX/Combat_SFX_Bundle/WAV/Sword_Hits_Blocks/Combat_Slide_Soft_04.uasset
bulk-import-or-template-content	??	Content/Assets/SFX/Combat_SFX_Bundle/WAV/Sword_Hits_Blocks/Crafting_Sword_01.uasset
bulk-import-or-template-content	??	Content/Assets/SFX/Combat_SFX_Bundle/WAV/Sword_Hits_Blocks/Crafting_Sword_02.uasset
bulk-import-or-template-content	??	Content/Assets/SFX/Combat_SFX_Bundle/WAV/Sword_Hits_Blocks/Crafting_Sword_03.uasset
bulk-import-or-template-content	??	Content/Assets/SFX/Combat_SFX_Bundle/WAV/Sword_Hits_Blocks/Crafting_Sword_04.uasset
bulk-import-or-template-content	??	Content/Assets/SFX/Combat_SFX_Bundle/WAV/Sword_Hits_Blocks/Impact_Armour_01.uasset
bulk-import-or-template-content	??	Content/Assets/SFX/Combat_SFX_Bundle/WAV/Sword_Hits_Blocks/Impact_Armour_02.uasset
bulk-import-or-template-content	??	Content/Assets/SFX/Combat_SFX_Bundle/WAV/Sword_Hits_Blocks/Impact_Metal_01.uasset
bulk-import-or-template-content	??	Content/Assets/SFX/Combat_SFX_Bundle/WAV/Sword_Hits_Blocks/Impact_Metal_02.uasset
bulk-import-or-template-content	??	Content/Assets/SFX/Combat_SFX_Bundle/WAV/Sword_Hits_Blocks/Impact_Metal_03.uasset
bulk-import-or-template-content	??	Content/Assets/SFX/Combat_SFX_Bundle/WAV/Sword_Hits_Blocks/Impact_Metal_04.uasset
bulk-import-or-template-content	??	Content/Assets/SFX/Combat_SFX_Bundle/WAV/Sword_Hits_Blocks/Impact_Metal_05.uasset
bulk-import-or-template-content	??	Content/Assets/SFX/Combat_SFX_Bundle/WAV/Sword_Hits_Blocks/Impact_Metal_06.uasset
bulk-import-or-template-content	??	Content/Assets/SFX/Combat_SFX_Bundle/WAV/Sword_Hits_Blocks/Impact_Metal_Very_Thin_Sword_01.uasset
bulk-import-or-template-content	??	Content/Assets/SFX/Combat_SFX_Bundle/WAV/Sword_Hits_Blocks/Impact_Metal_Very_Thin_Sword_02.uasset
bulk-import-or-template-content	??	Content/Assets/SFX/Combat_SFX_Bundle/WAV/Sword_Hits_Blocks/Impact_Metal_Very_Thin_Sword_03.uasset
bulk-import-or-template-content	??	Content/Assets/SFX/Combat_SFX_Bundle/WAV/Sword_Hits_Blocks/Impact_Metal_Very_Thin_Sword_04.uasset
bulk-import-or-template-content	??	Content/Assets/SFX/Combat_SFX_Bundle/WAV/Sword_Hits_Blocks/Impact_Metal_Very_Thin_Sword_05.uasset
bulk-import-or-template-content	??	Content/Assets/SFX/Combat_SFX_Bundle/WAV/Sword_Hits_Blocks/Impact_On_Body_Soft_01.uasset
bulk-import-or-template-content	??	Content/Assets/SFX/Combat_SFX_Bundle/WAV/Sword_Hits_Blocks/Impact_On_Body_Soft_02.uasset
bulk-import-or-template-content	??	Content/Assets/SFX/Combat_SFX_Bundle/WAV/Sword_Hits_Blocks/Impact_On_Body_Soft_03.uasset
bulk-import-or-template-content	??	Content/Assets/SFX/Combat_SFX_Bundle/WAV/Sword_Hits_Blocks/Impact_On_Body_Soft_04.uasset
bulk-import-or-template-content	??	Content/Assets/SFX/Combat_SFX_Bundle/WAV/Sword_Hits_Blocks/Impact_On_Other_Sword_01.uasset
bulk-import-or-template-content	??	Content/Assets/SFX/Combat_SFX_Bundle/WAV/Sword_Hits_Blocks/Impact_On_Other_Sword_02.uasset
bulk-import-or-template-content	??	Content/Assets/SFX/Combat_SFX_Bundle/WAV/Sword_Hits_Blocks/Impact_On_Other_Sword_03.uasset
bulk-import-or-template-content	??	Content/Assets/SFX/Combat_SFX_Bundle/WAV/Sword_Hits_Blocks/Impact_On_Other_Sword_Soft_01.uasset
bulk-import-or-template-content	??	Content/Assets/SFX/Combat_SFX_Bundle/WAV/Sword_Hits_Blocks/Impact_On_Other_Sword_Soft_02.uasset
bulk-import-or-template-content	??	Content/Assets/SFX/Combat_SFX_Bundle/WAV/Sword_Hits_Blocks/Impact_On_Other_Sword_Soft_03.uasset
bulk-import-or-template-content	??	Content/Assets/SFX/Combat_SFX_Bundle/WAV/Sword_Hits_Blocks/Impact_On_Other_Sword_Soft_04.uasset
bulk-import-or-template-content	??	Content/Assets/SFX/Combat_SFX_Bundle/WAV/Sword_Hits_Blocks/Impact_Sword_Wood_01.uasset
bulk-import-or-template-content	??	Content/Assets/SFX/Combat_SFX_Bundle/WAV/Sword_Hits_Blocks/Impact_Sword_Wood_02.uasset
bulk-import-or-template-content	??	Content/Assets/SFX/Combat_SFX_Bundle/WAV/Sword_Hits_Blocks/Impact_Sword_Wood_03.uasset
bulk-import-or-template-content	??	Content/Assets/SFX/Combat_SFX_Bundle/WAV/Sword_Hits_Blocks/Impact_Sword_Wood_04.uasset
bulk-import-or-template-content	??	Content/Assets/SFX/Combat_SFX_Bundle/WAV/Sword_Hits_Blocks/Impact_Sword_Wood_05.uasset
bulk-import-or-template-content	??	Content/Assets/SFX/Combat_SFX_Bundle/WAV/Sword_Hits_Blocks/Impact_Sword_Wood_06.uasset
bulk-import-or-template-content	??	Content/Assets/SFX/Combat_SFX_Bundle/WAV/Sword_Hits_Blocks/Pack_Away_Sword_01.uasset
bulk-import-or-template-content	??	Content/Assets/SFX/Combat_SFX_Bundle/WAV/Sword_Hits_Blocks/Pack_Away_Sword_02.uasset
bulk-import-or-template-content	??	Content/Assets/SFX/Combat_SFX_Bundle/WAV/Sword_Hits_Blocks/Pack_Away_Sword_03.uasset
bulk-import-or-template-content	??	Content/Assets/SFX/Combat_SFX_Bundle/WAV/Sword_Hits_Blocks/Pierce_Enemy_01.uasset
bulk-import-or-template-content	??	Content/Assets/SFX/Combat_SFX_Bundle/WAV/Sword_Hits_Blocks/Pierce_Enemy_02.uasset
bulk-import-or-template-content	??	Content/Assets/SFX/Combat_SFX_Bundle/WAV/Sword_Hits_Blocks/Pierce_Enemy_03.uasset
bulk-import-or-template-content	??	Content/Assets/SFX/Combat_SFX_Bundle/WAV/Sword_Hits_Blocks/Pierce_Enemy_04.uasset
bulk-import-or-template-content	??	Content/Assets/SFX/Combat_SFX_Bundle/WAV/Sword_Hits_Blocks/Pierce_Enemy_05.uasset
bulk-import-or-template-content	??	Content/Assets/SFX/Combat_SFX_Bundle/WAV/Sword_Hits_Blocks/Pierce_Enemy_06.uasset
bulk-import-or-template-content	??	Content/Assets/SFX/Combat_SFX_Bundle/WAV/Sword_Hits_Blocks/Pierce_Enemy_07.uasset
bulk-import-or-template-content	??	Content/Assets/SFX/Combat_SFX_Bundle/WAV/Sword_Hits_Blocks/Pierce_Enemy_08.uasset
bulk-import-or-template-content	??	Content/Assets/SFX/Combat_SFX_Bundle/WAV/Sword_Hits_Blocks/Pierce_Enemy_09.uasset
bulk-import-or-template-content	??	Content/Assets/SFX/Combat_SFX_Bundle/WAV/Sword_Hits_Blocks/Pierce_Enemy_10.uasset
bulk-import-or-template-content	??	Content/Assets/SFX/Combat_SFX_Bundle/WAV/Sword_Hits_Blocks/Sharpen_Sword_Long_01.uasset
bulk-import-or-template-content	??	Content/Assets/SFX/Combat_SFX_Bundle/WAV/Sword_Hits_Blocks/Sharpen_Sword_Long_02.uasset
bulk-import-or-template-content	??	Content/Assets/SFX/Combat_SFX_Bundle/WAV/Sword_Hits_Blocks/Sharpen_Sword_Soft_01.uasset
bulk-import-or-template-content	??	Content/Assets/SFX/Combat_SFX_Bundle/WAV/Sword_Hits_Blocks/Sharpen_Sword_Soft_02.uasset
bulk-import-or-template-content	??	Content/Assets/SFX/Combat_SFX_Bundle/WAV/Sword_Hits_Blocks/Sharpen_Sword_Soft_03.uasset
bulk-import-or-template-content	??	Content/Assets/SFX/Combat_SFX_Bundle/WAV/Sword_Hits_Blocks/Small_Blade_Hit_01.uasset
bulk-import-or-template-content	??	Content/Assets/SFX/Combat_SFX_Bundle/WAV/Sword_Hits_Blocks/Small_Blade_Hit_02.uasset
bulk-import-or-template-content	??	Content/Assets/SFX/Combat_SFX_Bundle/WAV/Sword_Hits_Blocks/Small_Blade_Hit_03.uasset
bulk-import-or-template-content	??	Content/Assets/SFX/Combat_SFX_Bundle/WAV/Sword_Hits_Blocks/Small_Blade_Hit_04.uasset
bulk-import-or-template-content	??	Content/Assets/SFX/Combat_SFX_Bundle/WAV/Sword_Hits_Blocks/Special_Crit_01.uasset
bulk-import-or-template-content	??	Content/Assets/SFX/Combat_SFX_Bundle/WAV/Sword_Hits_Blocks/Special_Crit_02.uasset
bulk-import-or-template-content	??	Content/Assets/SFX/Combat_SFX_Bundle/WAV/Sword_Hits_Blocks/Special_Crit_03.uasset
bulk-import-or-template-content	??	Content/Assets/SFX/Combat_SFX_Bundle/WAV/Sword_Hits_Blocks/Special_Crit_04.uasset
bulk-import-or-template-content	??	Content/Assets/SFX/Combat_SFX_Bundle/WAV/Sword_Hits_Blocks/Special_Crit_05.uasset
bulk-import-or-template-content	??	Content/Assets/SFX/Combat_SFX_Bundle/WAV/Sword_Hits_Blocks/Special_Crit_06.uasset
bulk-import-or-template-content	??	Content/Assets/SFX/Combat_SFX_Bundle/WAV/Sword_Hits_Blocks/Special_Crit_07.uasset
bulk-import-or-template-content	??	Content/Assets/SFX/Combat_SFX_Bundle/WAV/Sword_Hits_Blocks/Special_Crit_08.uasset
bulk-import-or-template-content	??	Content/Assets/SFX/Combat_SFX_Bundle/WAV/Sword_Hits_Blocks/Special_Crit_09.uasset
bulk-import-or-template-content	??	Content/Assets/SFX/Combat_SFX_Bundle/WAV/Sword_Hits_Blocks/Special_Crit_Sword_VS_Sword_01.uasset
bulk-import-or-template-content	??	Content/Assets/SFX/Combat_SFX_Bundle/WAV/Sword_Hits_Blocks/Special_Crit_Sword_VS_Sword_02.uasset
bulk-import-or-template-content	??	Content/Assets/SFX/Combat_SFX_Bundle/WAV/Sword_Hits_Blocks/Special_Crit_Sword_VS_Sword_03.uasset
bulk-import-or-template-content	??	Content/Assets/SFX/Combat_SFX_Bundle/WAV/Sword_Hits_Blocks/Sword_Aggressive_Impact_01.uasset
bulk-import-or-template-content	??	Content/Assets/SFX/Combat_SFX_Bundle/WAV/Sword_Hits_Blocks/Sword_Aggressive_Impact_02.uasset
bulk-import-or-template-content	??	Content/Assets/SFX/Combat_SFX_Bundle/WAV/Sword_Hits_Blocks/Sword_Aggressive_Impact_03.uasset
bulk-import-or-template-content	??	Content/Assets/SFX/Combat_SFX_Bundle/WAV/Sword_Hits_Blocks/Sword_Aggressive_Impact_04.uasset
bulk-import-or-template-content	??	Content/Assets/SFX/Combat_SFX_Bundle/WAV/Sword_Hits_Blocks/Sword_Double_Hard_Impact_01.uasset
bulk-import-or-template-content	??	Content/Assets/SFX/Combat_SFX_Bundle/WAV/Sword_Hits_Blocks/Sword_Double_Hard_Impact_02.uasset
bulk-import-or-template-content	??	Content/Assets/SFX/Combat_SFX_Bundle/WAV/Sword_Hits_Blocks/Sword_Double_Hard_Impact_03.uasset
bulk-import-or-template-content	??	Content/Assets/SFX/Combat_SFX_Bundle/WAV/Sword_Hits_Blocks/Sword_Double_Hard_Impact_04.uasset
bulk-import-or-template-content	??	Content/Assets/SFX/Combat_SFX_Bundle/WAV/Sword_Hits_Blocks/Sword_Double_Hard_Impact_05.uasset
bulk-import-or-template-content	??	Content/Assets/SFX/Combat_SFX_Bundle/WAV/Sword_Hits_Blocks/Sword_VS_Sword_Hit_01.uasset
bulk-import-or-template-content	??	Content/Assets/SFX/Combat_SFX_Bundle/WAV/Sword_Hits_Blocks/Sword_VS_Sword_Hit_02.uasset
bulk-import-or-template-content	??	Content/Assets/SFX/Combat_SFX_Bundle/WAV/Sword_Hits_Blocks/Sword_VS_Sword_Hit_03.uasset
bulk-import-or-template-content	??	Content/Assets/SFX/Combat_SFX_Bundle/WAV/Sword_Hits_Blocks/Sword_VS_Sword_Hit_04.uasset
bulk-import-or-template-content	??	Content/Assets/SFX/Combat_SFX_Bundle/WAV/Sword_Hits_Blocks/Sword_VS_Sword_Hit_05.uasset
bulk-import-or-template-content	??	Content/Assets/SFX/Combat_SFX_Bundle/WAV/Sword_Hits_Blocks/Sword_VS_Sword_Hit_06.uasset
bulk-import-or-template-content	??	Content/Assets/SFX/Combat_SFX_Bundle/WAV/Sword_Hits_Blocks/Sword_VS_Sword_Hit_07.uasset
bulk-import-or-template-content	??	Content/Assets/SFX/Combat_SFX_Bundle/WAV/Sword_Hits_Blocks/Sword_VS_Sword_Hit_08.uasset
bulk-import-or-template-content	??	Content/Assets/SFX/Combat_SFX_Bundle/WAV/Sword_Hits_Blocks/Sword_VS_Sword_Hit_09.uasset
bulk-import-or-template-content	??	Content/Assets/SFX/Combat_SFX_Bundle/WAV/Sword_Hits_Blocks/Sword_VS_Sword_Hit_10.uasset
bulk-import-or-template-content	??	Content/Assets/SFX/Combat_SFX_Bundle/WAV/Sword_Hits_Blocks/Take_Out_Small_Blade_01.uasset
bulk-import-or-template-content	??	Content/Assets/SFX/Combat_SFX_Bundle/WAV/Sword_Hits_Blocks/Take_Out_Small_Blade_02.uasset
bulk-import-or-template-content	??	Content/Assets/SFX/Combat_SFX_Bundle/WAV/Sword_Hits_Blocks/Take_Out_Small_Blade_03.uasset
bulk-import-or-template-content	??	Content/Assets/SFX/Combat_SFX_Bundle/WAV/Sword_Hits_Blocks/Take_Out_Sword_01.uasset
bulk-import-or-template-content	??	Content/Assets/SFX/Combat_SFX_Bundle/WAV/Sword_Hits_Blocks/Take_Out_Sword_02.uasset
bulk-import-or-template-content	??	Content/Assets/SFX/Combat_SFX_Bundle/WAV/Sword_Hits_Blocks/Take_Out_Sword_03.uasset
bulk-import-or-template-content	??	Content/Assets/SFX/Combat_SFX_Bundle/WAV/Sword_Hits_Blocks/Take_Out_Sword_04.uasset
bulk-import-or-template-content	??	Content/Assets/SFX/Combat_SFX_Bundle/WAV/Sword_Hits_Blocks/Take_Sword.uasset
bulk-import-or-template-content	??	Content/Assets/SFX/Combat_SFX_Bundle/WAV/Sword_Hits_Blocks/Thin_Sword_High_Intensity_Impact_01.uasset
bulk-import-or-template-content	??	Content/Assets/SFX/Combat_SFX_Bundle/WAV/Sword_Hits_Blocks/Thin_Sword_High_Intensity_Impact_02.uasset
bulk-import-or-template-content	??	Content/Assets/SFX/Combat_SFX_Bundle/WAV/Sword_Hits_Blocks/Thin_Sword_High_Intensity_Impact_03.uasset
bulk-import-or-template-content	??	Content/Assets/SFX/Combat_SFX_Bundle/WAV/Sword_Hits_Blocks/Thin_Sword_Medium_Intensity_Double_Hit_01.uasset
bulk-import-or-template-content	??	Content/Assets/SFX/Combat_SFX_Bundle/WAV/Sword_Hits_Blocks/Thin_Sword_Medium_Intensity_Double_Hit_02.uasset
bulk-import-or-template-content	??	Content/Assets/SFX/Combat_SFX_Bundle/WAV/Sword_Hits_Blocks/Thin_Sword_Medium_Intensity_Double_Hit_03.uasset
bulk-import-or-template-content	??	Content/Assets/SFX/Combat_SFX_Bundle/WAV/Sword_Hits_Blocks/Thin_Sword_Medium_Intensity_Double_Hit_04.uasset
bulk-import-or-template-content	??	Content/Assets/SFX/Combat_SFX_Bundle/WAV/Sword_Hits_Blocks/Thin_Sword_Medium_Intensity_Double_Hit_05.uasset
bulk-import-or-template-content	??	Content/Assets/SFX/Combat_SFX_Bundle/WAV/Sword_Hits_Blocks/Thin_Sword_Medium_Intensity_Double_Hit_06.uasset
bulk-import-or-template-content	??	Content/Assets/SFX/Combat_SFX_Bundle/WAV/Sword_Hits_Blocks/Thin_Sword_Medium_Intensity_Impact_01.uasset
bulk-import-or-template-content	??	Content/Assets/SFX/Combat_SFX_Bundle/WAV/Sword_Hits_Blocks/Thin_Sword_Medium_Intensity_Impact_02.uasset
bulk-import-or-template-content	??	Content/Assets/SFX/Combat_SFX_Bundle/WAV/Sword_Hits_Blocks/Thin_Sword_Medium_Intensity_Impact_03.uasset
bulk-import-or-template-content	??	Content/Assets/SFX/Combat_SFX_Bundle/WAV/Sword_Hits_Blocks/Thin_Sword_Medium_Intensity_Impact_04.uasset
bulk-import-or-template-content	??	Content/Assets/SFX/Combat_SFX_Bundle/WAV/Sword_Hits_Blocks/Thin_Sword_Medium_Intensity_Impact_05.uasset
bulk-import-or-template-content	??	Content/Assets/SFX/Combat_SFX_Bundle/WAV/Sword_Hits_Blocks/Thin_Sword_Medium_Intensity_Impact_06.uasset
bulk-import-or-template-content	??	Content/Assets/SFX/Combat_SFX_Bundle/WAV/Sword_Hits_Blocks/Thin_Sword_Slide_Impact_01.uasset
bulk-import-or-template-content	??	Content/Assets/SFX/Combat_SFX_Bundle/WAV/Sword_Hits_Blocks/Thin_Sword_Slide_Impact_02.uasset
bulk-import-or-template-content	??	Content/Assets/SFX/Combat_SFX_Bundle/WAV/Sword_Hits_Blocks/Thin_Sword_Slide_Impact_03.uasset
bulk-import-or-template-content	??	Content/Assets/SFX/Combat_SFX_Bundle/WAV/Sword_Hits_Blocks/Thin_Sword_Soft_Impact_01.uasset
bulk-import-or-template-content	??	Content/Assets/SFX/Combat_SFX_Bundle/WAV/Sword_Hits_Blocks/Thin_Sword_Soft_Impact_02.uasset
bulk-import-or-template-content	??	Content/Assets/SFX/Combat_SFX_Bundle/WAV/Sword_Hits_Blocks/Thin_Sword_Soft_Impact_03.uasset
bulk-import-or-template-content	??	Content/Assets/SFX/Combat_SFX_Bundle/WAV/Sword_Hits_Blocks/Thin_Sword_Soft_Impact_04.uasset
bulk-import-or-template-content	??	Content/Assets/SFX/Combat_SFX_Bundle/WAV/Sword_Hits_Blocks/Thin_Sword_Soft_Impact_05.uasset
bulk-import-or-template-content	??	Content/Assets/SFX/Combat_SFX_Bundle/WAV/Sword_Hits_Blocks/UI_01.uasset
bulk-import-or-template-content	??	Content/Assets/SFX/Combat_SFX_Bundle/WAV/Sword_Hits_Blocks/UI_02.uasset
bulk-import-or-template-content	??	Content/Assets/SFX/Combat_SFX_Bundle/WAV/Sword_Hits_Blocks/UI_03.uasset
bulk-import-or-template-content	??	Content/Assets/SFX/Combat_SFX_Bundle/WAV/Sword_Hits_Blocks/UI_Buy_Sword.uasset
bulk-import-or-template-content	??	Content/Assets/SFX/Combat_SFX_Bundle/WAV/Sword_Hits_Blocks/Whoosh_Big_Sword_01.uasset
bulk-import-or-template-content	??	Content/Assets/SFX/Combat_SFX_Bundle/WAV/Sword_Hits_Blocks/Whoosh_Big_Sword_02.uasset
bulk-import-or-template-content	??	Content/Assets/SFX/Combat_SFX_Bundle/WAV/Sword_Hits_Blocks/Whoosh_Big_Sword_03.uasset
bulk-import-or-template-content	??	Content/Assets/SFX/Combat_SFX_Bundle/WAV/Sword_Hits_Blocks/Whoosh_Big_Sword_04.uasset
bulk-import-or-template-content	??	Content/Assets/SFX/Combat_SFX_Bundle/WAV/Sword_Hits_Blocks/Whoosh_Standard_Sword_01.uasset
bulk-import-or-template-content	??	Content/Assets/SFX/Combat_SFX_Bundle/WAV/Sword_Hits_Blocks/Whoosh_Standard_Sword_02.uasset
bulk-import-or-template-content	??	Content/Assets/SFX/Combat_SFX_Bundle/WAV/Sword_Hits_Blocks/Whoosh_Standard_Sword_03.uasset
bulk-import-or-template-content	??	Content/Assets/SFX/RealisticSwordSoundEffects/Cues/Sword_Attack/Sword_Attack_1_Cue.uasset
bulk-import-or-template-content	??	Content/Assets/SFX/RealisticSwordSoundEffects/Cues/Sword_Attack/Sword_Attack_10_Cue.uasset
bulk-import-or-template-content	??	Content/Assets/SFX/RealisticSwordSoundEffects/Cues/Sword_Attack/Sword_Attack_11_Cue.uasset
bulk-import-or-template-content	??	Content/Assets/SFX/RealisticSwordSoundEffects/Cues/Sword_Attack/Sword_Attack_12_Cue.uasset
bulk-import-or-template-content	??	Content/Assets/SFX/RealisticSwordSoundEffects/Cues/Sword_Attack/Sword_Attack_13_Cue.uasset
bulk-import-or-template-content	??	Content/Assets/SFX/RealisticSwordSoundEffects/Cues/Sword_Attack/Sword_Attack_2_Cue.uasset
bulk-import-or-template-content	??	Content/Assets/SFX/RealisticSwordSoundEffects/Cues/Sword_Attack/Sword_Attack_3_Cue.uasset
bulk-import-or-template-content	??	Content/Assets/SFX/RealisticSwordSoundEffects/Cues/Sword_Attack/Sword_Attack_4_Cue.uasset
bulk-import-or-template-content	??	Content/Assets/SFX/RealisticSwordSoundEffects/Cues/Sword_Attack/Sword_Attack_5_Cue.uasset
bulk-import-or-template-content	??	Content/Assets/SFX/RealisticSwordSoundEffects/Cues/Sword_Attack/Sword_Attack_6_Cue.uasset
bulk-import-or-template-content	??	Content/Assets/SFX/RealisticSwordSoundEffects/Cues/Sword_Attack/Sword_Attack_7_Cue.uasset
bulk-import-or-template-content	??	Content/Assets/SFX/RealisticSwordSoundEffects/Cues/Sword_Attack/Sword_Attack_8_Cue.uasset
bulk-import-or-template-content	??	Content/Assets/SFX/RealisticSwordSoundEffects/Cues/Sword_Attack/Sword_Attack_9_Cue.uasset
bulk-import-or-template-content	??	Content/Assets/SFX/RealisticSwordSoundEffects/Cues/Sword_Attack/Sword_Attack_Short_1_Cue.uasset
bulk-import-or-template-content	??	Content/Assets/SFX/RealisticSwordSoundEffects/Cues/Sword_Attack/Sword_Attack_Short_2_Cue.uasset
bulk-import-or-template-content	??	Content/Assets/SFX/RealisticSwordSoundEffects/Cues/Sword_Sharpening/Sword_Sharpening_Fast_Speed_Cue.uasset
bulk-import-or-template-content	??	Content/Assets/SFX/RealisticSwordSoundEffects/Cues/Sword_Sharpening/Sword_Sharpening_Normal_Speed_Cue.uasset
bulk-import-or-template-content	??	Content/Assets/SFX/RealisticSwordSoundEffects/Cues/Sword_Sharpening/Sword_Sharpening_Rough_1_Cue.uasset
bulk-import-or-template-content	??	Content/Assets/SFX/RealisticSwordSoundEffects/Cues/Sword_Sharpening/Sword_Sharpening_Rough_2_Cue.uasset
bulk-import-or-template-content	??	Content/Assets/SFX/RealisticSwordSoundEffects/Cues/Sword_Sharpening/Sword_Sharpening_Rough_3_Cue.uasset
bulk-import-or-template-content	??	Content/Assets/SFX/RealisticSwordSoundEffects/Cues/Sword_Swoosh/Swoosh_1_Cue.uasset
bulk-import-or-template-content	??	Content/Assets/SFX/RealisticSwordSoundEffects/Cues/Sword_Swoosh/Swoosh_2_Cue.uasset
bulk-import-or-template-content	??	Content/Assets/SFX/RealisticSwordSoundEffects/Cues/Sword_Swoosh/Swoosh_3_Cue.uasset
bulk-import-or-template-content	??	Content/Assets/SFX/RealisticSwordSoundEffects/Cues/Sword_Swoosh/Swoosh_4_Cue.uasset
bulk-import-or-template-content	??	Content/Assets/SFX/RealisticSwordSoundEffects/Cues/Sword_Swoosh/Swoosh_5_Cue.uasset
bulk-import-or-template-content	??	Content/Assets/SFX/RealisticSwordSoundEffects/Cues/Sword_Swoosh/Swoosh_6_Cue.uasset
bulk-import-or-template-content	??	Content/Assets/SFX/RealisticSwordSoundEffects/Cues/Sword_Unsheathe/Sword_Unsheathe_1_Cue.uasset
bulk-import-or-template-content	??	Content/Assets/SFX/RealisticSwordSoundEffects/Cues/Sword_Unsheathe/Sword_Unsheathe_2_Cue.uasset
bulk-import-or-template-content	??	Content/Assets/SFX/RealisticSwordSoundEffects/Cues/Sword_Unsheathe/Sword_Unsheathe_3_Cue.uasset
bulk-import-or-template-content	??	Content/Assets/SFX/RealisticSwordSoundEffects/Cues/Sword_Unsheathe/Sword_Unsheathe_4_Cue.uasset
bulk-import-or-template-content	??	Content/Assets/SFX/RealisticSwordSoundEffects/Wavs/Sword_Attack/Sword_Attack_1.uasset
bulk-import-or-template-content	??	Content/Assets/SFX/RealisticSwordSoundEffects/Wavs/Sword_Attack/Sword_Attack_10.uasset
bulk-import-or-template-content	??	Content/Assets/SFX/RealisticSwordSoundEffects/Wavs/Sword_Attack/Sword_Attack_11.uasset
bulk-import-or-template-content	??	Content/Assets/SFX/RealisticSwordSoundEffects/Wavs/Sword_Attack/Sword_Attack_12.uasset
bulk-import-or-template-content	??	Content/Assets/SFX/RealisticSwordSoundEffects/Wavs/Sword_Attack/Sword_Attack_13.uasset
bulk-import-or-template-content	??	Content/Assets/SFX/RealisticSwordSoundEffects/Wavs/Sword_Attack/Sword_Attack_2.uasset
bulk-import-or-template-content	??	Content/Assets/SFX/RealisticSwordSoundEffects/Wavs/Sword_Attack/Sword_Attack_3.uasset
bulk-import-or-template-content	??	Content/Assets/SFX/RealisticSwordSoundEffects/Wavs/Sword_Attack/Sword_Attack_4.uasset
bulk-import-or-template-content	??	Content/Assets/SFX/RealisticSwordSoundEffects/Wavs/Sword_Attack/Sword_Attack_5.uasset
bulk-import-or-template-content	??	Content/Assets/SFX/RealisticSwordSoundEffects/Wavs/Sword_Attack/Sword_Attack_6.uasset
bulk-import-or-template-content	??	Content/Assets/SFX/RealisticSwordSoundEffects/Wavs/Sword_Attack/Sword_Attack_7.uasset
bulk-import-or-template-content	??	Content/Assets/SFX/RealisticSwordSoundEffects/Wavs/Sword_Attack/Sword_Attack_8.uasset
bulk-import-or-template-content	??	Content/Assets/SFX/RealisticSwordSoundEffects/Wavs/Sword_Attack/Sword_Attack_9.uasset
bulk-import-or-template-content	??	Content/Assets/SFX/RealisticSwordSoundEffects/Wavs/Sword_Attack/Sword_Attack_Short_1.uasset
bulk-import-or-template-content	??	Content/Assets/SFX/RealisticSwordSoundEffects/Wavs/Sword_Attack/Sword_Attack_Short_2.uasset
bulk-import-or-template-content	??	Content/Assets/SFX/RealisticSwordSoundEffects/Wavs/Sword_Sharpening/Sword_Sharpening_Fast_Speed.uasset
bulk-import-or-template-content	??	Content/Assets/SFX/RealisticSwordSoundEffects/Wavs/Sword_Sharpening/Sword_Sharpening_Normal_Speed.uasset
bulk-import-or-template-content	??	Content/Assets/SFX/RealisticSwordSoundEffects/Wavs/Sword_Sharpening/Sword_Sharpening_Rough_1.uasset
bulk-import-or-template-content	??	Content/Assets/SFX/RealisticSwordSoundEffects/Wavs/Sword_Sharpening/Sword_Sharpening_Rough_2.uasset
bulk-import-or-template-content	??	Content/Assets/SFX/RealisticSwordSoundEffects/Wavs/Sword_Sharpening/Sword_Sharpening_Rough_3.uasset
bulk-import-or-template-content	??	Content/Assets/SFX/RealisticSwordSoundEffects/Wavs/Sword_Swoosh/Swoosh_1.uasset
bulk-import-or-template-content	??	Content/Assets/SFX/RealisticSwordSoundEffects/Wavs/Sword_Swoosh/Swoosh_2.uasset
bulk-import-or-template-content	??	Content/Assets/SFX/RealisticSwordSoundEffects/Wavs/Sword_Swoosh/Swoosh_3.uasset
bulk-import-or-template-content	??	Content/Assets/SFX/RealisticSwordSoundEffects/Wavs/Sword_Swoosh/Swoosh_4.uasset
bulk-import-or-template-content	??	Content/Assets/SFX/RealisticSwordSoundEffects/Wavs/Sword_Swoosh/Swoosh_5.uasset
bulk-import-or-template-content	??	Content/Assets/SFX/RealisticSwordSoundEffects/Wavs/Sword_Swoosh/Swoosh_6.uasset
bulk-import-or-template-content	??	Content/Assets/SFX/RealisticSwordSoundEffects/Wavs/Sword_Unsheathe/Sword_Unsheathe_1.uasset
bulk-import-or-template-content	??	Content/Assets/SFX/RealisticSwordSoundEffects/Wavs/Sword_Unsheathe/Sword_Unsheathe_2.uasset
bulk-import-or-template-content	??	Content/Assets/SFX/RealisticSwordSoundEffects/Wavs/Sword_Unsheathe/Sword_Unsheathe_3.uasset
bulk-import-or-template-content	??	Content/Assets/SFX/RealisticSwordSoundEffects/Wavs/Sword_Unsheathe/Sword_Unsheathe_4.uasset
bulk-import-or-template-content	??	Content/Assets/UI/fonts/exports/fonts/jetbrains-mono/JetBrainsMono-Bold.ttf
bulk-import-or-template-content	??	Content/Assets/UI/fonts/exports/fonts/jetbrains-mono/JetBrainsMono-Medium.ttf
bulk-import-or-template-content	??	Content/Assets/UI/fonts/exports/fonts/jetbrains-mono/JetBrainsMono-Regular.ttf
bulk-import-or-template-content	??	Content/Assets/UI/fonts/exports/fonts/jetbrains-mono/OFL.txt
bulk-import-or-template-content	??	Content/Assets/UI/fonts/exports/fonts/README.md
bulk-import-or-template-content	??	Content/Assets/UI/fonts/exports/fonts/shippori-mincho/PLACE_TTF_HERE.txt
bulk-import-or-template-content	??	Content/Assets/UI/fonts/exports/fonts/zen-kaku-gothic-new/OFL.txt
bulk-import-or-template-content	??	Content/Assets/UI/fonts/exports/fonts/zen-kaku-gothic-new/ZenKakuGothicNew-Black.ttf
bulk-import-or-template-content	??	Content/Assets/UI/fonts/exports/fonts/zen-kaku-gothic-new/ZenKakuGothicNew-Bold.ttf
bulk-import-or-template-content	??	Content/Assets/UI/fonts/exports/fonts/zen-kaku-gothic-new/ZenKakuGothicNew-Medium.ttf
bulk-import-or-template-content	??	Content/Assets/UI/fonts/exports/fonts/zen-kaku-gothic-new/ZenKakuGothicNew-Regular.ttf
bulk-import-or-template-content	??	Content/Assets/UI/textures/brand/logo/app-icon.png
bulk-import-or-template-content	??	Content/Assets/UI/textures/brand/logo/horizontal.png
bulk-import-or-template-content	??	Content/Assets/UI/textures/brand/logo/mark.png
bulk-import-or-template-content	??	Content/Assets/UI/textures/brand/logo/mono-ink.png
bulk-import-or-template-content	??	Content/Assets/UI/textures/brand/logo/mono-white.png
bulk-import-or-template-content	??	Content/Assets/UI/textures/brand/logo/stacked.png
bulk-import-or-template-content	??	Content/Assets/UI/textures/brand/logo/svg/mark-ink.svg
bulk-import-or-template-content	??	Content/Assets/UI/textures/brand/logo/svg/mark.svg
bulk-import-or-template-content	??	Content/Assets/UI/textures/brand/logo/wordmark.png
bulk-import-or-template-content	??	Content/Assets/UI/textures/buttons/button-danger/default.png
bulk-import-or-template-content	??	Content/Assets/UI/textures/buttons/button-danger/disabled.png
bulk-import-or-template-content	??	Content/Assets/UI/textures/buttons/button-danger/focus.png
bulk-import-or-template-content	??	Content/Assets/UI/textures/buttons/button-danger/hover.png
bulk-import-or-template-content	??	Content/Assets/UI/textures/buttons/button-danger/pressed.png
bulk-import-or-template-content	??	Content/Assets/UI/textures/buttons/button-ghost/default.png
bulk-import-or-template-content	??	Content/Assets/UI/textures/buttons/button-ghost/disabled.png
bulk-import-or-template-content	??	Content/Assets/UI/textures/buttons/button-ghost/focus.png
bulk-import-or-template-content	??	Content/Assets/UI/textures/buttons/button-ghost/hover.png
bulk-import-or-template-content	??	Content/Assets/UI/textures/buttons/button-ghost/pressed.png
bulk-import-or-template-content	??	Content/Assets/UI/textures/buttons/button-primary/default.png
bulk-import-or-template-content	??	Content/Assets/UI/textures/buttons/button-primary/disabled.png
bulk-import-or-template-content	??	Content/Assets/UI/textures/buttons/button-primary/focus.png
bulk-import-or-template-content	??	Content/Assets/UI/textures/buttons/button-primary/hover.png
bulk-import-or-template-content	??	Content/Assets/UI/textures/buttons/button-primary/pressed.png
bulk-import-or-template-content	??	Content/Assets/UI/textures/buttons/button-secondary/default.png
bulk-import-or-template-content	??	Content/Assets/UI/textures/buttons/button-secondary/disabled.png
bulk-import-or-template-content	??	Content/Assets/UI/textures/buttons/button-secondary/focus.png
bulk-import-or-template-content	??	Content/Assets/UI/textures/buttons/button-secondary/hover.png
bulk-import-or-template-content	??	Content/Assets/UI/textures/buttons/button-secondary/pressed.png
bulk-import-or-template-content	??	Content/Assets/UI/textures/containers/badge-crimson.png
bulk-import-or-template-content	??	Content/Assets/UI/textures/containers/badge-gold.png
bulk-import-or-template-content	??	Content/Assets/UI/textures/containers/badge-indigo.png
bulk-import-or-template-content	??	Content/Assets/UI/textures/containers/badge-jade.png
bulk-import-or-template-content	??	Content/Assets/UI/textures/containers/badge-neutral.png
bulk-import-or-template-content	??	Content/Assets/UI/textures/containers/badge-steel.png
bulk-import-or-template-content	??	Content/Assets/UI/textures/containers/button-danger-disabled.png
bulk-import-or-template-content	??	Content/Assets/UI/textures/containers/button-danger-down.png
bulk-import-or-template-content	??	Content/Assets/UI/textures/containers/button-danger-hover.png
bulk-import-or-template-content	??	Content/Assets/UI/textures/containers/button-danger-neutral.png
bulk-import-or-template-content	??	Content/Assets/UI/textures/containers/button-ghost-down.png
bulk-import-or-template-content	??	Content/Assets/UI/textures/containers/button-ghost-hover.png
bulk-import-or-template-content	??	Content/Assets/UI/textures/containers/button-primary-disabled.png
bulk-import-or-template-content	??	Content/Assets/UI/textures/containers/button-primary-down.png
bulk-import-or-template-content	??	Content/Assets/UI/textures/containers/button-primary-hover.png
bulk-import-or-template-content	??	Content/Assets/UI/textures/containers/button-primary-neutral.png
bulk-import-or-template-content	??	Content/Assets/UI/textures/containers/button-secondary-disabled.png
bulk-import-or-template-content	??	Content/Assets/UI/textures/containers/button-secondary-down.png
bulk-import-or-template-content	??	Content/Assets/UI/textures/containers/button-secondary-hover.png
bulk-import-or-template-content	??	Content/Assets/UI/textures/containers/button-secondary-neutral.png
bulk-import-or-template-content	??	Content/Assets/UI/textures/containers/card-accent.png
bulk-import-or-template-content	??	Content/Assets/UI/textures/containers/card-default.png
bulk-import-or-template-content	??	Content/Assets/UI/textures/containers/key-block.png
bulk-import-or-template-content	??	Content/Assets/UI/textures/containers/key-heavy.png
bulk-import-or-template-content	??	Content/Assets/UI/textures/containers/key-light.png
bulk-import-or-template-content	??	Content/Assets/UI/textures/containers/key-neutral.png
bulk-import-or-template-content	??	Content/Assets/UI/textures/containers/key-parry.png
bulk-import-or-template-content	??	Content/Assets/UI/textures/containers/meter-focus-fill.png
bulk-import-or-template-content	??	Content/Assets/UI/textures/containers/meter-focus-track.png
bulk-import-or-template-content	??	Content/Assets/UI/textures/containers/meter-guard-fill.png
bulk-import-or-template-content	??	Content/Assets/UI/textures/containers/meter-guard-track.png
bulk-import-or-template-content	??	Content/Assets/UI/textures/containers/meter-health-fill.png
bulk-import-or-template-content	??	Content/Assets/UI/textures/containers/meter-health-track.png
bulk-import-or-template-content	??	Content/Assets/UI/textures/containers/meter-stamina-fill.png
bulk-import-or-template-content	??	Content/Assets/UI/textures/containers/meter-stamina-track.png
bulk-import-or-template-content	??	Content/Assets/UI/textures/containers/phase-active.png
bulk-import-or-template-content	??	Content/Assets/UI/textures/containers/phase-recovery.png
bulk-import-or-template-content	??	Content/Assets/UI/textures/containers/phase-windup.png
bulk-import-or-template-content	??	Content/Assets/UI/textures/containers/state-block.png
bulk-import-or-template-content	??	Content/Assets/UI/textures/containers/state-counter.png
bulk-import-or-template-content	??	Content/Assets/UI/textures/containers/state-guardbreak.png
bulk-import-or-template-content	??	Content/Assets/UI/textures/containers/state-hit.png
bulk-import-or-template-content	??	Content/Assets/UI/textures/containers/state-parry.png
bulk-import-or-template-content	??	Content/Assets/UI/textures/containers/state-perfect.png
bulk-import-or-template-content	??	Content/Assets/UI/textures/controls/checkbox/disabled.png
bulk-import-or-template-content	??	Content/Assets/UI/textures/controls/checkbox/off.png
bulk-import-or-template-content	??	Content/Assets/UI/textures/controls/checkbox/on.png
bulk-import-or-template-content	??	Content/Assets/UI/textures/controls/input/default.png
bulk-import-or-template-content	??	Content/Assets/UI/textures/controls/input/disabled.png
bulk-import-or-template-content	??	Content/Assets/UI/textures/controls/input/error.png
bulk-import-or-template-content	??	Content/Assets/UI/textures/controls/input/focus.png
bulk-import-or-template-content	??	Content/Assets/UI/textures/controls/keycap/default.png
bulk-import-or-template-content	??	Content/Assets/UI/textures/controls/keycap/disabled.png
bulk-import-or-template-content	??	Content/Assets/UI/textures/controls/keycap/focus.png
bulk-import-or-template-content	??	Content/Assets/UI/textures/controls/keycap/pressed.png
bulk-import-or-template-content	??	Content/Assets/UI/textures/controls/radio/off.png
bulk-import-or-template-content	??	Content/Assets/UI/textures/controls/radio/on.png
bulk-import-or-template-content	??	Content/Assets/UI/textures/controls/slider/fill.png
bulk-import-or-template-content	??	Content/Assets/UI/textures/controls/slider/handle.png
bulk-import-or-template-content	??	Content/Assets/UI/textures/controls/slider/track.png
bulk-import-or-template-content	??	Content/Assets/UI/textures/controls/tab/active.png
bulk-import-or-template-content	??	Content/Assets/UI/textures/controls/tab/default.png
bulk-import-or-template-content	??	Content/Assets/UI/textures/controls/toggle/off.png
bulk-import-or-template-content	??	Content/Assets/UI/textures/controls/toggle/on.png
bulk-import-or-template-content	??	Content/Assets/UI/textures/hud/meter-focus/fill.png
bulk-import-or-template-content	??	Content/Assets/UI/textures/hud/meter-focus/track.png
bulk-import-or-template-content	??	Content/Assets/UI/textures/hud/meter-guard/fill.png
bulk-import-or-template-content	??	Content/Assets/UI/textures/hud/meter-guard/track.png
bulk-import-or-template-content	??	Content/Assets/UI/textures/hud/meter-health/fill.png
bulk-import-or-template-content	??	Content/Assets/UI/textures/hud/meter-health/track.png
bulk-import-or-template-content	??	Content/Assets/UI/textures/hud/meter-stamina/fill.png
bulk-import-or-template-content	??	Content/Assets/UI/textures/hud/meter-stamina/track.png
bulk-import-or-template-content	??	Content/Assets/UI/textures/hud/phase/active.png
bulk-import-or-template-content	??	Content/Assets/UI/textures/hud/phase/recovery.png
bulk-import-or-template-content	??	Content/Assets/UI/textures/hud/phase/windup.png
bulk-import-or-template-content	??	Content/Assets/UI/textures/hud/state-callout/block.png
bulk-import-or-template-content	??	Content/Assets/UI/textures/hud/state-callout/counter.png
bulk-import-or-template-content	??	Content/Assets/UI/textures/hud/state-callout/guardbreak.png
bulk-import-or-template-content	??	Content/Assets/UI/textures/hud/state-callout/hit.png
bulk-import-or-template-content	??	Content/Assets/UI/textures/hud/state-callout/parry.png
bulk-import-or-template-content	??	Content/Assets/UI/textures/hud/state-callout/perfect.png
bulk-import-or-template-content	??	Content/Assets/UI/textures/icons/combat/combo-chain.png
bulk-import-or-template-content	??	Content/Assets/UI/textures/icons/combat/counter.png
bulk-import-or-template-content	??	Content/Assets/UI/textures/icons/combat/crossed-swords.png
bulk-import-or-template-content	??	Content/Assets/UI/textures/icons/combat/dodge.png
bulk-import-or-template-content	??	Content/Assets/UI/textures/icons/combat/focus.png
bulk-import-or-template-content	??	Content/Assets/UI/textures/icons/combat/heart.png
bulk-import-or-template-content	??	Content/Assets/UI/textures/icons/combat/impact.png
bulk-import-or-template-content	??	Content/Assets/UI/textures/icons/combat/katana.png
bulk-import-or-template-content	??	Content/Assets/UI/textures/icons/combat/parry.png
bulk-import-or-template-content	??	Content/Assets/UI/textures/icons/combat/shield.png
bulk-import-or-template-content	??	Content/Assets/UI/textures/icons/combat/skull.png
bulk-import-or-template-content	??	Content/Assets/UI/textures/icons/combat/stamina-bolt.png
bulk-import-or-template-content	??	Content/Assets/UI/textures/icons/combat/stopwatch.png
bulk-import-or-template-content	??	Content/Assets/UI/textures/icons/combat/svg/combo-chain.svg
bulk-import-or-template-content	??	Content/Assets/UI/textures/icons/combat/svg/counter.svg
bulk-import-or-template-content	??	Content/Assets/UI/textures/icons/combat/svg/crossed-swords.svg
bulk-import-or-template-content	??	Content/Assets/UI/textures/icons/combat/svg/dodge.svg
bulk-import-or-template-content	??	Content/Assets/UI/textures/icons/combat/svg/focus.svg
bulk-import-or-template-content	??	Content/Assets/UI/textures/icons/combat/svg/heart.svg
bulk-import-or-template-content	??	Content/Assets/UI/textures/icons/combat/svg/impact.svg
bulk-import-or-template-content	??	Content/Assets/UI/textures/icons/combat/svg/katana.svg
bulk-import-or-template-content	??	Content/Assets/UI/textures/icons/combat/svg/parry.svg
bulk-import-or-template-content	??	Content/Assets/UI/textures/icons/combat/svg/shield.svg
bulk-import-or-template-content	??	Content/Assets/UI/textures/icons/combat/svg/skull.svg
bulk-import-or-template-content	??	Content/Assets/UI/textures/icons/combat/svg/stamina-bolt.svg
bulk-import-or-template-content	??	Content/Assets/UI/textures/icons/combat/svg/stopwatch.svg
bulk-import-or-template-content	??	Content/Assets/UI/textures/icons/combat/svg/target-lock.svg
bulk-import-or-template-content	??	Content/Assets/UI/textures/icons/combat/target-lock.png
bulk-import-or-template-content	??	Content/Assets/UI/textures/icons/interface/check.png
bulk-import-or-template-content	??	Content/Assets/UI/textures/icons/interface/close.png
bulk-import-or-template-content	??	Content/Assets/UI/textures/icons/interface/eye.png
bulk-import-or-template-content	??	Content/Assets/UI/textures/icons/interface/gear.png
bulk-import-or-template-content	??	Content/Assets/UI/textures/icons/interface/info.png
bulk-import-or-template-content	??	Content/Assets/UI/textures/icons/interface/lock.png
bulk-import-or-template-content	??	Content/Assets/UI/textures/icons/interface/minus.png
bulk-import-or-template-content	??	Content/Assets/UI/textures/icons/interface/plus.png
bulk-import-or-template-content	??	Content/Assets/UI/textures/icons/interface/refresh.png
bulk-import-or-template-content	??	Content/Assets/UI/textures/icons/interface/svg/check.svg
bulk-import-or-template-content	??	Content/Assets/UI/textures/icons/interface/svg/close.svg
bulk-import-or-template-content	??	Content/Assets/UI/textures/icons/interface/svg/eye.svg
bulk-import-or-template-content	??	Content/Assets/UI/textures/icons/interface/svg/gear.svg
bulk-import-or-template-content	??	Content/Assets/UI/textures/icons/interface/svg/info.svg
bulk-import-or-template-content	??	Content/Assets/UI/textures/icons/interface/svg/lock.svg
bulk-import-or-template-content	??	Content/Assets/UI/textures/icons/interface/svg/minus.svg
bulk-import-or-template-content	??	Content/Assets/UI/textures/icons/interface/svg/plus.svg
bulk-import-or-template-content	??	Content/Assets/UI/textures/icons/interface/svg/refresh.svg
bulk-import-or-template-content	??	Content/Assets/UI/textures/icons/interface/svg/trophy.svg
bulk-import-or-template-content	??	Content/Assets/UI/textures/icons/interface/svg/unlock.svg
bulk-import-or-template-content	??	Content/Assets/UI/textures/icons/interface/svg/volume.svg
bulk-import-or-template-content	??	Content/Assets/UI/textures/icons/interface/svg/warning.svg
bulk-import-or-template-content	??	Content/Assets/UI/textures/icons/interface/trophy.png
bulk-import-or-template-content	??	Content/Assets/UI/textures/icons/interface/unlock.png
bulk-import-or-template-content	??	Content/Assets/UI/textures/icons/interface/volume.png
bulk-import-or-template-content	??	Content/Assets/UI/textures/icons/interface/warning.png
bulk-import-or-template-content	??	Content/Assets/UI/textures/icons/navigation/arrow-right.png
bulk-import-or-template-content	??	Content/Assets/UI/textures/icons/navigation/chevron-down.png
bulk-import-or-template-content	??	Content/Assets/UI/textures/icons/navigation/chevron-left.png
bulk-import-or-template-content	??	Content/Assets/UI/textures/icons/navigation/chevron-right.png
bulk-import-or-template-content	??	Content/Assets/UI/textures/icons/navigation/chevron-up.png
bulk-import-or-template-content	??	Content/Assets/UI/textures/icons/navigation/map-pin.png
bulk-import-or-template-content	??	Content/Assets/UI/textures/icons/navigation/menu.png
bulk-import-or-template-content	??	Content/Assets/UI/textures/icons/navigation/pause.png
bulk-import-or-template-content	??	Content/Assets/UI/textures/icons/navigation/play.png
bulk-import-or-template-content	??	Content/Assets/UI/textures/icons/navigation/svg/arrow-right.svg
bulk-import-or-template-content	??	Content/Assets/UI/textures/icons/navigation/svg/chevron-down.svg
bulk-import-or-template-content	??	Content/Assets/UI/textures/icons/navigation/svg/chevron-left.svg
bulk-import-or-template-content	??	Content/Assets/UI/textures/icons/navigation/svg/chevron-right.svg
bulk-import-or-template-content	??	Content/Assets/UI/textures/icons/navigation/svg/chevron-up.svg
bulk-import-or-template-content	??	Content/Assets/UI/textures/icons/navigation/svg/map-pin.svg
bulk-import-or-template-content	??	Content/Assets/UI/textures/icons/navigation/svg/menu.svg
bulk-import-or-template-content	??	Content/Assets/UI/textures/icons/navigation/svg/pause.svg
bulk-import-or-template-content	??	Content/Assets/UI/textures/icons/navigation/svg/play.svg
bulk-import-or-template-content	??	Content/Assets/UI/textures/indicators/badge/crimson.png
bulk-import-or-template-content	??	Content/Assets/UI/textures/indicators/badge/gold.png
bulk-import-or-template-content	??	Content/Assets/UI/textures/indicators/badge/indigo.png
bulk-import-or-template-content	??	Content/Assets/UI/textures/indicators/badge/jade.png
bulk-import-or-template-content	??	Content/Assets/UI/textures/indicators/badge/neutral.png
bulk-import-or-template-content	??	Content/Assets/UI/textures/indicators/badge/steel.png
bulk-import-or-template-content	??	Content/Assets/UI/textures/indicators/divider/horizontal.png
bulk-import-or-template-content	??	Content/Assets/UI/textures/indicators/divider/ornament.png
bulk-import-or-template-content	??	Content/Assets/UI/textures/panel/badge-crimson.png
bulk-import-or-template-content	??	Content/Assets/UI/textures/panel/badge-gold.png
bulk-import-or-template-content	??	Content/Assets/UI/textures/panel/badge-indigo.png
bulk-import-or-template-content	??	Content/Assets/UI/textures/panel/badge-jade.png
bulk-import-or-template-content	??	Content/Assets/UI/textures/panel/badge-neutral.png
bulk-import-or-template-content	??	Content/Assets/UI/textures/panel/badge-steel.png
bulk-import-or-template-content	??	Content/Assets/UI/textures/panel/button-danger-disabled.png
bulk-import-or-template-content	??	Content/Assets/UI/textures/panel/button-danger-down.png
bulk-import-or-template-content	??	Content/Assets/UI/textures/panel/button-danger-hover.png
bulk-import-or-template-content	??	Content/Assets/UI/textures/panel/button-danger-neutral.png
bulk-import-or-template-content	??	Content/Assets/UI/textures/panel/button-ghost-disabled.png
bulk-import-or-template-content	??	Content/Assets/UI/textures/panel/button-ghost-down.png
bulk-import-or-template-content	??	Content/Assets/UI/textures/panel/button-ghost-hover.png
bulk-import-or-template-content	??	Content/Assets/UI/textures/panel/button-ghost-neutral.png
bulk-import-or-template-content	??	Content/Assets/UI/textures/panel/button-primary-disabled.png
bulk-import-or-template-content	??	Content/Assets/UI/textures/panel/button-primary-down.png
bulk-import-or-template-content	??	Content/Assets/UI/textures/panel/button-primary-hover.png
bulk-import-or-template-content	??	Content/Assets/UI/textures/panel/button-primary-neutral.png
bulk-import-or-template-content	??	Content/Assets/UI/textures/panel/button-secondary-disabled.png
bulk-import-or-template-content	??	Content/Assets/UI/textures/panel/button-secondary-down.png
bulk-import-or-template-content	??	Content/Assets/UI/textures/panel/button-secondary-hover.png
bulk-import-or-template-content	??	Content/Assets/UI/textures/panel/button-secondary-neutral.png
bulk-import-or-template-content	??	Content/Assets/UI/textures/panel/combo-counter.png
bulk-import-or-template-content	??	Content/Assets/UI/textures/panel/combo-light-heavy.png
bulk-import-or-template-content	??	Content/Assets/UI/textures/panel/key-block.png
bulk-import-or-template-content	??	Content/Assets/UI/textures/panel/key-heavy.png
bulk-import-or-template-content	??	Content/Assets/UI/textures/panel/key-light.png
bulk-import-or-template-content	??	Content/Assets/UI/textures/panel/key-lock.png
bulk-import-or-template-content	??	Content/Assets/UI/textures/panel/key-parry.png
bulk-import-or-template-content	??	Content/Assets/UI/textures/panel/logo-mark-ink.png
bulk-import-or-template-content	??	Content/Assets/UI/textures/panel/meter-focus.png
bulk-import-or-template-content	??	Content/Assets/UI/textures/panel/meter-guard.png
bulk-import-or-template-content	??	Content/Assets/UI/textures/panel/meter-health.png
bulk-import-or-template-content	??	Content/Assets/UI/textures/panel/meter-stamina.png
bulk-import-or-template-content	??	Content/Assets/UI/textures/panel/phasebar.png
bulk-import-or-template-content	??	Content/Assets/UI/textures/panel/state-block.png
bulk-import-or-template-content	??	Content/Assets/UI/textures/panel/state-counter.png
bulk-import-or-template-content	??	Content/Assets/UI/textures/panel/state-guardbreak.png
bulk-import-or-template-content	??	Content/Assets/UI/textures/panel/state-hit.png
bulk-import-or-template-content	??	Content/Assets/UI/textures/panel/state-parry.png
bulk-import-or-template-content	??	Content/Assets/UI/textures/panel/state-perfect.png
bulk-import-or-template-content	??	Content/Assets/UI/textures/panels/panel-banner/danger.png
bulk-import-or-template-content	??	Content/Assets/UI/textures/panels/panel-banner/info.png
bulk-import-or-template-content	??	Content/Assets/UI/textures/panels/panel-banner/success.png
bulk-import-or-template-content	??	Content/Assets/UI/textures/panels/panel-banner/warning.png
bulk-import-or-template-content	??	Content/Assets/UI/textures/panels/panel-card/accent.png
bulk-import-or-template-content	??	Content/Assets/UI/textures/panels/panel-card/default.png
bulk-import-or-template-content	??	Content/Assets/UI/textures/panels/panel-card/hatch.png
bulk-import-or-template-content	??	Content/Assets/UI/textures/panels/panel-dialog/danger.png
bulk-import-or-template-content	??	Content/Assets/UI/textures/panels/panel-dialog/default.png
bulk-import-or-template-content	??	Content/Assets/UI/textures/panels/panel-header/default.png
bulk-import-or-template-content	??	Content/Assets/UI/textures/panels/panel-hud/corner.png
bulk-import-or-template-content	??	Content/Assets/UI/textures/panels/panel-hud/default.png
bulk-import-or-template-content	??	Content/Assets/UI/textures/panels/panel-inset/default.png
bulk-import-or-template-content	??	Content/Assets/UI/textures/panels/panel-tooltip/arrow-down.png
bulk-import-or-template-content	??	Content/Assets/UI/textures/panels/panel-tooltip/arrow-up.png
bulk-import-or-template-content	??	Content/Assets/UI/textures/panels/panel-tooltip/default.png
bulk-import-or-template-content	??	Content/Assets/UI/textures/svg/logo-mark-ink.svg
bulk-import-or-template-content	??	Content/Assets/UI/textures/svg/logo-mark.svg
bulk-import-or-template-content	??	Content/Assets/UI/textures/transparent/badge-crimson.png
bulk-import-or-template-content	??	Content/Assets/UI/textures/transparent/badge-gold.png
bulk-import-or-template-content	??	Content/Assets/UI/textures/transparent/badge-indigo.png
bulk-import-or-template-content	??	Content/Assets/UI/textures/transparent/badge-jade.png
bulk-import-or-template-content	??	Content/Assets/UI/textures/transparent/badge-neutral.png
bulk-import-or-template-content	??	Content/Assets/UI/textures/transparent/badge-steel.png
bulk-import-or-template-content	??	Content/Assets/UI/textures/transparent/button-danger-disabled.png
bulk-import-or-template-content	??	Content/Assets/UI/textures/transparent/button-danger-down.png
bulk-import-or-template-content	??	Content/Assets/UI/textures/transparent/button-danger-hover.png
bulk-import-or-template-content	??	Content/Assets/UI/textures/transparent/button-danger-neutral.png
bulk-import-or-template-content	??	Content/Assets/UI/textures/transparent/button-ghost-disabled.png
bulk-import-or-template-content	??	Content/Assets/UI/textures/transparent/button-ghost-down.png
bulk-import-or-template-content	??	Content/Assets/UI/textures/transparent/button-ghost-hover.png
bulk-import-or-template-content	??	Content/Assets/UI/textures/transparent/button-ghost-neutral.png
bulk-import-or-template-content	??	Content/Assets/UI/textures/transparent/button-primary-disabled.png
bulk-import-or-template-content	??	Content/Assets/UI/textures/transparent/button-primary-down.png
bulk-import-or-template-content	??	Content/Assets/UI/textures/transparent/button-primary-hover.png
bulk-import-or-template-content	??	Content/Assets/UI/textures/transparent/button-primary-neutral.png
bulk-import-or-template-content	??	Content/Assets/UI/textures/transparent/button-secondary-disabled.png
bulk-import-or-template-content	??	Content/Assets/UI/textures/transparent/button-secondary-down.png
bulk-import-or-template-content	??	Content/Assets/UI/textures/transparent/button-secondary-hover.png
bulk-import-or-template-content	??	Content/Assets/UI/textures/transparent/button-secondary-neutral.png
bulk-import-or-template-content	??	Content/Assets/UI/textures/transparent/combo-counter.png
bulk-import-or-template-content	??	Content/Assets/UI/textures/transparent/combo-light-heavy.png
bulk-import-or-template-content	??	Content/Assets/UI/textures/transparent/key-block.png
bulk-import-or-template-content	??	Content/Assets/UI/textures/transparent/key-heavy.png
bulk-import-or-template-content	??	Content/Assets/UI/textures/transparent/key-light.png
bulk-import-or-template-content	??	Content/Assets/UI/textures/transparent/key-lock.png
bulk-import-or-template-content	??	Content/Assets/UI/textures/transparent/key-parry.png
bulk-import-or-template-content	??	Content/Assets/UI/textures/transparent/logo-mark.png
bulk-import-or-template-content	??	Content/Assets/UI/textures/transparent/meter-focus.png
bulk-import-or-template-content	??	Content/Assets/UI/textures/transparent/meter-guard.png
bulk-import-or-template-content	??	Content/Assets/UI/textures/transparent/meter-health.png
bulk-import-or-template-content	??	Content/Assets/UI/textures/transparent/meter-stamina.png
bulk-import-or-template-content	??	Content/Assets/UI/textures/transparent/phasebar.png
bulk-import-or-template-content	??	Content/Assets/UI/textures/transparent/state-block.png
bulk-import-or-template-content	??	Content/Assets/UI/textures/transparent/state-counter.png
bulk-import-or-template-content	??	Content/Assets/UI/textures/transparent/state-guardbreak.png
bulk-import-or-template-content	??	Content/Assets/UI/textures/transparent/state-hit.png
bulk-import-or-template-content	??	Content/Assets/UI/textures/transparent/state-parry.png
bulk-import-or-template-content	??	Content/Assets/UI/textures/transparent/state-perfect.png
bulk-import-or-template-content	??	Content/Assets/VFX/GoodFXImpactUE5/Demo/Maps/Level_GoodFXImpact_All_BuiltData.uasset
bulk-import-or-template-content	??	Content/Assets/VFX/GoodFXImpactUE5/Demo/Maps/Level_GoodFXImpact_All.umap
bulk-import-or-template-content	??	Content/Assets/VFX/GoodFXImpactUE5/Demo/Maps/Level_GoodFXImpact_Interact.umap
bulk-import-or-template-content	??	Content/Assets/VFX/GoodFXImpactUE5/Demo/Resource/Material/M_GFXI_Base.uasset
bulk-import-or-template-content	??	Content/Assets/VFX/GoodFXImpactUE5/Demo/Resource/Material/M_ProcGrid.uasset
bulk-import-or-template-content	??	Content/Assets/VFX/GoodFXImpactUE5/Demo/Resource/Sound/hit_crack_Cue.uasset
bulk-import-or-template-content	??	Content/Assets/VFX/GoodFXImpactUE5/Demo/Resource/Sound/hit_crack.uasset
bulk-import-or-template-content	??	Content/Assets/VFX/GoodFXImpactUE5/Demo/Resource/Sound/hit_ice.uasset
bulk-import-or-template-content	??	Content/Assets/VFX/GoodFXImpactUE5/Demo/Resource/Sound/hit_short.uasset
bulk-import-or-template-content	??	Content/Assets/VFX/GoodFXImpactUE5/Demo/Resource/ThirdPersonBP/Blueprints/ThirdPersonCharacter.uasset
bulk-import-or-template-content	??	Content/Assets/VFX/GoodFXImpactUE5/Demo/Resource/ThirdPersonBP/Mannequin/Animations/NewFolder/ThirdPersonTakeDamage_D01.uasset
bulk-import-or-template-content	??	Content/Assets/VFX/GoodFXImpactUE5/Demo/Resource/ThirdPersonBP/Mannequin/Animations/NewFolder/ThirdPersonTakeDamage_D02.uasset
bulk-import-or-template-content	??	Content/Assets/VFX/GoodFXImpactUE5/Demo/Resource/ThirdPersonBP/Mannequin/Animations/NewFolder/ThirdPersonTakeDamage_D03.uasset
bulk-import-or-template-content	??	Content/Assets/VFX/GoodFXImpactUE5/Demo/Resource/ThirdPersonBP/Mannequin/Animations/NewFolder/ThirdPersonTakeDamage_D04.uasset
bulk-import-or-template-content	??	Content/Assets/VFX/GoodFXImpactUE5/Demo/Resource/ThirdPersonBP/Mannequin/Animations/NewFolder/ThirdPersonTakeDamage_G01.uasset
bulk-import-or-template-content	??	Content/Assets/VFX/GoodFXImpactUE5/Demo/Resource/ThirdPersonBP/Mannequin/Animations/NewFolder/ThirdPersonTakeDamage_G02.uasset
bulk-import-or-template-content	??	Content/Assets/VFX/GoodFXImpactUE5/Demo/Resource/ThirdPersonBP/Mannequin/Animations/NewFolder/ThirdPersonTakeDamage_G03.uasset
bulk-import-or-template-content	??	Content/Assets/VFX/GoodFXImpactUE5/Demo/Resource/ThirdPersonBP/Mannequin/Animations/NewFolder/ThirdPersonTakeDamage_G04.uasset
bulk-import-or-template-content	??	Content/Assets/VFX/GoodFXImpactUE5/Demo/Resource/ThirdPersonBP/Mannequin/Animations/NewFolder/ThirdPersonTakeDamage_P01.uasset
bulk-import-or-template-content	??	Content/Assets/VFX/GoodFXImpactUE5/Demo/Resource/ThirdPersonBP/Mannequin/Animations/NewFolder/ThirdPersonTakeDamage_P02.uasset
bulk-import-or-template-content	??	Content/Assets/VFX/GoodFXImpactUE5/Demo/Resource/ThirdPersonBP/Mannequin/Animations/NewFolder/ThirdPersonTakeDamage_P03.uasset
bulk-import-or-template-content	??	Content/Assets/VFX/GoodFXImpactUE5/Demo/Resource/ThirdPersonBP/Mannequin/Animations/NewFolder/ThirdPersonTakeDamage_P04.uasset
bulk-import-or-template-content	??	Content/Assets/VFX/GoodFXImpactUE5/Demo/Resource/ThirdPersonBP/Mannequin/Animations/NewFolder/ThirdPersonTakeDamage_P05.uasset
bulk-import-or-template-content	??	Content/Assets/VFX/GoodFXImpactUE5/Demo/Resource/ThirdPersonBP/Mannequin/Animations/NewFolder/ThirdPersonTakeDamage_P06.uasset
bulk-import-or-template-content	??	Content/Assets/VFX/GoodFXImpactUE5/Demo/Resource/ThirdPersonBP/Mannequin/Animations/NewFolder/ThirdPersonTakeDamage_P07.uasset
bulk-import-or-template-content	??	Content/Assets/VFX/GoodFXImpactUE5/Demo/Resource/ThirdPersonBP/Mannequin/Animations/NewFolder/ThirdPersonTakeDamage_P08.uasset
bulk-import-or-template-content	??	Content/Assets/VFX/GoodFXImpactUE5/Demo/Resource/ThirdPersonBP/Mannequin/Animations/NewFolder/ThirdPersonTakeDamage_P09.uasset
bulk-import-or-template-content	??	Content/Assets/VFX/GoodFXImpactUE5/Demo/Resource/ThirdPersonBP/Mannequin/Animations/NewFolder/ThirdPersonTakeDamage_P10.uasset
bulk-import-or-template-content	??	Content/Assets/VFX/GoodFXImpactUE5/Demo/Resource/ThirdPersonBP/Mannequin/Animations/NewFolder/ThirdPersonTakeDamage_R01.uasset
bulk-import-or-template-content	??	Content/Assets/VFX/GoodFXImpactUE5/Demo/Resource/ThirdPersonBP/Mannequin/Animations/NewFolder/ThirdPersonTakeDamage_R02.uasset
bulk-import-or-template-content	??	Content/Assets/VFX/GoodFXImpactUE5/Demo/Resource/ThirdPersonBP/Mannequin/Animations/NewFolder/ThirdPersonTakeDamage_R03.uasset
bulk-import-or-template-content	??	Content/Assets/VFX/GoodFXImpactUE5/Demo/Resource/ThirdPersonBP/Mannequin/Animations/NewFolder/ThirdPersonTakeDamage_R04.uasset
bulk-import-or-template-content	??	Content/Assets/VFX/GoodFXImpactUE5/Demo/Resource/ThirdPersonBP/Mannequin/Animations/NewFolder/ThirdPersonTakeDamage_R05.uasset
bulk-import-or-template-content	??	Content/Assets/VFX/GoodFXImpactUE5/Demo/Resource/ThirdPersonBP/Mannequin/Animations/NewFolder/ThirdPersonTakeDamage_R06.uasset
bulk-import-or-template-content	??	Content/Assets/VFX/GoodFXImpactUE5/Demo/Resource/ThirdPersonBP/Mannequin/Animations/NewFolder/ThirdPersonTakeDamage_R07.uasset
bulk-import-or-template-content	??	Content/Assets/VFX/GoodFXImpactUE5/Demo/Resource/ThirdPersonBP/Mannequin/Animations/NewFolder/ThirdPersonTakeDamage_R08.uasset
bulk-import-or-template-content	??	Content/Assets/VFX/GoodFXImpactUE5/Demo/Resource/ThirdPersonBP/Mannequin/Animations/NewFolder/ThirdPersonTakeDamage_R09.uasset
bulk-import-or-template-content	??	Content/Assets/VFX/GoodFXImpactUE5/Demo/Resource/ThirdPersonBP/Mannequin/Animations/NewFolder/ThirdPersonTakeDamage_W01.uasset
bulk-import-or-template-content	??	Content/Assets/VFX/GoodFXImpactUE5/Demo/Resource/ThirdPersonBP/Mannequin/Animations/NewFolder/ThirdPersonTakeDamage_W02.uasset
bulk-import-or-template-content	??	Content/Assets/VFX/GoodFXImpactUE5/Demo/Resource/ThirdPersonBP/Mannequin/Animations/NewFolder/ThirdPersonTakeDamage_Y01.uasset
bulk-import-or-template-content	??	Content/Assets/VFX/GoodFXImpactUE5/Demo/Resource/ThirdPersonBP/Mannequin/Animations/NewFolder/ThirdPersonTakeDamage_Y02.uasset
bulk-import-or-template-content	??	Content/Assets/VFX/GoodFXImpactUE5/Demo/Resource/ThirdPersonBP/Mannequin/Animations/NewFolder/ThirdPersonTakeDamage_Y03.uasset
bulk-import-or-template-content	??	Content/Assets/VFX/GoodFXImpactUE5/Demo/Resource/ThirdPersonBP/Mannequin/Animations/NewFolder/ThirdPersonTakeDamage_Y04.uasset
bulk-import-or-template-content	??	Content/Assets/VFX/GoodFXImpactUE5/Demo/Resource/ThirdPersonBP/Mannequin/Animations/NewFolder/ThirdPersonTakeDamage_Y05.uasset
bulk-import-or-template-content	??	Content/Assets/VFX/GoodFXImpactUE5/Demo/Resource/ThirdPersonBP/Mannequin/Animations/NewFolder/ThirdPersonTakeDamage_Y06.uasset
bulk-import-or-template-content	??	Content/Assets/VFX/GoodFXImpactUE5/Demo/Resource/ThirdPersonBP/Mannequin/Animations/NewFolder/ThirdPersonTakeDamage_Y07.uasset
bulk-import-or-template-content	??	Content/Assets/VFX/GoodFXImpactUE5/Demo/Resource/ThirdPersonBP/Mannequin/Animations/NewFolder/ThirdPersonTakeDamage_Y08.uasset
bulk-import-or-template-content	??	Content/Assets/VFX/GoodFXImpactUE5/Demo/Resource/ThirdPersonBP/Mannequin/Animations/NewFolder/ThirdPersonTakeDamage_Y09.uasset
bulk-import-or-template-content	??	Content/Assets/VFX/GoodFXImpactUE5/Demo/Resource/ThirdPersonBP/Mannequin/Animations/NewFolder/ThirdPersonTakeDamage_Y10.uasset
bulk-import-or-template-content	??	Content/Assets/VFX/GoodFXImpactUE5/Demo/Resource/ThirdPersonBP/Mannequin/Animations/NewFolder/ThirdPersonTakeDamage_Y11.uasset
bulk-import-or-template-content	??	Content/Assets/VFX/GoodFXImpactUE5/Demo/Resource/ThirdPersonBP/Mannequin/Animations/NewFolder/ThirdPersonTakeDamage_Y12.uasset
bulk-import-or-template-content	??	Content/Assets/VFX/GoodFXImpactUE5/Demo/Resource/ThirdPersonBP/Mannequin/Animations/NewFolder/ThirdPersonTakeDamage_Y13.uasset
bulk-import-or-template-content	??	Content/Assets/VFX/GoodFXImpactUE5/Demo/Resource/ThirdPersonBP/Mannequin/Animations/NewFolder/ThirdPersonTakeDamage_Y14.uasset
bulk-import-or-template-content	??	Content/Assets/VFX/GoodFXImpactUE5/Demo/Resource/ThirdPersonBP/Mannequin/Animations/NewFolder/ThirdPersonTakeDamage_Y15.uasset
bulk-import-or-template-content	??	Content/Assets/VFX/GoodFXImpactUE5/Demo/Resource/ThirdPersonBP/Mannequin/Animations/NewFolder/ThirdPersonTakeDamage1.uasset
bulk-import-or-template-content	??	Content/Assets/VFX/GoodFXImpactUE5/Demo/Resource/ThirdPersonBP/Mannequin/Animations/NewFolder/ThirdPersonTakeDamage10.uasset
bulk-import-or-template-content	??	Content/Assets/VFX/GoodFXImpactUE5/Demo/Resource/ThirdPersonBP/Mannequin/Animations/NewFolder/ThirdPersonTakeDamage11.uasset
bulk-import-or-template-content	??	Content/Assets/VFX/GoodFXImpactUE5/Demo/Resource/ThirdPersonBP/Mannequin/Animations/NewFolder/ThirdPersonTakeDamage2.uasset
bulk-import-or-template-content	??	Content/Assets/VFX/GoodFXImpactUE5/Demo/Resource/ThirdPersonBP/Mannequin/Animations/NewFolder/ThirdPersonTakeDamage3.uasset
bulk-import-or-template-content	??	Content/Assets/VFX/GoodFXImpactUE5/Demo/Resource/ThirdPersonBP/Mannequin/Animations/NewFolder/ThirdPersonTakeDamage4.uasset
bulk-import-or-template-content	??	Content/Assets/VFX/GoodFXImpactUE5/Demo/Resource/ThirdPersonBP/Mannequin/Animations/NewFolder/ThirdPersonTakeDamage5.uasset
bulk-import-or-template-content	??	Content/Assets/VFX/GoodFXImpactUE5/Demo/Resource/ThirdPersonBP/Mannequin/Animations/NewFolder/ThirdPersonTakeDamage6.uasset
bulk-import-or-template-content	??	Content/Assets/VFX/GoodFXImpactUE5/Demo/Resource/ThirdPersonBP/Mannequin/Animations/NewFolder/ThirdPersonTakeDamage7.uasset
bulk-import-or-template-content	??	Content/Assets/VFX/GoodFXImpactUE5/Demo/Resource/ThirdPersonBP/Mannequin/Animations/NewFolder/ThirdPersonTakeDamage8.uasset
bulk-import-or-template-content	??	Content/Assets/VFX/GoodFXImpactUE5/Demo/Resource/ThirdPersonBP/Mannequin/Animations/NewFolder/ThirdPersonTakeDamage9.uasset
bulk-import-or-template-content	??	Content/Assets/VFX/GoodFXImpactUE5/Demo/Resource/ThirdPersonBP/Mannequin/Animations/ThirdPerson_AnimBP.uasset
bulk-import-or-template-content	??	Content/Assets/VFX/GoodFXImpactUE5/Demo/Resource/ThirdPersonBP/Mannequin/Animations/ThirdPerson_IdleRun_2D.uasset
bulk-import-or-template-content	??	Content/Assets/VFX/GoodFXImpactUE5/Demo/Resource/ThirdPersonBP/Mannequin/Animations/ThirdPerson_Jump.uasset
bulk-import-or-template-content	??	Content/Assets/VFX/GoodFXImpactUE5/Demo/Resource/ThirdPersonBP/Mannequin/Animations/ThirdPerson_TakeDamage.uasset
bulk-import-or-template-content	??	Content/Assets/VFX/GoodFXImpactUE5/Demo/Resource/ThirdPersonBP/Mannequin/Animations/ThirdPersonIdle.uasset
bulk-import-or-template-content	??	Content/Assets/VFX/GoodFXImpactUE5/Demo/Resource/ThirdPersonBP/Mannequin/Animations/ThirdPersonJump_Loop.uasset
bulk-import-or-template-content	??	Content/Assets/VFX/GoodFXImpactUE5/Demo/Resource/ThirdPersonBP/Mannequin/Animations/ThirdPersonJump_Start.uasset
bulk-import-or-template-content	??	Content/Assets/VFX/GoodFXImpactUE5/Demo/Resource/ThirdPersonBP/Mannequin/Animations/ThirdPersonRun.uasset
bulk-import-or-template-content	??	Content/Assets/VFX/GoodFXImpactUE5/Demo/Resource/ThirdPersonBP/Mannequin/Animations/ThirdPersonTakeDamage.uasset
bulk-import-or-template-content	??	Content/Assets/VFX/GoodFXImpactUE5/Demo/Resource/ThirdPersonBP/Mannequin/Animations/ThirdPersonWalk.uasset
bulk-import-or-template-content	??	Content/Assets/VFX/GoodFXImpactUE5/Demo/Resource/ThirdPersonBP/Mannequin/Character/Mesh/SK_Mannequin_PhysicsAsset.uasset
bulk-import-or-template-content	??	Content/Assets/VFX/GoodFXImpactUE5/Demo/Resource/ThirdPersonBP/Mannequin/Character/Mesh/SK_Mannequin.uasset
bulk-import-or-template-content	??	Content/Assets/VFX/GoodFXImpactUE5/Demo/Resource/ThirdPersonBP/Mannequin/Character/Mesh/UE4_Mannequin_Skeleton.uasset
bulk-import-or-template-content	??	Content/Assets/VFX/GoodFXImpactUE5/Demo/Resource/UI/WB_GFXI_Menu.uasset
bulk-import-or-template-content	??	Content/Assets/VFX/GoodFXImpactUE5/FX/NiagaraSystem/Blue/NS_GFXI_Blue_Bubble.uasset
bulk-import-or-template-content	??	Content/Assets/VFX/GoodFXImpactUE5/FX/NiagaraSystem/Blue/NS_GFXI_Blue_Electricity_01.uasset
bulk-import-or-template-content	??	Content/Assets/VFX/GoodFXImpactUE5/FX/NiagaraSystem/Blue/NS_GFXI_Blue_Electricity_02.uasset
bulk-import-or-template-content	??	Content/Assets/VFX/GoodFXImpactUE5/FX/NiagaraSystem/Blue/NS_GFXI_Blue_Frost_Spike.uasset
bulk-import-or-template-content	??	Content/Assets/VFX/GoodFXImpactUE5/FX/NiagaraSystem/Blue/NS_GFXI_Blue_HiTech.uasset
bulk-import-or-template-content	??	Content/Assets/VFX/GoodFXImpactUE5/FX/NiagaraSystem/Blue/NS_GFXI_Blue_Light_01.uasset
bulk-import-or-template-content	??	Content/Assets/VFX/GoodFXImpactUE5/FX/NiagaraSystem/Blue/NS_GFXI_Blue_Light_02.uasset
bulk-import-or-template-content	??	Content/Assets/VFX/GoodFXImpactUE5/FX/NiagaraSystem/Blue/NS_GFXI_Blue_Light_03.uasset
bulk-import-or-template-content	??	Content/Assets/VFX/GoodFXImpactUE5/FX/NiagaraSystem/Blue/NS_GFXI_Blue_Skull.uasset
bulk-import-or-template-content	??	Content/Assets/VFX/GoodFXImpactUE5/FX/NiagaraSystem/Blue/NS_GFXI_Blue_Slash.uasset
bulk-import-or-template-content	??	Content/Assets/VFX/GoodFXImpactUE5/FX/NiagaraSystem/Blue/NS_GFXI_Blue_Water.uasset
bulk-import-or-template-content	??	Content/Assets/VFX/GoodFXImpactUE5/FX/NiagaraSystem/Dark/NS_GFXI_Dark_dust_01.uasset
bulk-import-or-template-content	??	Content/Assets/VFX/GoodFXImpactUE5/FX/NiagaraSystem/Dark/NS_GFXI_Dark_Feather_01.uasset
bulk-import-or-template-content	??	Content/Assets/VFX/GoodFXImpactUE5/FX/NiagaraSystem/Dark/NS_GFXI_Dark_Slash_01.uasset
bulk-import-or-template-content	??	Content/Assets/VFX/GoodFXImpactUE5/FX/NiagaraSystem/Dark/NS_GFXI_Enfeeble.uasset
bulk-import-or-template-content	??	Content/Assets/VFX/GoodFXImpactUE5/FX/NiagaraSystem/Green/NS_GFXI_Green_Comet.uasset
bulk-import-or-template-content	??	Content/Assets/VFX/GoodFXImpactUE5/FX/NiagaraSystem/Green/NS_GFXI_Green_Orb.uasset
bulk-import-or-template-content	??	Content/Assets/VFX/GoodFXImpactUE5/FX/NiagaraSystem/Green/NS_GFXI_Green_Poison_01.uasset
bulk-import-or-template-content	??	Content/Assets/VFX/GoodFXImpactUE5/FX/NiagaraSystem/Green/NS_GFXI_Green_Poison_02.uasset
bulk-import-or-template-content	??	Content/Assets/VFX/GoodFXImpactUE5/FX/NiagaraSystem/Purple/NS_GFXI_Purple_Arcane.uasset
bulk-import-or-template-content	??	Content/Assets/VFX/GoodFXImpactUE5/FX/NiagaraSystem/Purple/NS_GFXI_Purple_Circle.uasset
bulk-import-or-template-content	??	Content/Assets/VFX/GoodFXImpactUE5/FX/NiagaraSystem/Purple/NS_GFXI_Purple_Curse.uasset
bulk-import-or-template-content	??	Content/Assets/VFX/GoodFXImpactUE5/FX/NiagaraSystem/Purple/NS_GFXI_Purple_Light_01.uasset
bulk-import-or-template-content	??	Content/Assets/VFX/GoodFXImpactUE5/FX/NiagaraSystem/Purple/NS_GFXI_Purple_Light_02.uasset
bulk-import-or-template-content	??	Content/Assets/VFX/GoodFXImpactUE5/FX/NiagaraSystem/Purple/NS_GFXI_Purple_Light_03.uasset
bulk-import-or-template-content	??	Content/Assets/VFX/GoodFXImpactUE5/FX/NiagaraSystem/Purple/NS_GFXI_Purple_Light_04.uasset
bulk-import-or-template-content	??	Content/Assets/VFX/GoodFXImpactUE5/FX/NiagaraSystem/Purple/NS_GFXI_Purple_Light_05.uasset
bulk-import-or-template-content	??	Content/Assets/VFX/GoodFXImpactUE5/FX/NiagaraSystem/Purple/NS_GFXI_Purple_Smoke_02.uasset
bulk-import-or-template-content	??	Content/Assets/VFX/GoodFXImpactUE5/FX/NiagaraSystem/Purple/NS_GFXI_Purple_X_Slash.uasset
bulk-import-or-template-content	??	Content/Assets/VFX/GoodFXImpactUE5/FX/NiagaraSystem/Red/NS_GFXI_Red_Blood_01.uasset
bulk-import-or-template-content	??	Content/Assets/VFX/GoodFXImpactUE5/FX/NiagaraSystem/Red/NS_GFXI_Red_Blood_02.uasset
bulk-import-or-template-content	??	Content/Assets/VFX/GoodFXImpactUE5/FX/NiagaraSystem/Red/NS_GFXI_Red_Blood_03.uasset
bulk-import-or-template-content	??	Content/Assets/VFX/GoodFXImpactUE5/FX/NiagaraSystem/Red/NS_GFXI_Red_Dust.uasset
bulk-import-or-template-content	??	Content/Assets/VFX/GoodFXImpactUE5/FX/NiagaraSystem/Red/NS_GFXI_Red_Flame_01.uasset
bulk-import-or-template-content	??	Content/Assets/VFX/GoodFXImpactUE5/FX/NiagaraSystem/Red/NS_GFXI_Red_Flame_02.uasset
bulk-import-or-template-content	??	Content/Assets/VFX/GoodFXImpactUE5/FX/NiagaraSystem/Red/NS_GFXI_Red_Slash_01.uasset
bulk-import-or-template-content	??	Content/Assets/VFX/GoodFXImpactUE5/FX/NiagaraSystem/Red/NS_GFXI_Red_Slash_03.uasset
bulk-import-or-template-content	??	Content/Assets/VFX/GoodFXImpactUE5/FX/NiagaraSystem/Red/NS_GFXI_Red_Slash_04.uasset
bulk-import-or-template-content	??	Content/Assets/VFX/GoodFXImpactUE5/FX/NiagaraSystem/White/NS_GFXI_White_Dust_01.uasset
bulk-import-or-template-content	??	Content/Assets/VFX/GoodFXImpactUE5/FX/NiagaraSystem/White/NS_GFXI_White_Dust_02.uasset
bulk-import-or-template-content	??	Content/Assets/VFX/GoodFXImpactUE5/FX/NiagaraSystem/Yellow/NS_GFXI_Yellow_Circle.uasset
bulk-import-or-template-content	??	Content/Assets/VFX/GoodFXImpactUE5/FX/NiagaraSystem/Yellow/NS_GFXI_Yellow_Cross.uasset
bulk-import-or-template-content	??	Content/Assets/VFX/GoodFXImpactUE5/FX/NiagaraSystem/Yellow/NS_GFXI_Yellow_Electricity_01.uasset
bulk-import-or-template-content	??	Content/Assets/VFX/GoodFXImpactUE5/FX/NiagaraSystem/Yellow/NS_GFXI_Yellow_Electricity_02.uasset
bulk-import-or-template-content	??	Content/Assets/VFX/GoodFXImpactUE5/FX/NiagaraSystem/Yellow/NS_GFXI_Yellow_Fire_01.uasset
bulk-import-or-template-content	??	Content/Assets/VFX/GoodFXImpactUE5/FX/NiagaraSystem/Yellow/NS_GFXI_Yellow_Fire_02.uasset
bulk-import-or-template-content	??	Content/Assets/VFX/GoodFXImpactUE5/FX/NiagaraSystem/Yellow/NS_GFXI_Yellow_Flare_01.uasset
bulk-import-or-template-content	??	Content/Assets/VFX/GoodFXImpactUE5/FX/NiagaraSystem/Yellow/NS_GFXI_Yellow_Flare_02.uasset
bulk-import-or-template-content	??	Content/Assets/VFX/GoodFXImpactUE5/FX/NiagaraSystem/Yellow/NS_GFXI_Yellow_Flare_03.uasset
bulk-import-or-template-content	??	Content/Assets/VFX/GoodFXImpactUE5/FX/NiagaraSystem/Yellow/NS_GFXI_Yellow_Flare_04.uasset
bulk-import-or-template-content	??	Content/Assets/VFX/GoodFXImpactUE5/FX/NiagaraSystem/Yellow/NS_GFXI_Yellow_Parry.uasset
bulk-import-or-template-content	??	Content/Assets/VFX/GoodFXImpactUE5/FX/NiagaraSystem/Yellow/NS_GFXI_Yellow_RadialForce.uasset
bulk-import-or-template-content	??	Content/Assets/VFX/GoodFXImpactUE5/FX/NiagaraSystem/Yellow/NS_GFXI_Yellow_Shred_01.uasset
bulk-import-or-template-content	??	Content/Assets/VFX/GoodFXImpactUE5/FX/NiagaraSystem/Yellow/NS_GFXI_Yellow_Shred_02.uasset
bulk-import-or-template-content	??	Content/Assets/VFX/GoodFXImpactUE5/FX/NiagaraSystem/Yellow/NS_GFXI_Yellow_Slash_01.uasset
bulk-import-or-template-content	??	Content/Assets/VFX/GoodFXImpactUE5/FX/Resource/Material/M_GFXI_4Star_Flicker.uasset
bulk-import-or-template-content	??	Content/Assets/VFX/GoodFXImpactUE5/FX/Resource/Material/M_GFXI_Amaterasu.uasset
bulk-import-or-template-content	??	Content/Assets/VFX/GoodFXImpactUE5/FX/Resource/Material/M_GFXI_Base_2Tex_Blend_Inst.uasset
bulk-import-or-template-content	??	Content/Assets/VFX/GoodFXImpactUE5/FX/Resource/Material/M_GFXI_Base_2Tex_Blend.uasset
bulk-import-or-template-content	??	Content/Assets/VFX/GoodFXImpactUE5/FX/Resource/Material/M_GFXI_Base_Flare_Inst.uasset
bulk-import-or-template-content	??	Content/Assets/VFX/GoodFXImpactUE5/FX/Resource/Material/M_GFXI_Base_Flare.uasset
bulk-import-or-template-content	??	Content/Assets/VFX/GoodFXImpactUE5/FX/Resource/Material/M_GFXI_Blood_SubUV.uasset
bulk-import-or-template-content	??	Content/Assets/VFX/GoodFXImpactUE5/FX/Resource/Material/M_GFXI_Bubble.uasset
bulk-import-or-template-content	??	Content/Assets/VFX/GoodFXImpactUE5/FX/Resource/Material/M_GFXI_ColorAndAlpha_DepthFade_Trans.uasset
bulk-import-or-template-content	??	Content/Assets/VFX/GoodFXImpactUE5/FX/Resource/Material/M_GFXI_Dust_2.uasset
bulk-import-or-template-content	??	Content/Assets/VFX/GoodFXImpactUE5/FX/Resource/Material/M_GFXI_dust.uasset
bulk-import-or-template-content	??	Content/Assets/VFX/GoodFXImpactUE5/FX/Resource/Material/M_GFXI_DustGlow.uasset
bulk-import-or-template-content	??	Content/Assets/VFX/GoodFXImpactUE5/FX/Resource/Material/M_GFXI_Electricity.uasset
bulk-import-or-template-content	??	Content/Assets/VFX/GoodFXImpactUE5/FX/Resource/Material/M_GFXI_Emissive.uasset
bulk-import-or-template-content	??	Content/Assets/VFX/GoodFXImpactUE5/FX/Resource/Material/M_GFXI_Flare_Chrome.uasset
bulk-import-or-template-content	??	Content/Assets/VFX/GoodFXImpactUE5/FX/Resource/Material/M_GFXI_Flare_Radial.uasset
bulk-import-or-template-content	??	Content/Assets/VFX/GoodFXImpactUE5/FX/Resource/Material/M_GFXI_Flare_Shine.uasset
bulk-import-or-template-content	??	Content/Assets/VFX/GoodFXImpactUE5/FX/Resource/Material/M_GFXI_Flicker_Circle.uasset
bulk-import-or-template-content	??	Content/Assets/VFX/GoodFXImpactUE5/FX/Resource/Material/M_GFXI_GhostSkull.uasset
bulk-import-or-template-content	??	Content/Assets/VFX/GoodFXImpactUE5/FX/Resource/Material/M_GFXI_Glow_Refraction.uasset
bulk-import-or-template-content	??	Content/Assets/VFX/GoodFXImpactUE5/FX/Resource/Material/M_GFXI_Glow_Smooth.uasset
bulk-import-or-template-content	??	Content/Assets/VFX/GoodFXImpactUE5/FX/Resource/Material/M_GFXI_Gradient_HorizonA.uasset
bulk-import-or-template-content	??	Content/Assets/VFX/GoodFXImpactUE5/FX/Resource/Material/M_GFXI_Ice.uasset
bulk-import-or-template-content	??	Content/Assets/VFX/GoodFXImpactUE5/FX/Resource/Material/M_GFXI_Impact_Flare.uasset
bulk-import-or-template-content	??	Content/Assets/VFX/GoodFXImpactUE5/FX/Resource/Material/M_GFXI_Inky_Smoke.uasset
bulk-import-or-template-content	??	Content/Assets/VFX/GoodFXImpactUE5/FX/Resource/Material/M_GFXI_Marker_Slash.uasset
bulk-import-or-template-content	??	Content/Assets/VFX/GoodFXImpactUE5/FX/Resource/Material/M_GFXI_Multi_Dot.uasset
bulk-import-or-template-content	??	Content/Assets/VFX/GoodFXImpactUE5/FX/Resource/Material/M_GFXI_Muzzle_Flash2.uasset
bulk-import-or-template-content	??	Content/Assets/VFX/GoodFXImpactUE5/FX/Resource/Material/M_GFXI_Nebula.uasset
bulk-import-or-template-content	??	Content/Assets/VFX/GoodFXImpactUE5/FX/Resource/Material/M_GFXI_Plasma_Smoke.uasset
bulk-import-or-template-content	??	Content/Assets/VFX/GoodFXImpactUE5/FX/Resource/Material/M_GFXI_RadialGlow_Tint.uasset
bulk-import-or-template-content	??	Content/Assets/VFX/GoodFXImpactUE5/FX/Resource/Material/M_GFXI_RadialSmoke_Trans.uasset
bulk-import-or-template-content	??	Content/Assets/VFX/GoodFXImpactUE5/FX/Resource/Material/M_GFXI_Ring_glow03.uasset
bulk-import-or-template-content	??	Content/Assets/VFX/GoodFXImpactUE5/FX/Resource/Material/M_GFXI_Ring_Refraction.uasset
bulk-import-or-template-content	??	Content/Assets/VFX/GoodFXImpactUE5/FX/Resource/Material/M_GFXI_Shockwave_01.uasset
bulk-import-or-template-content	??	Content/Assets/VFX/GoodFXImpactUE5/FX/Resource/Material/M_GFXI_ShockWave_Chrome_Sphere.uasset
bulk-import-or-template-content	??	Content/Assets/VFX/GoodFXImpactUE5/FX/Resource/Material/M_GFXI_ShockWave_Refraction.uasset
bulk-import-or-template-content	??	Content/Assets/VFX/GoodFXImpactUE5/FX/Resource/Material/M_GFXI_Shockwave_Ring.uasset
bulk-import-or-template-content	??	Content/Assets/VFX/GoodFXImpactUE5/FX/Resource/Material/M_GFXI_Shockwave_Wipsy.uasset
bulk-import-or-template-content	??	Content/Assets/VFX/GoodFXImpactUE5/FX/Resource/Material/M_GFXI_Slash_Blur.uasset
bulk-import-or-template-content	??	Content/Assets/VFX/GoodFXImpactUE5/FX/Resource/Material/M_GFXI_slash.uasset
bulk-import-or-template-content	??	Content/Assets/VFX/GoodFXImpactUE5/FX/Resource/Material/M_GFXI_Smoke_01.uasset
bulk-import-or-template-content	??	Content/Assets/VFX/GoodFXImpactUE5/FX/Resource/Material/M_GFXI_Smoke_Blue.uasset
bulk-import-or-template-content	??	Content/Assets/VFX/GoodFXImpactUE5/FX/Resource/Material/M_GFXI_smoke_panner.uasset
bulk-import-or-template-content	??	Content/Assets/VFX/GoodFXImpactUE5/FX/Resource/Material/M_GFXI_Smoke_SubUV.uasset
bulk-import-or-template-content	??	Content/Assets/VFX/GoodFXImpactUE5/FX/Resource/Material/M_GFXI_Smoke2.uasset
bulk-import-or-template-content	??	Content/Assets/VFX/GoodFXImpactUE5/FX/Resource/Material/M_GFXI_Splash.uasset
bulk-import-or-template-content	??	Content/Assets/VFX/GoodFXImpactUE5/FX/Resource/Material/M_GFXI_TopGlow_Trans.uasset
bulk-import-or-template-content	??	Content/Assets/VFX/GoodFXImpactUE5/FX/Resource/Material/M_GFXI_WaterSplash_SubUV.uasset
bulk-import-or-template-content	??	Content/Assets/VFX/GoodFXImpactUE5/FX/Resource/Material/Material_Function/MF_GFXI_DistortionUV.uasset
bulk-import-or-template-content	??	Content/Assets/VFX/GoodFXImpactUE5/FX/Resource/Material/Material_Function/MF_GFXI_Flicker.uasset
bulk-import-or-template-content	??	Content/Assets/VFX/GoodFXImpactUE5/FX/Resource/Material/Material_Function/MF_GFXI_HDR.uasset
bulk-import-or-template-content	??	Content/Assets/VFX/GoodFXImpactUE5/FX/Resource/Material/Material_Instance/MI_GFXI_4Star_Flicker.uasset
bulk-import-or-template-content	??	Content/Assets/VFX/GoodFXImpactUE5/FX/Resource/Material/Material_Instance/MI_GFXI_Box_Outline.uasset
bulk-import-or-template-content	??	Content/Assets/VFX/GoodFXImpactUE5/FX/Resource/Material/Material_Instance/MI_GFXI_Bubble.uasset
bulk-import-or-template-content	??	Content/Assets/VFX/GoodFXImpactUE5/FX/Resource/Material/Material_Instance/MI_GFXI_CrackChunks.uasset
bulk-import-or-template-content	??	Content/Assets/VFX/GoodFXImpactUE5/FX/Resource/Material/Material_Instance/MI_GFXI_Dust_01.uasset
bulk-import-or-template-content	??	Content/Assets/VFX/GoodFXImpactUE5/FX/Resource/Material/Material_Instance/MI_GFXI_Dust_02.uasset
bulk-import-or-template-content	??	Content/Assets/VFX/GoodFXImpactUE5/FX/Resource/Material/Material_Instance/MI_GFXI_Electricity_01.uasset
bulk-import-or-template-content	??	Content/Assets/VFX/GoodFXImpactUE5/FX/Resource/Material/Material_Instance/MI_GFXI_Electricity_02.uasset
bulk-import-or-template-content	??	Content/Assets/VFX/GoodFXImpactUE5/FX/Resource/Material/Material_Instance/MI_GFXI_Electricity_Mesh.uasset
bulk-import-or-template-content	??	Content/Assets/VFX/GoodFXImpactUE5/FX/Resource/Material/Material_Instance/MI_GFXI_Electricity_SubUV_01.uasset
bulk-import-or-template-content	??	Content/Assets/VFX/GoodFXImpactUE5/FX/Resource/Material/Material_Instance/MI_GFXI_Electricity_SubUV_02.uasset
bulk-import-or-template-content	??	Content/Assets/VFX/GoodFXImpactUE5/FX/Resource/Material/Material_Instance/MI_GFXI_Feather.uasset
bulk-import-or-template-content	??	Content/Assets/VFX/GoodFXImpactUE5/FX/Resource/Material/Material_Instance/MI_GFXI_Flame_Blue.uasset
bulk-import-or-template-content	??	Content/Assets/VFX/GoodFXImpactUE5/FX/Resource/Material/Material_Instance/MI_GFXI_Flame.uasset
bulk-import-or-template-content	??	Content/Assets/VFX/GoodFXImpactUE5/FX/Resource/Material/Material_Instance/MI_GFXI_Glow.uasset
bulk-import-or-template-content	??	Content/Assets/VFX/GoodFXImpactUE5/FX/Resource/Material/Material_Instance/MI_GFXI_GrossLight.uasset
bulk-import-or-template-content	??	Content/Assets/VFX/GoodFXImpactUE5/FX/Resource/Material/Material_Instance/MI_GFXI_GrossLight1.uasset
bulk-import-or-template-content	??	Content/Assets/VFX/GoodFXImpactUE5/FX/Resource/Material/Material_Instance/MI_GFXI_HDR_Arch_Electricity.uasset
bulk-import-or-template-content	??	Content/Assets/VFX/GoodFXImpactUE5/FX/Resource/Material/Material_Instance/MI_GFXI_HDR_Electricity_Line.uasset
bulk-import-or-template-content	??	Content/Assets/VFX/GoodFXImpactUE5/FX/Resource/Material/Material_Instance/MI_GFXI_HDR_Flare_Blue.uasset
bulk-import-or-template-content	??	Content/Assets/VFX/GoodFXImpactUE5/FX/Resource/Material/Material_Instance/MI_GFXI_HDR_Flare.uasset
bulk-import-or-template-content	??	Content/Assets/VFX/GoodFXImpactUE5/FX/Resource/Material/Material_Instance/MI_GFXI_HDR_Glow.uasset
bulk-import-or-template-content	??	Content/Assets/VFX/GoodFXImpactUE5/FX/Resource/Material/Material_Instance/MI_GFXI_HDR_Glows.uasset
bulk-import-or-template-content	??	Content/Assets/VFX/GoodFXImpactUE5/FX/Resource/Material/Material_Instance/MI_GFXI_HDR_LensFlare_Tint.uasset
bulk-import-or-template-content	??	Content/Assets/VFX/GoodFXImpactUE5/FX/Resource/Material/Material_Instance/MI_GFXI_HDR_LensFlare_Tint2.uasset
bulk-import-or-template-content	??	Content/Assets/VFX/GoodFXImpactUE5/FX/Resource/Material/Material_Instance/MI_GFXI_HDR_Red_Glow.uasset
bulk-import-or-template-content	??	Content/Assets/VFX/GoodFXImpactUE5/FX/Resource/Material/Material_Instance/MI_GFXI_HDR_Spot.uasset
bulk-import-or-template-content	??	Content/Assets/VFX/GoodFXImpactUE5/FX/Resource/Material/Material_Instance/MI_GFXI_Hit_02.uasset
bulk-import-or-template-content	??	Content/Assets/VFX/GoodFXImpactUE5/FX/Resource/Material/Material_Instance/MI_GFXI_Hit.uasset
bulk-import-or-template-content	??	Content/Assets/VFX/GoodFXImpactUE5/FX/Resource/Material/Material_Instance/MI_GFXI_Impact_Blue.uasset
bulk-import-or-template-content	??	Content/Assets/VFX/GoodFXImpactUE5/FX/Resource/Material/Material_Instance/MI_GFXI_Impact_Fire.uasset
bulk-import-or-template-content	??	Content/Assets/VFX/GoodFXImpactUE5/FX/Resource/Material/Material_Instance/MI_GFXI_Impact_Red.uasset
bulk-import-or-template-content	??	Content/Assets/VFX/GoodFXImpactUE5/FX/Resource/Material/Material_Instance/MI_GFXI_Impact_White_01.uasset
bulk-import-or-template-content	??	Content/Assets/VFX/GoodFXImpactUE5/FX/Resource/Material/Material_Instance/MI_GFXI_Impact_White_02.uasset
bulk-import-or-template-content	??	Content/Assets/VFX/GoodFXImpactUE5/FX/Resource/Material/Material_Instance/MI_GFXI_ImpactAcid.uasset
bulk-import-or-template-content	??	Content/Assets/VFX/GoodFXImpactUE5/FX/Resource/Material/Material_Instance/MI_GFXI_ImpactAcid1.uasset
bulk-import-or-template-content	??	Content/Assets/VFX/GoodFXImpactUE5/FX/Resource/Material/Material_Instance/MI_GFXI_LensFlare_Chrome.uasset
bulk-import-or-template-content	??	Content/Assets/VFX/GoodFXImpactUE5/FX/Resource/Material/Material_Instance/MI_GFXI_LensFlare_Yellow.uasset
bulk-import-or-template-content	??	Content/Assets/VFX/GoodFXImpactUE5/FX/Resource/Material/Material_Instance/MI_GFXI_Radial_Electricity.uasset
bulk-import-or-template-content	??	Content/Assets/VFX/GoodFXImpactUE5/FX/Resource/Material/Material_Instance/MI_GFXI_RadialSmoke_Mask.uasset
bulk-import-or-template-content	??	Content/Assets/VFX/GoodFXImpactUE5/FX/Resource/Material/Material_Instance/MI_GFXI_Ring_03.uasset
bulk-import-or-template-content	??	Content/Assets/VFX/GoodFXImpactUE5/FX/Resource/Material/Material_Instance/MI_GFXI_Ring_04.uasset
bulk-import-or-template-content	??	Content/Assets/VFX/GoodFXImpactUE5/FX/Resource/Material/Material_Instance/MI_GFXI_Ring_05.uasset
bulk-import-or-template-content	??	Content/Assets/VFX/GoodFXImpactUE5/FX/Resource/Material/Material_Instance/MI_GFXI_Ring_06.uasset
bulk-import-or-template-content	??	Content/Assets/VFX/GoodFXImpactUE5/FX/Resource/Material/Material_Instance/MI_GFXI_Shine.uasset
bulk-import-or-template-content	??	Content/Assets/VFX/GoodFXImpactUE5/FX/Resource/Material/Material_Instance/MI_GFXI_ShockWave_02.uasset
bulk-import-or-template-content	??	Content/Assets/VFX/GoodFXImpactUE5/FX/Resource/Material/Material_Instance/MI_GFXI_Shockwave_04.uasset
bulk-import-or-template-content	??	Content/Assets/VFX/GoodFXImpactUE5/FX/Resource/Material/Material_Instance/MI_GFXI_ShockWave_05.uasset
bulk-import-or-template-content	??	Content/Assets/VFX/GoodFXImpactUE5/FX/Resource/Material/Material_Instance/MI_GFXI_ShockWave_07.uasset
bulk-import-or-template-content	??	Content/Assets/VFX/GoodFXImpactUE5/FX/Resource/Material/Material_Instance/MI_GFXI_ShockWave_Blue.uasset
bulk-import-or-template-content	??	Content/Assets/VFX/GoodFXImpactUE5/FX/Resource/Material/Material_Instance/MI_GFXI_ShockWave_Blur.uasset
bulk-import-or-template-content	??	Content/Assets/VFX/GoodFXImpactUE5/FX/Resource/Material/Material_Instance/MI_GFXI_ShockWave_Color.uasset
bulk-import-or-template-content	??	Content/Assets/VFX/GoodFXImpactUE5/FX/Resource/Material/Material_Instance/MI_GFXI_Shockwave_Mist.uasset
bulk-import-or-template-content	??	Content/Assets/VFX/GoodFXImpactUE5/FX/Resource/Material/Material_Instance/MI_GFXI_Shockwave.uasset
bulk-import-or-template-content	??	Content/Assets/VFX/GoodFXImpactUE5/FX/Resource/Material/Material_Instance/MI_GFXI_Single_Spark_01.uasset
bulk-import-or-template-content	??	Content/Assets/VFX/GoodFXImpactUE5/FX/Resource/Material/Material_Instance/MI_GFXI_Single_Spark_02.uasset
bulk-import-or-template-content	??	Content/Assets/VFX/GoodFXImpactUE5/FX/Resource/Material/Material_Instance/MI_GFXI_Smoke_01.uasset
bulk-import-or-template-content	??	Content/Assets/VFX/GoodFXImpactUE5/FX/Resource/Material/Material_Instance/MI_GFXI_Smoke_SubUV.uasset
bulk-import-or-template-content	??	Content/Assets/VFX/GoodFXImpactUE5/FX/Resource/Material/Material_Instance/MI_GFXI_Smoke.uasset
bulk-import-or-template-content	??	Content/Assets/VFX/GoodFXImpactUE5/FX/Resource/Material/Material_Instance/MI_GFXI_Spark_Dot_Mask.uasset
bulk-import-or-template-content	??	Content/Assets/VFX/GoodFXImpactUE5/FX/Resource/Material/Material_Instance/MI_GFXI_Spark_Dot_Trans1.uasset
bulk-import-or-template-content	??	Content/Assets/VFX/GoodFXImpactUE5/FX/Resource/Material/Material_Instance/MI_GFXI_Spark_SubUV.uasset
bulk-import-or-template-content	??	Content/Assets/VFX/GoodFXImpactUE5/FX/Resource/Material/Material_Instance/MI_GFXI_TopGlow.uasset
bulk-import-or-template-content	??	Content/Assets/VFX/GoodFXImpactUE5/FX/Resource/Material/Material_Instance/MI_GFXI_Water_Splash_SubUV.uasset
bulk-import-or-template-content	??	Content/Assets/VFX/GoodFXImpactUE5/FX/Resource/Material/Material_Instance/MI_GFXI_X_Impact_SubUV.uasset
bulk-import-or-template-content	??	Content/Assets/VFX/GoodFXImpactUE5/FX/Resource/NiagaraEmitter/NE_GFXI_Dust_Radial.uasset
bulk-import-or-template-content	??	Content/Assets/VFX/GoodFXImpactUE5/FX/Resource/NiagaraEmitter/NE_GFXI_Mesh_Sphere.uasset
bulk-import-or-template-content	??	Content/Assets/VFX/GoodFXImpactUE5/FX/Resource/NiagaraEmitter/NE_GFXI_Mesh.uasset
bulk-import-or-template-content	??	Content/Assets/VFX/GoodFXImpactUE5/FX/Resource/NiagaraEmitter/NE_GFXI_PointLight.uasset
bulk-import-or-template-content	??	Content/Assets/VFX/GoodFXImpactUE5/FX/Resource/NiagaraEmitter/NE_GFXI_Spark_Radial_Line.uasset
bulk-import-or-template-content	??	Content/Assets/VFX/GoodFXImpactUE5/FX/Resource/NiagaraEmitter/NE_GFXI_Spark_Up.uasset
bulk-import-or-template-content	??	Content/Assets/VFX/GoodFXImpactUE5/FX/Resource/NiagaraEmitter/NE_GFXI_Sparks_Disperal.uasset
bulk-import-or-template-content	??	Content/Assets/VFX/GoodFXImpactUE5/FX/Resource/NiagaraEmitter/NE_GFXI_Sparks_Ring.uasset
bulk-import-or-template-content	??	Content/Assets/VFX/GoodFXImpactUE5/FX/Resource/NiagaraEmitter/NE_GFXI_Sprite_Burst.uasset
bulk-import-or-template-content	??	Content/Assets/VFX/GoodFXImpactUE5/FX/Resource/NiagaraEmitter/NE_GFXI_Sprite_SubUV.uasset
bulk-import-or-template-content	??	Content/Assets/VFX/GoodFXImpactUE5/FX/Resource/StaticMesh/SM_GFXI_ElectricityMesh.uasset
bulk-import-or-template-content	??	Content/Assets/VFX/GoodFXImpactUE5/FX/Resource/StaticMesh/SM_GFXI_ice.uasset
bulk-import-or-template-content	??	Content/Assets/VFX/GoodFXImpactUE5/FX/Resource/StaticMesh/SM_GFXI_Polar_Plane.uasset
bulk-import-or-template-content	??	Content/Assets/VFX/GoodFXImpactUE5/FX/Resource/StaticMesh/SM_GFXI_ring_mesh.uasset
bulk-import-or-template-content	??	Content/Assets/VFX/GoodFXImpactUE5/FX/Resource/StaticMesh/SM_GFXI_Ring.uasset
bulk-import-or-template-content	??	Content/Assets/VFX/GoodFXImpactUE5/FX/Resource/StaticMesh/SM_GFXI_sphere_Face_X.uasset
bulk-import-or-template-content	??	Content/Assets/VFX/GoodFXImpactUE5/FX/Resource/StaticMesh/SM_GFXI_Sphere.uasset
bulk-import-or-template-content	??	Content/Assets/VFX/GoodFXImpactUE5/FX/Resource/StaticMesh/SM_GFXI_spin_01.uasset
bulk-import-or-template-content	??	Content/Assets/VFX/GoodFXImpactUE5/FX/Resource/StaticMesh/SM_GFXI_Swirl.uasset
bulk-import-or-template-content	??	Content/Assets/VFX/GoodFXImpactUE5/FX/Resource/StaticMesh/SM_GFXI_Twist_Loop.uasset
bulk-import-or-template-content	??	Content/Assets/VFX/GoodFXImpactUE5/FX/Resource/Texture/T_GFXI_Acid.uasset
bulk-import-or-template-content	??	Content/Assets/VFX/GoodFXImpactUE5/FX/Resource/Texture/T_GFXI_Amaterasu.uasset
bulk-import-or-template-content	??	Content/Assets/VFX/GoodFXImpactUE5/FX/Resource/Texture/T_GFXI_Arch_Electricity.uasset
bulk-import-or-template-content	??	Content/Assets/VFX/GoodFXImpactUE5/FX/Resource/Texture/T_GFXI_Beam_Gradient.uasset
bulk-import-or-template-content	??	Content/Assets/VFX/GoodFXImpactUE5/FX/Resource/Texture/T_GFXI_Blood_SubUV.uasset
bulk-import-or-template-content	??	Content/Assets/VFX/GoodFXImpactUE5/FX/Resource/Texture/T_GFXI_boom_24.uasset
bulk-import-or-template-content	??	Content/Assets/VFX/GoodFXImpactUE5/FX/Resource/Texture/T_GFXI_Bound_Blur.uasset
bulk-import-or-template-content	??	Content/Assets/VFX/GoodFXImpactUE5/FX/Resource/Texture/T_GFXI_Bubble.uasset
bulk-import-or-template-content	??	Content/Assets/VFX/GoodFXImpactUE5/FX/Resource/Texture/T_GFXI_BurningTex.uasset
bulk-import-or-template-content	??	Content/Assets/VFX/GoodFXImpactUE5/FX/Resource/Texture/T_GFXI_Charge_A1.uasset
bulk-import-or-template-content	??	Content/Assets/VFX/GoodFXImpactUE5/FX/Resource/Texture/T_GFXI_Cloud_Noise_01_A.uasset
bulk-import-or-template-content	??	Content/Assets/VFX/GoodFXImpactUE5/FX/Resource/Texture/T_GFXI_Cloud_Noise_02.uasset
bulk-import-or-template-content	??	Content/Assets/VFX/GoodFXImpactUE5/FX/Resource/Texture/T_GFXI_Crack_Shard_SubUV.uasset
bulk-import-or-template-content	??	Content/Assets/VFX/GoodFXImpactUE5/FX/Resource/Texture/T_GFXI_Cross_Slash_SubUV.uasset
bulk-import-or-template-content	??	Content/Assets/VFX/GoodFXImpactUE5/FX/Resource/Texture/T_GFXI_Crunchy.uasset
bulk-import-or-template-content	??	Content/Assets/VFX/GoodFXImpactUE5/FX/Resource/Texture/T_GFXI_Drop_SubUV.uasset
bulk-import-or-template-content	??	Content/Assets/VFX/GoodFXImpactUE5/FX/Resource/Texture/T_GFXI_Dust_02.uasset
bulk-import-or-template-content	??	Content/Assets/VFX/GoodFXImpactUE5/FX/Resource/Texture/T_GFXI_Dust_03.uasset
bulk-import-or-template-content	??	Content/Assets/VFX/GoodFXImpactUE5/FX/Resource/Texture/T_GFXI_Dust_04.uasset
bulk-import-or-template-content	??	Content/Assets/VFX/GoodFXImpactUE5/FX/Resource/Texture/T_GFXI_Electricity_01.uasset
bulk-import-or-template-content	??	Content/Assets/VFX/GoodFXImpactUE5/FX/Resource/Texture/T_GFXI_Electricity_02.uasset
bulk-import-or-template-content	??	Content/Assets/VFX/GoodFXImpactUE5/FX/Resource/Texture/T_GFXI_Electricity_SubUV_01.uasset
bulk-import-or-template-content	??	Content/Assets/VFX/GoodFXImpactUE5/FX/Resource/Texture/T_GFXI_Electricity_SubUV_02.uasset
bulk-import-or-template-content	??	Content/Assets/VFX/GoodFXImpactUE5/FX/Resource/Texture/T_GFXI_Electricity_SubUV_03.uasset
bulk-import-or-template-content	??	Content/Assets/VFX/GoodFXImpactUE5/FX/Resource/Texture/T_GFXI_Electricity_SubUV_04.uasset
bulk-import-or-template-content	??	Content/Assets/VFX/GoodFXImpactUE5/FX/Resource/Texture/T_GFXI_Electricity_SubUV_05.uasset
bulk-import-or-template-content	??	Content/Assets/VFX/GoodFXImpactUE5/FX/Resource/Texture/T_GFXI_Feather_A.uasset
bulk-import-or-template-content	??	Content/Assets/VFX/GoodFXImpactUE5/FX/Resource/Texture/T_GFXI_Flame_A.uasset
bulk-import-or-template-content	??	Content/Assets/VFX/GoodFXImpactUE5/FX/Resource/Texture/T_GFXI_Flame.uasset
bulk-import-or-template-content	??	Content/Assets/VFX/GoodFXImpactUE5/FX/Resource/Texture/T_GFXI_Flare004.uasset
bulk-import-or-template-content	??	Content/Assets/VFX/GoodFXImpactUE5/FX/Resource/Texture/T_GFXI_flower.uasset
bulk-import-or-template-content	??	Content/Assets/VFX/GoodFXImpactUE5/FX/Resource/Texture/T_GFXI_GhostSkull.uasset
bulk-import-or-template-content	??	Content/Assets/VFX/GoodFXImpactUE5/FX/Resource/Texture/T_GFXI_Hit_Side_01.uasset
bulk-import-or-template-content	??	Content/Assets/VFX/GoodFXImpactUE5/FX/Resource/Texture/T_GFXI_Hit_Side_02.uasset
bulk-import-or-template-content	??	Content/Assets/VFX/GoodFXImpactUE5/FX/Resource/Texture/T_GFXI_Hit.uasset
bulk-import-or-template-content	??	Content/Assets/VFX/GoodFXImpactUE5/FX/Resource/Texture/T_GFXI_Impact_Flare.uasset
bulk-import-or-template-content	??	Content/Assets/VFX/GoodFXImpactUE5/FX/Resource/Texture/T_GFXI_ImpactShine_02.uasset
bulk-import-or-template-content	??	Content/Assets/VFX/GoodFXImpactUE5/FX/Resource/Texture/T_GFXI_ImpactShine_03.uasset
bulk-import-or-template-content	??	Content/Assets/VFX/GoodFXImpactUE5/FX/Resource/Texture/T_GFXI_ImpactShine_04.uasset
bulk-import-or-template-content	??	Content/Assets/VFX/GoodFXImpactUE5/FX/Resource/Texture/T_GFXI_ImpactShine_05.uasset
bulk-import-or-template-content	??	Content/Assets/VFX/GoodFXImpactUE5/FX/Resource/Texture/T_GFXI_ImpactShine_06.uasset
bulk-import-or-template-content	??	Content/Assets/VFX/GoodFXImpactUE5/FX/Resource/Texture/T_GFXI_ImpactShine_07.uasset
bulk-import-or-template-content	??	Content/Assets/VFX/GoodFXImpactUE5/FX/Resource/Texture/T_GFXI_ImpactShine_08.uasset
bulk-import-or-template-content	??	Content/Assets/VFX/GoodFXImpactUE5/FX/Resource/Texture/T_GFXI_ImpactShine_SubUV.uasset
bulk-import-or-template-content	??	Content/Assets/VFX/GoodFXImpactUE5/FX/Resource/Texture/T_GFXI_LendFlare_Blue.uasset
bulk-import-or-template-content	??	Content/Assets/VFX/GoodFXImpactUE5/FX/Resource/Texture/T_GFXI_LensFlare_01.uasset
bulk-import-or-template-content	??	Content/Assets/VFX/GoodFXImpactUE5/FX/Resource/Texture/T_GFXI_LensFlare_A.uasset
bulk-import-or-template-content	??	Content/Assets/VFX/GoodFXImpactUE5/FX/Resource/Texture/T_GFXI_LensFlare_Blue.uasset
bulk-import-or-template-content	??	Content/Assets/VFX/GoodFXImpactUE5/FX/Resource/Texture/T_GFXI_LensFlare_Green.uasset
bulk-import-or-template-content	??	Content/Assets/VFX/GoodFXImpactUE5/FX/Resource/Texture/T_GFXI_LensFlare_SubUV.uasset
bulk-import-or-template-content	??	Content/Assets/VFX/GoodFXImpactUE5/FX/Resource/Texture/T_GFXI_LensFlare_White.uasset
bulk-import-or-template-content	??	Content/Assets/VFX/GoodFXImpactUE5/FX/Resource/Texture/T_GFXI_LensFlare_Yellow.uasset
bulk-import-or-template-content	??	Content/Assets/VFX/GoodFXImpactUE5/FX/Resource/Texture/T_GFXI_Muzzle_Flash.uasset
bulk-import-or-template-content	??	Content/Assets/VFX/GoodFXImpactUE5/FX/Resource/Texture/T_GFXI_Nebula.uasset
bulk-import-or-template-content	??	Content/Assets/VFX/GoodFXImpactUE5/FX/Resource/Texture/T_GFXI_Noise_01.uasset
bulk-import-or-template-content	??	Content/Assets/VFX/GoodFXImpactUE5/FX/Resource/Texture/T_GFXI_Noise_02.uasset
bulk-import-or-template-content	??	Content/Assets/VFX/GoodFXImpactUE5/FX/Resource/Texture/T_GFXI_Noise_03.uasset
bulk-import-or-template-content	??	Content/Assets/VFX/GoodFXImpactUE5/FX/Resource/Texture/T_GFXI_Noise_04.uasset
bulk-import-or-template-content	??	Content/Assets/VFX/GoodFXImpactUE5/FX/Resource/Texture/T_GFXI_Noise_09.uasset
bulk-import-or-template-content	??	Content/Assets/VFX/GoodFXImpactUE5/FX/Resource/Texture/T_GFXI_Noise_Line_01.uasset
bulk-import-or-template-content	??	Content/Assets/VFX/GoodFXImpactUE5/FX/Resource/Texture/T_GFXI_Parry_Slash.uasset
bulk-import-or-template-content	??	Content/Assets/VFX/GoodFXImpactUE5/FX/Resource/Texture/T_GFXI_Plasma_A.uasset
bulk-import-or-template-content	??	Content/Assets/VFX/GoodFXImpactUE5/FX/Resource/Texture/T_GFXI_Plasma_Aurora_Seamless.uasset
bulk-import-or-template-content	??	Content/Assets/VFX/GoodFXImpactUE5/FX/Resource/Texture/T_GFXI_Radialblur.uasset
bulk-import-or-template-content	??	Content/Assets/VFX/GoodFXImpactUE5/FX/Resource/Texture/T_GFXI_RadialNormal.uasset
bulk-import-or-template-content	??	Content/Assets/VFX/GoodFXImpactUE5/FX/Resource/Texture/T_GFXI_Ribbon.uasset
bulk-import-or-template-content	??	Content/Assets/VFX/GoodFXImpactUE5/FX/Resource/Texture/T_GFXI_Ring_01.uasset
bulk-import-or-template-content	??	Content/Assets/VFX/GoodFXImpactUE5/FX/Resource/Texture/T_GFXI_Ring_02.uasset
bulk-import-or-template-content	??	Content/Assets/VFX/GoodFXImpactUE5/FX/Resource/Texture/T_GFXI_Ring_03.uasset
bulk-import-or-template-content	??	Content/Assets/VFX/GoodFXImpactUE5/FX/Resource/Texture/T_GFXI_Ring_04.uasset
bulk-import-or-template-content	??	Content/Assets/VFX/GoodFXImpactUE5/FX/Resource/Texture/T_GFXI_Ring_05.uasset
bulk-import-or-template-content	??	Content/Assets/VFX/GoodFXImpactUE5/FX/Resource/Texture/T_GFXI_Ring_06.uasset
bulk-import-or-template-content	??	Content/Assets/VFX/GoodFXImpactUE5/FX/Resource/Texture/T_GFXI_Ring_07.uasset
bulk-import-or-template-content	??	Content/Assets/VFX/GoodFXImpactUE5/FX/Resource/Texture/T_GFXI_Ring_08.uasset
bulk-import-or-template-content	??	Content/Assets/VFX/GoodFXImpactUE5/FX/Resource/Texture/T_GFXI_Ring_Blur.uasset
bulk-import-or-template-content	??	Content/Assets/VFX/GoodFXImpactUE5/FX/Resource/Texture/T_GFXI_RingGlow_01_A.uasset
bulk-import-or-template-content	??	Content/Assets/VFX/GoodFXImpactUE5/FX/Resource/Texture/T_GFXI_RuneFont_01_A.uasset
bulk-import-or-template-content	??	Content/Assets/VFX/GoodFXImpactUE5/FX/Resource/Texture/T_GFXI_Rush_Smoke.uasset
bulk-import-or-template-content	??	Content/Assets/VFX/GoodFXImpactUE5/FX/Resource/Texture/T_GFXI_ShockWave_02_A.uasset
bulk-import-or-template-content	??	Content/Assets/VFX/GoodFXImpactUE5/FX/Resource/Texture/T_GFXI_ShockWave_03_A.uasset
bulk-import-or-template-content	??	Content/Assets/VFX/GoodFXImpactUE5/FX/Resource/Texture/T_GFXI_Shockwave_04.uasset
bulk-import-or-template-content	??	Content/Assets/VFX/GoodFXImpactUE5/FX/Resource/Texture/T_GFXI_ShockWave_05_A2.uasset
bulk-import-or-template-content	??	Content/Assets/VFX/GoodFXImpactUE5/FX/Resource/Texture/T_GFXI_shockWave_Blue_01.uasset
bulk-import-or-template-content	??	Content/Assets/VFX/GoodFXImpactUE5/FX/Resource/Texture/T_GFXI_Shockwave_SubUV.uasset
bulk-import-or-template-content	??	Content/Assets/VFX/GoodFXImpactUE5/FX/Resource/Texture/T_GFXI_Shockwave.uasset
bulk-import-or-template-content	??	Content/Assets/VFX/GoodFXImpactUE5/FX/Resource/Texture/T_GFXI_slash.uasset
bulk-import-or-template-content	??	Content/Assets/VFX/GoodFXImpactUE5/FX/Resource/Texture/T_GFXI_Slate_M.uasset
bulk-import-or-template-content	??	Content/Assets/VFX/GoodFXImpactUE5/FX/Resource/Texture/T_GFXI_slate_N.uasset
bulk-import-or-template-content	??	Content/Assets/VFX/GoodFXImpactUE5/FX/Resource/Texture/T_GFXI_Smoke_SubUV.uasset
bulk-import-or-template-content	??	Content/Assets/VFX/GoodFXImpactUE5/FX/Resource/Texture/T_GFXI_smoke_wispy_alpha.uasset
bulk-import-or-template-content	??	Content/Assets/VFX/GoodFXImpactUE5/FX/Resource/Texture/T_GFXI_Smoke.uasset
bulk-import-or-template-content	??	Content/Assets/VFX/GoodFXImpactUE5/FX/Resource/Texture/T_GFXI_SparkSingle.uasset
bulk-import-or-template-content	??	Content/Assets/VFX/GoodFXImpactUE5/FX/Resource/Texture/T_GFXI_Splash_SubUV_01.uasset
bulk-import-or-template-content	??	Content/Assets/VFX/GoodFXImpactUE5/FX/Resource/Texture/T_GFXI_Splash_SubUV_02.uasset
bulk-import-or-template-content	??	Content/Assets/VFX/GoodFXImpactUE5/FX/Resource/Texture/T_GFXI_Splash.uasset
bulk-import-or-template-content	??	Content/Assets/VFX/GoodFXImpactUE5/FX/Resource/Texture/T_GFXI_Swirl.uasset
bulk-import-or-template-content	??	Content/Assets/VFX/GoodFXImpactUE5/FX/Resource/Texture/T_GFXI_Swirly_Noise.uasset
bulk-import-or-template-content	??	Content/Assets/VFX/GoodFXImpactUE5/FX/Resource/Texture/T_GFXI_tech_box.uasset
bulk-import-or-template-content	??	Content/Assets/VFX/GoodFXImpactUE5/FX/Resource/Texture/T_GFXI_TopGlow_A.uasset
bulk-import-or-template-content	??	Content/Assets/VFX/GoodFXImpactUE5/FX/Resource/Texture/T_GFXI_TrailMask_A.uasset
bulk-import-or-template-content	??	Content/Assets/VFX/GoodFXImpactUE5/FX/Resource/Texture/T_GFXI_Veins.uasset
bulk-import-or-template-content	??	Content/Assets/VFX/GoodFXImpactUE5/FX/Resource/Texture/T_GFXI_Water.uasset
bulk-import-or-template-content	??	Content/Assets/VFX/GoodFXImpactUE5/FX/Resource/Texture/T_GFXI_Wave_Normal.uasset
bulk-import-or-template-content	??	Content/Assets/VFX/GoodFXImpactUE5/FX/Resource/Texture/T_GFXI_WaveRibbon_plasma.uasset
bulk-import-or-template-content	??	Content/Assets/VFX/GoodFXImpactUE5/FX/Resource/Texture/T_SparkSingle.uasset
bulk-import-or-template-content	??	Content/Assets/VFX/TrailPack/Map/Map01_BuiltData.uasset
bulk-import-or-template-content	??	Content/Assets/VFX/TrailPack/Map/Map01.umap
bulk-import-or-template-content	??	Content/Assets/VFX/TrailPack/Materials/M_Aura.uasset
bulk-import-or-template-content	??	Content/Assets/VFX/TrailPack/Materials/M_Aura1_Radial.uasset
bulk-import-or-template-content	??	Content/Assets/VFX/TrailPack/Materials/M_Aura2.uasset
bulk-import-or-template-content	??	Content/Assets/VFX/TrailPack/Materials/M_Aura3.uasset
bulk-import-or-template-content	??	Content/Assets/VFX/TrailPack/Materials/M_AuraRadial_Blk.uasset
bulk-import-or-template-content	??	Content/Assets/VFX/TrailPack/Materials/M_AuraRadial.uasset
bulk-import-or-template-content	??	Content/Assets/VFX/TrailPack/Materials/M_Cloud.uasset
bulk-import-or-template-content	??	Content/Assets/VFX/TrailPack/Materials/M_Distortion.uasset
bulk-import-or-template-content	??	Content/Assets/VFX/TrailPack/Materials/M_DustEmmisive.uasset
bulk-import-or-template-content	??	Content/Assets/VFX/TrailPack/Materials/M_FireBright.uasset
bulk-import-or-template-content	??	Content/Assets/VFX/TrailPack/Materials/M_FlowerFlare_Inst.uasset
bulk-import-or-template-content	??	Content/Assets/VFX/TrailPack/Materials/M_FlowerFlare.uasset
bulk-import-or-template-content	??	Content/Assets/VFX/TrailPack/Materials/M_Fraction.uasset
bulk-import-or-template-content	??	Content/Assets/VFX/TrailPack/Materials/M_Galaxy.uasset
bulk-import-or-template-content	??	Content/Assets/VFX/TrailPack/Materials/M_Galaxy4.uasset
bulk-import-or-template-content	??	Content/Assets/VFX/TrailPack/Materials/M_Galaxy5.uasset
bulk-import-or-template-content	??	Content/Assets/VFX/TrailPack/Materials/M_Galaxy6.uasset
bulk-import-or-template-content	??	Content/Assets/VFX/TrailPack/Materials/M_Galaxy6slow.uasset
bulk-import-or-template-content	??	Content/Assets/VFX/TrailPack/Materials/M_Galaxy7.uasset
bulk-import-or-template-content	??	Content/Assets/VFX/TrailPack/Materials/M_Galaxy8.uasset
bulk-import-or-template-content	??	Content/Assets/VFX/TrailPack/Materials/M_Galaxy9.uasset
bulk-import-or-template-content	??	Content/Assets/VFX/TrailPack/Materials/M_Ghost.uasset
bulk-import-or-template-content	??	Content/Assets/VFX/TrailPack/Materials/M_Ink.uasset
bulk-import-or-template-content	??	Content/Assets/VFX/TrailPack/Materials/M_Railin.uasset
bulk-import-or-template-content	??	Content/Assets/VFX/TrailPack/Materials/M_Railinfast.uasset
bulk-import-or-template-content	??	Content/Assets/VFX/TrailPack/Materials/M_RainbowFlare01.uasset
bulk-import-or-template-content	??	Content/Assets/VFX/TrailPack/Materials/M_RainowFlare02.uasset
bulk-import-or-template-content	??	Content/Assets/VFX/TrailPack/Materials/M_SimpleTrail01.uasset
bulk-import-or-template-content	??	Content/Assets/VFX/TrailPack/Materials/M_SimpleTrail02.uasset
bulk-import-or-template-content	??	Content/Assets/VFX/TrailPack/Materials/M_SparkR.uasset
bulk-import-or-template-content	??	Content/Assets/VFX/TrailPack/Materials/M_SpeedLines.uasset
bulk-import-or-template-content	??	Content/Assets/VFX/TrailPack/Materials/M_Stroke.uasset
bulk-import-or-template-content	??	Content/Assets/VFX/TrailPack/Materials/M_Stroke02.uasset
bulk-import-or-template-content	??	Content/Assets/VFX/TrailPack/Materials/M_Stroke03.uasset
bulk-import-or-template-content	??	Content/Assets/VFX/TrailPack/Materials/M_Trib_Clear01.uasset
bulk-import-or-template-content	??	Content/Assets/VFX/TrailPack/Materials/M_Trib_Clear02.uasset
bulk-import-or-template-content	??	Content/Assets/VFX/TrailPack/Materials/M_Wave_Soft.uasset
bulk-import-or-template-content	??	Content/Assets/VFX/TrailPack/Materials/M_Wave.uasset
bulk-import-or-template-content	??	Content/Assets/VFX/TrailPack/Materials/M_Wave01.uasset
bulk-import-or-template-content	??	Content/Assets/VFX/TrailPack/Materials/M_Wave02.uasset
bulk-import-or-template-content	??	Content/Assets/VFX/TrailPack/Materials/M_Wave03.uasset
bulk-import-or-template-content	??	Content/Assets/VFX/TrailPack/Materials/M_WaveDiamond.uasset
bulk-import-or-template-content	??	Content/Assets/VFX/TrailPack/Materials/M_Wiz_Inst01.uasset
bulk-import-or-template-content	??	Content/Assets/VFX/TrailPack/Materials/M_Wiz_Inst02.uasset
bulk-import-or-template-content	??	Content/Assets/VFX/TrailPack/Materials/M_Wiz.uasset
bulk-import-or-template-content	??	Content/Assets/VFX/TrailPack/Materials/M_Wiz1.uasset
bulk-import-or-template-content	??	Content/Assets/VFX/TrailPack/Meshes/Sm_Twirl.uasset
bulk-import-or-template-content	??	Content/Assets/VFX/TrailPack/Particles/Cascade/Corrosion/SwordTrail/P_Corrosion_Smoke.uasset
bulk-import-or-template-content	??	Content/Assets/VFX/TrailPack/Particles/Cascade/Corrosion/SwordTrail/P_Corrosion.uasset
bulk-import-or-template-content	??	Content/Assets/VFX/TrailPack/Particles/Cascade/Dark/Hand_Spark/P_DarkSword.uasset
bulk-import-or-template-content	??	Content/Assets/VFX/TrailPack/Particles/Cascade/Dark/Sword_Trail/P_DarkTrail.uasset
bulk-import-or-template-content	??	Content/Assets/VFX/TrailPack/Particles/Cascade/Dark/Trail_Sparks/P_DarkSpark_Up.uasset
bulk-import-or-template-content	??	Content/Assets/VFX/TrailPack/Particles/Cascade/Dark/Trail_Sparks/P_DarkSparkSide.uasset
bulk-import-or-template-content	??	Content/Assets/VFX/TrailPack/Particles/Cascade/Elemental/Sword_Trail/P_Elemental_Inner.uasset
bulk-import-or-template-content	??	Content/Assets/VFX/TrailPack/Particles/Cascade/Elemental/Sword_Trail/P_Elemental_Main.uasset
bulk-import-or-template-content	??	Content/Assets/VFX/TrailPack/Particles/Cascade/Elemental/Sword_Trail/P_Elemental_Outer.uasset
bulk-import-or-template-content	??	Content/Assets/VFX/TrailPack/Particles/Cascade/Elemental/Trail_Sparks/P_ElementalSpark.uasset
bulk-import-or-template-content	??	Content/Assets/VFX/TrailPack/Particles/Cascade/Ink/Sword_Trail/P_InkShadow.uasset
bulk-import-or-template-content	??	Content/Assets/VFX/TrailPack/Particles/Cascade/Ink/Sword_Trail/P_InkTrail.uasset
bulk-import-or-template-content	??	Content/Assets/VFX/TrailPack/Particles/Cascade/Magic/Hit/P_MagicHitFinisher.uasset
bulk-import-or-template-content	??	Content/Assets/VFX/TrailPack/Particles/Cascade/Magic/Hit/P_MagicHitSoft.uasset
bulk-import-or-template-content	??	Content/Assets/VFX/TrailPack/Particles/Cascade/Magic/Sword_Trail/P_TMagic.uasset
bulk-import-or-template-content	??	Content/Assets/VFX/TrailPack/Particles/Cascade/Magic/Trail_Sparks/P_Magic_SparksSoft.uasset
bulk-import-or-template-content	??	Content/Assets/VFX/TrailPack/Particles/Cascade/Magic/Trail_Sparks/P_Magic_SparksStrong.uasset
bulk-import-or-template-content	??	Content/Assets/VFX/TrailPack/Particles/Cascade/Phoenix/Spark/P_PhoenixSparks.uasset
bulk-import-or-template-content	??	Content/Assets/VFX/TrailPack/Particles/Cascade/Phoenix/Trail/P_PhoenixTrail.uasset
bulk-import-or-template-content	??	Content/Assets/VFX/TrailPack/Particles/Cascade/Phoenix/Trail/P_SpeedLines.uasset
bulk-import-or-template-content	??	Content/Assets/VFX/TrailPack/Particles/Cascade/RainbowFlare/Trail/P_Flare.uasset
bulk-import-or-template-content	??	Content/Assets/VFX/TrailPack/Particles/Cascade/RainbowFlare/Trail/P_FlareSoft.uasset
bulk-import-or-template-content	??	Content/Assets/VFX/TrailPack/Particles/Cascade/Soul/Aura/P_SoulAura.uasset
bulk-import-or-template-content	??	Content/Assets/VFX/TrailPack/Particles/Cascade/Soul/Sword_Trail/P_SoulTwiTrail.uasset
bulk-import-or-template-content	??	Content/Assets/VFX/TrailPack/Particles/Cascade/Soul/Trail_Sparks/P_SoulSparkHand.uasset
bulk-import-or-template-content	??	Content/Assets/VFX/TrailPack/Particles/Cascade/Soul/Trail_Sparks/P_SoulSparkSword.uasset
bulk-import-or-template-content	??	Content/Assets/VFX/TrailPack/Particles/Cascade/Soul/Trail_Sparks/P_SoulSparkTrail.uasset
bulk-import-or-template-content	??	Content/Assets/VFX/TrailPack/Particles/Cascade/Speed/Hit/P_SpeedHit.uasset
bulk-import-or-template-content	??	Content/Assets/VFX/TrailPack/Particles/Cascade/Speed/Sword_Trail/P_SpeedTrail_Add.uasset
bulk-import-or-template-content	??	Content/Assets/VFX/TrailPack/Particles/Cascade/Speed/Sword_Trail/P_SpeedTrail.uasset
bulk-import-or-template-content	??	Content/Assets/VFX/TrailPack/Particles/Cascade/Speed/Trail_Sparks/P_SpeedDust.uasset
bulk-import-or-template-content	??	Content/Assets/VFX/TrailPack/Particles/Cascade/Strong/Sword_Trail/P_Strong.uasset
bulk-import-or-template-content	??	Content/Assets/VFX/TrailPack/Particles/Cascade/Strong/Trail_Sparks/P_Strong_Trailin.uasset
bulk-import-or-template-content	??	Content/Assets/VFX/TrailPack/Particles/Cascade/Translucent_Wave/Trail/P_TranslucentWave01.uasset
bulk-import-or-template-content	??	Content/Assets/VFX/TrailPack/Particles/Cascade/Translucent_Wave/Trail/P_TranslucentWave02.uasset
bulk-import-or-template-content	??	Content/Assets/VFX/TrailPack/Particles/Cascade/Wave/Sparks/P_WaveCores.uasset
bulk-import-or-template-content	??	Content/Assets/VFX/TrailPack/Particles/Cascade/Wave/Sword_Trail/P_WaveSmallTrail.uasset
bulk-import-or-template-content	??	Content/Assets/VFX/TrailPack/Particles/Cascade/Wave/Sword_Trail/P_WaveTrail.uasset
bulk-import-or-template-content	??	Content/Assets/VFX/TrailPack/Particles/Cascade/Whisp/Trail/M_Whisp01.uasset
bulk-import-or-template-content	??	Content/Assets/VFX/TrailPack/Particles/Niagara/Corrosion/BP_CorrosionAnimTrails.uasset
bulk-import-or-template-content	??	Content/Assets/VFX/TrailPack/Particles/Niagara/Corrosion/Spark/NS_Corrosion_Smoke.uasset
bulk-import-or-template-content	??	Content/Assets/VFX/TrailPack/Particles/Niagara/Corrosion/Trail/NS_Corrosion.uasset
bulk-import-or-template-content	??	Content/Assets/VFX/TrailPack/Particles/Niagara/Dark/BP_DarkAnimTrails.uasset
bulk-import-or-template-content	??	Content/Assets/VFX/TrailPack/Particles/Niagara/Dark/Hand/NS_DarkSword.uasset
bulk-import-or-template-content	??	Content/Assets/VFX/TrailPack/Particles/Niagara/Dark/Spark/NS_DarkSpark_Up.uasset
bulk-import-or-template-content	??	Content/Assets/VFX/TrailPack/Particles/Niagara/Dark/Sword/NS_DarkTrail.uasset
bulk-import-or-template-content	??	Content/Assets/VFX/TrailPack/Particles/Niagara/Elemental/BP_ElementalAnimTrails.uasset
bulk-import-or-template-content	??	Content/Assets/VFX/TrailPack/Particles/Niagara/Elemental/Trail/NS_Elemental_Main.uasset
bulk-import-or-template-content	??	Content/Assets/VFX/TrailPack/Particles/Niagara/Elemental/Trail/NS_Elemental_Outer.uasset
bulk-import-or-template-content	??	Content/Assets/VFX/TrailPack/Particles/Niagara/Ink/BP_InkAnimTrails.uasset
bulk-import-or-template-content	??	Content/Assets/VFX/TrailPack/Particles/Niagara/Ink/Trail/NS_InkShadow.uasset
bulk-import-or-template-content	??	Content/Assets/VFX/TrailPack/Particles/Niagara/Ink/Trail/NS_InkTrail.uasset
bulk-import-or-template-content	??	Content/Assets/VFX/TrailPack/Particles/Niagara/Magic/BP_MagicAnimTrails.uasset
bulk-import-or-template-content	??	Content/Assets/VFX/TrailPack/Particles/Niagara/Magic/Spark/NS_Magic_SparksSoft.uasset
bulk-import-or-template-content	??	Content/Assets/VFX/TrailPack/Particles/Niagara/Magic/Spark/NS_Magic_SparksStrong.uasset
bulk-import-or-template-content	??	Content/Assets/VFX/TrailPack/Particles/Niagara/Magic/Trail/NS_MagicTrail.uasset
bulk-import-or-template-content	??	Content/Assets/VFX/TrailPack/Particles/Niagara/Phoenix/BP_PhoenixAnimTrails.uasset
bulk-import-or-template-content	??	Content/Assets/VFX/TrailPack/Particles/Niagara/Phoenix/Spark/NS_PhoenixSparks.uasset
bulk-import-or-template-content	??	Content/Assets/VFX/TrailPack/Particles/Niagara/Phoenix/Trail/NS_PhoenixTrail.uasset
bulk-import-or-template-content	??	Content/Assets/VFX/TrailPack/Particles/Niagara/RainbowFlare/BP_RainbowAnimTrails.uasset
bulk-import-or-template-content	??	Content/Assets/VFX/TrailPack/Particles/Niagara/RainbowFlare/Trail/NS_Flare.uasset
bulk-import-or-template-content	??	Content/Assets/VFX/TrailPack/Particles/Niagara/RainbowFlare/Trail/NS_FlareSoft.uasset
bulk-import-or-template-content	??	Content/Assets/VFX/TrailPack/Particles/Niagara/Script/VFXTrailScript.uasset
bulk-import-or-template-content	??	Content/Assets/VFX/TrailPack/Particles/Niagara/Soul/BP_SoulAnimTrails.uasset
bulk-import-or-template-content	??	Content/Assets/VFX/TrailPack/Particles/Niagara/Soul/Hit/NS_SoulAura.uasset
bulk-import-or-template-content	??	Content/Assets/VFX/TrailPack/Particles/Niagara/Soul/Spark/NS_SoulSpark.uasset
bulk-import-or-template-content	??	Content/Assets/VFX/TrailPack/Particles/Niagara/Soul/Trail/NS_SoulTwiTrail.uasset
bulk-import-or-template-content	??	Content/Assets/VFX/TrailPack/Particles/Niagara/Speed/BP_SpeedAnimTrails.uasset
bulk-import-or-template-content	??	Content/Assets/VFX/TrailPack/Particles/Niagara/Speed/Hit/NS_SpeedHit.uasset
bulk-import-or-template-content	??	Content/Assets/VFX/TrailPack/Particles/Niagara/Speed/Spark/NS_SpeedSpark.uasset
bulk-import-or-template-content	??	Content/Assets/VFX/TrailPack/Particles/Niagara/Speed/Trail/NS_SpeedTrail.uasset
bulk-import-or-template-content	??	Content/Assets/VFX/TrailPack/Particles/Niagara/Strong/BP_StrongAnimTrails.uasset
bulk-import-or-template-content	??	Content/Assets/VFX/TrailPack/Particles/Niagara/Strong/Spark/NS_Strong_Spark.uasset
bulk-import-or-template-content	??	Content/Assets/VFX/TrailPack/Particles/Niagara/Strong/Trail/NS_Strong.uasset
bulk-import-or-template-content	??	Content/Assets/VFX/TrailPack/Particles/Niagara/Translucent_Wave/BP_Tran01AnimTrails.uasset
bulk-import-or-template-content	??	Content/Assets/VFX/TrailPack/Particles/Niagara/Translucent_Wave/BP_Tran02AnimTrails.uasset
bulk-import-or-template-content	??	Content/Assets/VFX/TrailPack/Particles/Niagara/Translucent_Wave/Trail/NS_TranslucentWave01.uasset
bulk-import-or-template-content	??	Content/Assets/VFX/TrailPack/Particles/Niagara/Translucent_Wave/Trail/NS_TranslucentWave02.uasset
bulk-import-or-template-content	??	Content/Assets/VFX/TrailPack/Particles/Niagara/Wave/BP_WaveAnimTrails.uasset
bulk-import-or-template-content	??	Content/Assets/VFX/TrailPack/Particles/Niagara/Wave/Spark/NS_WaveSpark.uasset
bulk-import-or-template-content	??	Content/Assets/VFX/TrailPack/Particles/Niagara/Wave/Trail/NS_WaveTrail.uasset
bulk-import-or-template-content	??	Content/Assets/VFX/TrailPack/Particles/Niagara/Whisp/Trail/NS_Whisp.uasset
bulk-import-or-template-content	??	Content/Assets/VFX/TrailPack/Textures/T_Aura.uasset
bulk-import-or-template-content	??	Content/Assets/VFX/TrailPack/Textures/T_Clouds.uasset
bulk-import-or-template-content	??	Content/Assets/VFX/TrailPack/Textures/T_DirWarp.uasset
bulk-import-or-template-content	??	Content/Assets/VFX/TrailPack/Textures/T_Dust.uasset
bulk-import-or-template-content	??	Content/Assets/VFX/TrailPack/Textures/T_Fire.uasset
bulk-import-or-template-content	??	Content/Assets/VFX/TrailPack/Textures/T_FireMask.uasset
bulk-import-or-template-content	??	Content/Assets/VFX/TrailPack/Textures/T_Flare.uasset
bulk-import-or-template-content	??	Content/Assets/VFX/TrailPack/Textures/T_Flare02.uasset
bulk-import-or-template-content	??	Content/Assets/VFX/TrailPack/Textures/T_Flare03.uasset
bulk-import-or-template-content	??	Content/Assets/VFX/TrailPack/Textures/T_FlowerCut.uasset
bulk-import-or-template-content	??	Content/Assets/VFX/TrailPack/Textures/T_Flowmap.uasset
bulk-import-or-template-content	??	Content/Assets/VFX/TrailPack/Textures/T_Fraction01.uasset
bulk-import-or-template-content	??	Content/Assets/VFX/TrailPack/Textures/T_Galaxy.uasset
bulk-import-or-template-content	??	Content/Assets/VFX/TrailPack/Textures/T_GalaxyNoise01.uasset
bulk-import-or-template-content	??	Content/Assets/VFX/TrailPack/Textures/T_GalaxyNoise02.uasset
bulk-import-or-template-content	??	Content/Assets/VFX/TrailPack/Textures/T_GalaxyNoise03.uasset
bulk-import-or-template-content	??	Content/Assets/VFX/TrailPack/Textures/T_MainTrail.uasset
bulk-import-or-template-content	??	Content/Assets/VFX/TrailPack/Textures/T_Mask01.uasset
bulk-import-or-template-content	??	Content/Assets/VFX/TrailPack/Textures/T_Noise01.uasset
bulk-import-or-template-content	??	Content/Assets/VFX/TrailPack/Textures/T_Noise02.uasset
bulk-import-or-template-content	??	Content/Assets/VFX/TrailPack/Textures/T_Noise03.uasset
bulk-import-or-template-content	??	Content/Assets/VFX/TrailPack/Textures/T_Noise04.uasset
bulk-import-or-template-content	??	Content/Assets/VFX/TrailPack/Textures/T_Noise05.uasset
bulk-import-or-template-content	??	Content/Assets/VFX/TrailPack/Textures/T_Noise06.uasset
bulk-import-or-template-content	??	Content/Assets/VFX/TrailPack/Textures/T_PoisonAura.uasset
bulk-import-or-template-content	??	Content/Assets/VFX/TrailPack/Textures/T_RainbowFlare.uasset
bulk-import-or-template-content	??	Content/Assets/VFX/TrailPack/Textures/T_RainbowFlare02.uasset
bulk-import-or-template-content	??	Content/Assets/VFX/TrailPack/Textures/T_Shad01.uasset
bulk-import-or-template-content	??	Content/Assets/VFX/TrailPack/Textures/T_Shad02.uasset
bulk-import-or-template-content	??	Content/Assets/VFX/TrailPack/Textures/T_Shad03.uasset
bulk-import-or-template-content	??	Content/Assets/VFX/TrailPack/Textures/T_Spark.uasset
bulk-import-or-template-content	??	Content/Assets/VFX/TrailPack/Textures/T_Speed.uasset
bulk-import-or-template-content	??	Content/Assets/VFX/TrailPack/Textures/T_StarFlare.uasset
bulk-import-or-template-content	??	Content/Assets/VFX/TrailPack/Textures/T_Stroke01.uasset
bulk-import-or-template-content	??	Content/Assets/VFX/TrailPack/Textures/T_Tendrils.uasset
bulk-import-or-template-content	??	Content/Assets/VFX/TrailPack/Textures/T_TribalA.uasset
bulk-import-or-template-content	??	Content/Assets/VFX/TrailPack/Textures/T_TribalB.uasset
bulk-import-or-template-content	??	Content/Assets/VFX/TrailPack/Textures/T_Widient.uasset
bulk-import-or-template-content	??	Content/Cyberpunk/BP/Assets/BP_Lamp_Long.uasset
bulk-import-or-template-content	??	Content/Cyberpunk/BP/Assets/BP_Lamp_Small.uasset
bulk-import-or-template-content	??	Content/Cyberpunk/BP/Assets/BP_Light_Doorway_01.uasset
bulk-import-or-template-content	??	Content/Cyberpunk/BP/Assets/BP_Light_Doorway_02.uasset
bulk-import-or-template-content	??	Content/Cyberpunk/BP/Assets/BP_Light_entrysign_01.uasset
bulk-import-or-template-content	??	Content/Cyberpunk/BP/Assets/BP_Light_Lantern.uasset
bulk-import-or-template-content	??	Content/Cyberpunk/BP/Assets/BP_Trash_07.uasset
bulk-import-or-template-content	??	Content/Cyberpunk/BP/BP_MVK_CloneLineTool.uasset
bulk-import-or-template-content	??	Content/Cyberpunk/BP/BP_MVK_FloorGenerator.uasset
bulk-import-or-template-content	??	Content/Cyberpunk/BP/BP_MVK_SplineMeshTool.uasset
bulk-import-or-template-content	??	Content/Cyberpunk/BP/BP_Splines_Lantern.uasset
bulk-import-or-template-content	??	Content/Cyberpunk/BP/BP_wires.uasset
bulk-import-or-template-content	??	Content/Cyberpunk/BP/Modular/BP_Building.uasset
bulk-import-or-template-content	??	Content/Cyberpunk/BP/Modular/BP_House_Shop_E.uasset
bulk-import-or-template-content	??	Content/Cyberpunk/BP/Modular/BP_Shop_A.uasset
bulk-import-or-template-content	??	Content/Cyberpunk/BP/Modular/BP_Shop_B.uasset
bulk-import-or-template-content	??	Content/Cyberpunk/BP/Modular/BP_Stairs_A.uasset
bulk-import-or-template-content	??	Content/Cyberpunk/Cinematics/SequenceMaster.uasset
bulk-import-or-template-content	??	Content/Cyberpunk/Cinematics/shots/shot0010/shot0010_001.uasset
bulk-import-or-template-content	??	Content/Cyberpunk/Cinematics/shots/shot0020/shot0020_001.uasset
bulk-import-or-template-content	??	Content/Cyberpunk/Cinematics/shots/shot0030/shot0030_001.uasset
bulk-import-or-template-content	??	Content/Cyberpunk/Cinematics/shots/shot0040/shot0040_001.uasset
bulk-import-or-template-content	??	Content/Cyberpunk/Cinematics/shots/shot0050/shot0050_001.uasset
bulk-import-or-template-content	??	Content/Cyberpunk/EpicContent/Effects/Electricity/Lensflare_01.uasset
bulk-import-or-template-content	??	Content/Cyberpunk/EpicContent/Effects/Electricity/P_Elec_Arc_03.uasset
bulk-import-or-template-content	??	Content/Cyberpunk/EpicContent/Effects/Electricity/P_WeldSparks.uasset
bulk-import-or-template-content	??	Content/Cyberpunk/EpicContent/Effects/Electricity/P_WeldSparksWindy.uasset
bulk-import-or-template-content	??	Content/Cyberpunk/EpicContent/Effects/Fluid/P_MeshSplash_01.uasset
bulk-import-or-template-content	??	Content/Cyberpunk/EpicContent/Effects/Maglev/Material/M_Maglev_MeshEmit.uasset
bulk-import-or-template-content	??	Content/Cyberpunk/EpicContent/Effects/Maglev/Material/M_MaglevHaze_Inst.uasset
bulk-import-or-template-content	??	Content/Cyberpunk/EpicContent/Effects/Maglev/Material/M_MaglevHaze.uasset
bulk-import-or-template-content	??	Content/Cyberpunk/EpicContent/Effects/Maglev/Textures/T_MaglevFX_Line.uasset
bulk-import-or-template-content	??	Content/Cyberpunk/EpicContent/Effects/Materials/Fluid/M_Droplet_03_Inst.uasset
bulk-import-or-template-content	??	Content/Cyberpunk/EpicContent/Effects/Materials/Fluid/M_MeshEmitWater_MASTER.uasset
bulk-import-or-template-content	??	Content/Cyberpunk/EpicContent/Effects/Materials/Fluid/M_OuterSplash_Inst.uasset
bulk-import-or-template-content	??	Content/Cyberpunk/EpicContent/Effects/Materials/Fluid/M_ParticleWater_DropSubUV_Inst.uasset
bulk-import-or-template-content	??	Content/Cyberpunk/EpicContent/Effects/Materials/Fluid/M_ParticleWater_MASTER.uasset
bulk-import-or-template-content	??	Content/Cyberpunk/EpicContent/Effects/Materials/Fluid/M_SplashBase_Inst.uasset
bulk-import-or-template-content	??	Content/Cyberpunk/EpicContent/Effects/Materials/Fluid/M_SplashDisc_Inst.uasset
bulk-import-or-template-content	??	Content/Cyberpunk/EpicContent/Effects/Materials/Fluid/M_Water_Test_01.uasset
bulk-import-or-template-content	??	Content/Cyberpunk/EpicContent/Effects/Materials/M_EFX_Sparks_01.uasset
bulk-import-or-template-content	??	Content/Cyberpunk/EpicContent/Effects/Materials/M_Elec_01.uasset
bulk-import-or-template-content	??	Content/Cyberpunk/EpicContent/Effects/Materials/M_Flare_Master.uasset
bulk-import-or-template-content	??	Content/Cyberpunk/EpicContent/Effects/Materials/M_FX_HangingDust_01.uasset
bulk-import-or-template-content	??	Content/Cyberpunk/EpicContent/Effects/Materials/M_LensFlare_02.uasset
bulk-import-or-template-content	??	Content/Cyberpunk/EpicContent/Effects/Materials/M_PP_UnsharpMask.uasset
bulk-import-or-template-content	??	Content/Cyberpunk/EpicContent/Effects/Materials/M_Single_Master.uasset
bulk-import-or-template-content	??	Content/Cyberpunk/EpicContent/Effects/Materials/M_Smoke_MacroUV_Subtle_Near.uasset
bulk-import-or-template-content	??	Content/Cyberpunk/EpicContent/Effects/Materials/M_Spark_Core_Master.uasset
bulk-import-or-template-content	??	Content/Cyberpunk/EpicContent/Effects/Materials/MF_Fabric_Wind.uasset
bulk-import-or-template-content	??	Content/Cyberpunk/EpicContent/Effects/Materials/MF_MotionBlurHack.uasset
bulk-import-or-template-content	??	Content/Cyberpunk/EpicContent/Effects/Materials/MF_SceneTextureSampleWS.uasset
bulk-import-or-template-content	??	Content/Cyberpunk/EpicContent/Effects/Materials/MF_STS16Sample.uasset
bulk-import-or-template-content	??	Content/Cyberpunk/EpicContent/Effects/Materials/MF_STS4Sample.uasset
bulk-import-or-template-content	??	Content/Cyberpunk/EpicContent/Effects/Materials/MF_STS64Sample.uasset
bulk-import-or-template-content	??	Content/Cyberpunk/EpicContent/Effects/Materials/MI_Elec_01.uasset
bulk-import-or-template-content	??	Content/Cyberpunk/EpicContent/Effects/Materials/MI_Elec_02.uasset
bulk-import-or-template-content	??	Content/Cyberpunk/EpicContent/Effects/Materials/MI_Elec_03.uasset
bulk-import-or-template-content	??	Content/Cyberpunk/EpicContent/Effects/Materials/MI_Flare_Blue.uasset
bulk-import-or-template-content	??	Content/Cyberpunk/EpicContent/Effects/Materials/MI_LensFlare_02.uasset
bulk-import-or-template-content	??	Content/Cyberpunk/EpicContent/Effects/Materials/MI_Spark_Bits.uasset
bulk-import-or-template-content	??	Content/Cyberpunk/EpicContent/Effects/Materials/MM_SteamSmoke.uasset
bulk-import-or-template-content	??	Content/Cyberpunk/EpicContent/Effects/Materials/Steam/M_Smoke_MacroUV_LF_E_Pan.uasset
bulk-import-or-template-content	??	Content/Cyberpunk/EpicContent/Effects/Materials/Steam/M_Smoke_MacroUV_LF_Pan.uasset
bulk-import-or-template-content	??	Content/Cyberpunk/EpicContent/Effects/Materials/Steam/M_Smoke_MacroUV_Subtle_Emissive_Near_NoSep.uasset
bulk-import-or-template-content	??	Content/Cyberpunk/EpicContent/Effects/Materials/Steam/M_Smoke_MacroUV_Subtle_Emissive_Near.uasset
bulk-import-or-template-content	??	Content/Cyberpunk/EpicContent/Effects/Materials/Steam/M_Smoke_MacroUV_Subtle.uasset
bulk-import-or-template-content	??	Content/Cyberpunk/EpicContent/Effects/Materials/Steam/M_Steam_test_02.uasset
bulk-import-or-template-content	??	Content/Cyberpunk/EpicContent/Effects/Materials/Water/M_ParticleWater_MASTER.uasset
bulk-import-or-template-content	??	Content/Cyberpunk/EpicContent/Effects/Materials/Water/M_Rain.uasset
bulk-import-or-template-content	??	Content/Cyberpunk/EpicContent/Effects/Mesh/SM_Droplets_01_f29_L_01.uasset
bulk-import-or-template-content	??	Content/Cyberpunk/EpicContent/Effects/Mesh/SM_SplashBase_01.uasset
bulk-import-or-template-content	??	Content/Cyberpunk/EpicContent/Effects/Mesh/SM_SplashDisc.uasset
bulk-import-or-template-content	??	Content/Cyberpunk/EpicContent/Effects/Mesh/SM_SplashMesh_02.uasset
bulk-import-or-template-content	??	Content/Cyberpunk/EpicContent/Effects/Sparks/Textures/T_SparkSingle.uasset
bulk-import-or-template-content	??	Content/Cyberpunk/EpicContent/Effects/Steam/P_AT_Steam_Jet_01_NoSep.uasset
bulk-import-or-template-content	??	Content/Cyberpunk/EpicContent/Effects/Steam/P_BackSteam_Tunnel.uasset
bulk-import-or-template-content	??	Content/Cyberpunk/EpicContent/Effects/Steam/P_Dust_Hanging_Ground_01.uasset
bulk-import-or-template-content	??	Content/Cyberpunk/EpicContent/Effects/Steam/P_Steam.uasset
bulk-import-or-template-content	??	Content/Cyberpunk/EpicContent/Effects/Steam/P_SteamJet.uasset
bulk-import-or-template-content	??	Content/Cyberpunk/EpicContent/Effects/Steam/P_SteamVolume_Massive.uasset
bulk-import-or-template-content	??	Content/Cyberpunk/EpicContent/Effects/Steam/P_SubtleSteam_Blow.uasset
bulk-import-or-template-content	??	Content/Cyberpunk/EpicContent/Effects/Steam/P_SubtleSteam_Rise_Slow.uasset
bulk-import-or-template-content	??	Content/Cyberpunk/EpicContent/Effects/Textures/Fluid/HDR_SpotHighlightFinal_Color_Output0001.uasset
bulk-import-or-template-content	??	Content/Cyberpunk/EpicContent/Effects/Textures/Fluid/T_AccessTunnel_Cube.uasset
bulk-import-or-template-content	??	Content/Cyberpunk/EpicContent/Effects/Textures/Fluid/T_Drop_Long_02_N.uasset
bulk-import-or-template-content	??	Content/Cyberpunk/EpicContent/Effects/Textures/Fluid/T_DropSubUV_A.uasset
bulk-import-or-template-content	??	Content/Cyberpunk/EpicContent/Effects/Textures/Fluid/T_DropSubUV_N.uasset
bulk-import-or-template-content	??	Content/Cyberpunk/EpicContent/Effects/Textures/Fluid/T_Environment_Materials_Wet_FluidNormal02.uasset
bulk-import-or-template-content	??	Content/Cyberpunk/EpicContent/Effects/Textures/Fluid/T_SplashBase_N.uasset
bulk-import-or-template-content	??	Content/Cyberpunk/EpicContent/Effects/Textures/Fluid/T_SplashDisc_A.uasset
bulk-import-or-template-content	??	Content/Cyberpunk/EpicContent/Effects/Textures/Fluid/T_SplashDisc_N.uasset
bulk-import-or-template-content	??	Content/Cyberpunk/EpicContent/Effects/Textures/Fluid/T_SplashMesh_02_N.uasset
bulk-import-or-template-content	??	Content/Cyberpunk/EpicContent/Effects/Textures/Fluid/T_WaterDroplets_A.uasset
bulk-import-or-template-content	??	Content/Cyberpunk/EpicContent/Effects/Textures/Fluid/T_WaterDroplets_N.uasset
bulk-import-or-template-content	??	Content/Cyberpunk/EpicContent/Effects/Textures/T_Clouds_01_M.uasset
bulk-import-or-template-content	??	Content/Cyberpunk/EpicContent/Effects/Textures/T_EFX_Spark1.uasset
bulk-import-or-template-content	??	Content/Cyberpunk/EpicContent/Effects/Textures/T_Elec_01.uasset
bulk-import-or-template-content	??	Content/Cyberpunk/EpicContent/Effects/Textures/T_Elec_02.uasset
bulk-import-or-template-content	??	Content/Cyberpunk/EpicContent/Effects/Textures/T_Elec_03.uasset
bulk-import-or-template-content	??	Content/Cyberpunk/EpicContent/Effects/Textures/T_Flare_02_M.uasset
bulk-import-or-template-content	??	Content/Cyberpunk/EpicContent/Effects/Textures/T_Flare_04.uasset
bulk-import-or-template-content	??	Content/Cyberpunk/EpicContent/Effects/Textures/T_Smoke_Dust_Base_01.uasset
bulk-import-or-template-content	??	Content/Cyberpunk/EpicContent/Effects/Textures/T_Smoke_SubUV.uasset
bulk-import-or-template-content	??	Content/Cyberpunk/EpicContent/Effects/Textures/T_Smoke_Tile_01.uasset
bulk-import-or-template-content	??	Content/Cyberpunk/EpicContent/Effects/Textures/T_Smoke_Tiled_D.uasset
bulk-import-or-template-content	??	Content/Cyberpunk/EpicContent/Effects/Textures/T_SmokeBall_01_8_8_D.uasset
bulk-import-or-template-content	??	Content/Cyberpunk/EpicContent/Effects/Textures/T_SmokeBall_01_8_8.uasset
bulk-import-or-template-content	??	Content/Cyberpunk/EpicContent/Effects/Textures/T_soft_smoke.uasset
bulk-import-or-template-content	??	Content/Cyberpunk/EpicContent/Effects/Textures/T_Spark_Bits_2X2_M.uasset
bulk-import-or-template-content	??	Content/Cyberpunk/EpicContent/Effects/Textures/T_SparkCore_2X2_M.uasset
bulk-import-or-template-content	??	Content/Cyberpunk/EpicContent/Effects/Textures/T_SparkSingle_M.uasset
bulk-import-or-template-content	??	Content/Cyberpunk/EpicContent/Effects/Textures/T_Steam_04.uasset
bulk-import-or-template-content	??	Content/Cyberpunk/EpicContent/Effects/Textures/T_WaterDroplets_M.uasset
bulk-import-or-template-content	??	Content/Cyberpunk/EpicContent/Effects/Textures/T_WaterDroplets_N.uasset
bulk-import-or-template-content	??	Content/Cyberpunk/EpicContent/Effects/Water/P_RainStorm.uasset
bulk-import-or-template-content	??	Content/Cyberpunk/Foliage/Bottle_03_FoliageType.uasset
bulk-import-or-template-content	??	Content/Cyberpunk/Foliage/Bottle_03_rotate_FoliageType.uasset
bulk-import-or-template-content	??	Content/Cyberpunk/Foliage/Bottle_Beer_02_FoliageType.uasset
bulk-import-or-template-content	??	Content/Cyberpunk/Foliage/Bottle_Beer_03_FoliageType.uasset
bulk-import-or-template-content	??	Content/Cyberpunk/Foliage/Bottle_Beer_04_FoliageType.uasset
bulk-import-or-template-content	??	Content/Cyberpunk/Foliage/Bottle_Beer_FoliageType.uasset
bulk-import-or-template-content	??	Content/Cyberpunk/Foliage/Bottle_cap_01_FoliageType.uasset
bulk-import-or-template-content	??	Content/Cyberpunk/Foliage/Bottle_cap_02_FoliageType.uasset
bulk-import-or-template-content	??	Content/Cyberpunk/Foliage/Bottle_Cluster_01_FoliageType.uasset
bulk-import-or-template-content	??	Content/Cyberpunk/Foliage/Bottle_Cluster_02_FoliageType.uasset
bulk-import-or-template-content	??	Content/Cyberpunk/Foliage/Bottle_Cluster_03_FoliageType.uasset
bulk-import-or-template-content	??	Content/Cyberpunk/Foliage/Bottle_Whisky_01_FoliageType.uasset
bulk-import-or-template-content	??	Content/Cyberpunk/Foliage/Coffe_cup_05_FoliageType.uasset
bulk-import-or-template-content	??	Content/Cyberpunk/Foliage/Coffe_cup_09_FoliageType.uasset
bulk-import-or-template-content	??	Content/Cyberpunk/Foliage/Paper_box_Flat_01_FoliageType.uasset
bulk-import-or-template-content	??	Content/Cyberpunk/Foliage/Paper_box_Flat_02_FoliageType.uasset
bulk-import-or-template-content	??	Content/Cyberpunk/Foliage/Paper_box_Flat_03_FoliageType.uasset
bulk-import-or-template-content	??	Content/Cyberpunk/Foliage/Paper_box_Flat_04_FoliageType.uasset
bulk-import-or-template-content	??	Content/Cyberpunk/Foliage/Paper_CLuster_01_FoliageType.uasset
bulk-import-or-template-content	??	Content/Cyberpunk/Foliage/Paper_CLuster_02_FoliageType.uasset
bulk-import-or-template-content	??	Content/Cyberpunk/Foliage/Paper_CLuster_03_FoliageType.uasset
bulk-import-or-template-content	??	Content/Cyberpunk/Foliage/Paper_CLuster_04_FoliageType.uasset
bulk-import-or-template-content	??	Content/Cyberpunk/Foliage/Paper_List_01_FoliageType.uasset
bulk-import-or-template-content	??	Content/Cyberpunk/Foliage/Paper_List_16_FoliageType.uasset
bulk-import-or-template-content	??	Content/Cyberpunk/Foliage/popcorn_cup_01_FoliageType.uasset
bulk-import-or-template-content	??	Content/Cyberpunk/Foliage/popcorn_cup_02_FoliageType.uasset
bulk-import-or-template-content	??	Content/Cyberpunk/Foliage/popcorn_cup_03_FoliageType.uasset
bulk-import-or-template-content	??	Content/Cyberpunk/Maps/AssetsOverview.umap
bulk-import-or-template-content	??	Content/Cyberpunk/Maps/CyberAlley_HLODLayer_Instanced.uasset
bulk-import-or-template-content	??	Content/Cyberpunk/Maps/CyberAlley_HLODLayer_Merged.uasset
bulk-import-or-template-content	??	Content/Cyberpunk/Maps/CyberAlley_WP.umap
bulk-import-or-template-content	??	Content/Cyberpunk/Maps/CyberAlley.ini
bulk-import-or-template-content	??	Content/Cyberpunk/Materials/Decals/MI_Damage.uasset
bulk-import-or-template-content	??	Content/Cyberpunk/Materials/Decals/MI_Damage1.uasset
bulk-import-or-template-content	??	Content/Cyberpunk/Materials/Decals/MI_Damage2.uasset
bulk-import-or-template-content	??	Content/Cyberpunk/Materials/Decals/MI_Damage3.uasset
bulk-import-or-template-content	??	Content/Cyberpunk/Materials/Decals/MI_Damage4.uasset
bulk-import-or-template-content	??	Content/Cyberpunk/Materials/Decals/MI_Damage5.uasset
bulk-import-or-template-content	??	Content/Cyberpunk/Materials/Decals/MI_Damage6.uasset
bulk-import-or-template-content	??	Content/Cyberpunk/Materials/Decals/MI_Damage7.uasset
bulk-import-or-template-content	??	Content/Cyberpunk/Materials/Decals/MI_Damage8.uasset
bulk-import-or-template-content	??	Content/Cyberpunk/Materials/Decals/MM_Decal_Hole_02.uasset
bulk-import-or-template-content	??	Content/Cyberpunk/Materials/Functions/MF_4WayMotion.uasset
bulk-import-or-template-content	??	Content/Cyberpunk/Materials/Functions/MF_AlbedoColorizer.uasset
bulk-import-or-template-content	??	Content/Cyberpunk/Materials/Functions/MF_AlbedoGrunge.uasset
bulk-import-or-template-content	??	Content/Cyberpunk/Materials/Functions/MF_AODistanceMask.uasset
bulk-import-or-template-content	??	Content/Cyberpunk/Materials/Functions/MF_ClothShader.uasset
bulk-import-or-template-content	??	Content/Cyberpunk/Materials/Functions/MF_Colorizer.uasset
bulk-import-or-template-content	??	Content/Cyberpunk/Materials/Functions/MF_DetailNormal.uasset
bulk-import-or-template-content	??	Content/Cyberpunk/Materials/Functions/MF_DirtGeneric.uasset
bulk-import-or-template-content	??	Content/Cyberpunk/Materials/Functions/MF_DirtRegular.uasset
bulk-import-or-template-content	??	Content/Cyberpunk/Materials/Functions/MF_EdgeWear.uasset
bulk-import-or-template-content	??	Content/Cyberpunk/Materials/Functions/MF_GenericPropRoughness.uasset
bulk-import-or-template-content	??	Content/Cyberpunk/Materials/Functions/MF_GrungeTile.uasset
bulk-import-or-template-content	??	Content/Cyberpunk/Materials/Functions/MF_HeightDebug.uasset
bulk-import-or-template-content	??	Content/Cyberpunk/Materials/Functions/MF_HeightLerp.uasset
bulk-import-or-template-content	??	Content/Cyberpunk/Materials/Functions/MF_Layer_Sample.uasset
bulk-import-or-template-content	??	Content/Cyberpunk/Materials/Functions/MF_MLG_DirtAndScratches.uasset
bulk-import-or-template-content	??	Content/Cyberpunk/Materials/Functions/MF_MLG_Simple.uasset
bulk-import-or-template-content	??	Content/Cyberpunk/Materials/Functions/MF_MLG_Solid.uasset
bulk-import-or-template-content	??	Content/Cyberpunk/Materials/Functions/MF_MVK_RandomUVSamples.uasset
bulk-import-or-template-content	??	Content/Cyberpunk/Materials/Functions/MF_NormalBoost.uasset
bulk-import-or-template-content	??	Content/Cyberpunk/Materials/Functions/MF_PBR_FIX.uasset
bulk-import-or-template-content	??	Content/Cyberpunk/Materials/Functions/MF_PDO.uasset
bulk-import-or-template-content	??	Content/Cyberpunk/Materials/Functions/MF_PropSample.uasset
bulk-import-or-template-content	??	Content/Cyberpunk/Materials/Functions/MF_Rain.uasset
bulk-import-or-template-content	??	Content/Cyberpunk/Materials/Functions/MF_RandomizeTIle.uasset
bulk-import-or-template-content	??	Content/Cyberpunk/Materials/Functions/MF_Ripples.uasset
bulk-import-or-template-content	??	Content/Cyberpunk/Materials/Functions/MF_RipplesSimple.uasset
bulk-import-or-template-content	??	Content/Cyberpunk/Materials/Functions/MF_RoughnessBase.uasset
bulk-import-or-template-content	??	Content/Cyberpunk/Materials/Functions/MF_SimpleAO.uasset
bulk-import-or-template-content	??	Content/Cyberpunk/Materials/Functions/MF_SIn.uasset
bulk-import-or-template-content	??	Content/Cyberpunk/Materials/Functions/MF_SlopeMask.uasset
bulk-import-or-template-content	??	Content/Cyberpunk/Materials/Functions/MF_SpecularSimple.uasset
bulk-import-or-template-content	??	Content/Cyberpunk/Materials/Functions/MF_SpecularTool.uasset
bulk-import-or-template-content	??	Content/Cyberpunk/Materials/Functions/MF_TexturePost.uasset
bulk-import-or-template-content	??	Content/Cyberpunk/Materials/Functions/MF_TextureSample.uasset
bulk-import-or-template-content	??	Content/Cyberpunk/Materials/Functions/MF_TintMask.uasset
bulk-import-or-template-content	??	Content/Cyberpunk/Materials/Functions/MF_TintProps.uasset
bulk-import-or-template-content	??	Content/Cyberpunk/Materials/Functions/MF_TriplanarUV.uasset
bulk-import-or-template-content	??	Content/Cyberpunk/Materials/Functions/MF_UV_Tool.uasset
bulk-import-or-template-content	??	Content/Cyberpunk/Materials/Functions/MF_UVTile.uasset
bulk-import-or-template-content	??	Content/Cyberpunk/Materials/Functions/MF_VCDebug.uasset
bulk-import-or-template-content	??	Content/Cyberpunk/Materials/Functions/MF_VCMaskBlend.uasset
bulk-import-or-template-content	??	Content/Cyberpunk/Materials/Functions/MF_WET_RunningWater.uasset
bulk-import-or-template-content	??	Content/Cyberpunk/Materials/Functions/MF_Wetness.uasset
bulk-import-or-template-content	??	Content/Cyberpunk/Materials/Functions/MF_WorldAlignedPanner.uasset
bulk-import-or-template-content	??	Content/Cyberpunk/Materials/Functions/MF_WorldUV.uasset
bulk-import-or-template-content	??	Content/Cyberpunk/Materials/Functions/ML/Dirt/MF_ML_Soil_Mud.uasset
bulk-import-or-template-content	??	Content/Cyberpunk/Materials/Functions/ML/Metal/MF_ML_MetalRust.uasset
bulk-import-or-template-content	??	Content/Cyberpunk/Materials/Functions/ML/Metal/MF_ML_PaintedMetal.uasset
bulk-import-or-template-content	??	Content/Cyberpunk/Materials/Functions/ML/Metal/MF_ML_PaintedSteel.uasset
bulk-import-or-template-content	??	Content/Cyberpunk/Materials/Functions/ML/Metal/MF_ML_Steel.uasset
bulk-import-or-template-content	??	Content/Cyberpunk/Materials/Functions/ML/MF_ML_Blank.uasset
bulk-import-or-template-content	??	Content/Cyberpunk/Materials/Functions/ML/Plastic/MF_ML_Plastic.uasset
bulk-import-or-template-content	??	Content/Cyberpunk/Materials/Instances/Bottle/MI_bottles.uasset
bulk-import-or-template-content	??	Content/Cyberpunk/Materials/Instances/Glow/MI_Billboard_Cold.uasset
bulk-import-or-template-content	??	Content/Cyberpunk/Materials/Instances/Glow/MI_Billboard_Inst.uasset
bulk-import-or-template-content	??	Content/Cyberpunk/Materials/Instances/Glow/MI_Emissive_LampFluirescent.uasset
bulk-import-or-template-content	??	Content/Cyberpunk/Materials/Instances/Glow/MI_Glass-Emissive_Bollboard_Yellow.uasset
bulk-import-or-template-content	??	Content/Cyberpunk/Materials/Instances/Glow/MI_Glass-Emissive_Off.uasset
bulk-import-or-template-content	??	Content/Cyberpunk/Materials/Instances/Lighting/MI_GodRay_Animated.uasset
bulk-import-or-template-content	??	Content/Cyberpunk/Materials/Instances/Lighting/MI_GodRay_Animated1.uasset
bulk-import-or-template-content	??	Content/Cyberpunk/Materials/Instances/MI_Beam_Doorway.uasset
bulk-import-or-template-content	??	Content/Cyberpunk/Materials/Instances/MI_Beam_Fog_01.uasset
bulk-import-or-template-content	??	Content/Cyberpunk/Materials/Instances/MI_Beam_Fog_02.uasset
bulk-import-or-template-content	??	Content/Cyberpunk/Materials/Instances/MI_Beam_Lantern.uasset
bulk-import-or-template-content	??	Content/Cyberpunk/Materials/Instances/MI_Boat.uasset
bulk-import-or-template-content	??	Content/Cyberpunk/Materials/Instances/MI_BridgeCorpus.uasset
bulk-import-or-template-content	??	Content/Cyberpunk/Materials/Instances/MI_Cable.uasset
bulk-import-or-template-content	??	Content/Cyberpunk/Materials/Instances/MI_China_Lantern_Matal.uasset
bulk-import-or-template-content	??	Content/Cyberpunk/Materials/Instances/MI_China_Lantern.uasset
bulk-import-or-template-content	??	Content/Cyberpunk/Materials/Instances/MI_Clay_Floor.uasset
bulk-import-or-template-content	??	Content/Cyberpunk/Materials/Instances/MI_Cloth_B.uasset
bulk-import-or-template-content	??	Content/Cyberpunk/Materials/Instances/MI_Cloth.uasset
bulk-import-or-template-content	??	Content/Cyberpunk/Materials/Instances/MI_Coffe.uasset
bulk-import-or-template-content	??	Content/Cyberpunk/Materials/Instances/MI_Concrete_02.uasset
bulk-import-or-template-content	??	Content/Cyberpunk/Materials/Instances/MI_Concrete_03.uasset
bulk-import-or-template-content	??	Content/Cyberpunk/Materials/Instances/MI_Concrete_04.uasset
bulk-import-or-template-content	??	Content/Cyberpunk/Materials/Instances/MI_Concrete_Wall_Wall_02.uasset
bulk-import-or-template-content	??	Content/Cyberpunk/Materials/Instances/MI_Concrete.uasset
bulk-import-or-template-content	??	Content/Cyberpunk/Materials/Instances/MI_Cond_A_Corpus.uasset
bulk-import-or-template-content	??	Content/Cyberpunk/Materials/Instances/MI_Cond_B_Corpus.uasset
bulk-import-or-template-content	??	Content/Cyberpunk/Materials/Instances/MI_DOor.uasset
bulk-import-or-template-content	??	Content/Cyberpunk/Materials/Instances/MI_Dumpster.uasset
bulk-import-or-template-content	??	Content/Cyberpunk/Materials/Instances/MI_Glass_illuminated_Warm_01l.uasset
bulk-import-or-template-content	??	Content/Cyberpunk/Materials/Instances/MI_Glass_illuminated_Warm_01l1.uasset
bulk-import-or-template-content	??	Content/Cyberpunk/Materials/Instances/MI_Glass_illuminated_Warm_Blue.uasset
bulk-import-or-template-content	??	Content/Cyberpunk/Materials/Instances/MI_Glass_LOD_03.uasset
bulk-import-or-template-content	??	Content/Cyberpunk/Materials/Instances/MI_Hologramm_Select.uasset
bulk-import-or-template-content	??	Content/Cyberpunk/Materials/Instances/MI_Hologramm.uasset
bulk-import-or-template-content	??	Content/Cyberpunk/Materials/Instances/MI_Lamp.uasset
bulk-import-or-template-content	??	Content/Cyberpunk/Materials/Instances/MI_LampLow.uasset
bulk-import-or-template-content	??	Content/Cyberpunk/Materials/Instances/MI_LampSTreet_emit.uasset
bulk-import-or-template-content	??	Content/Cyberpunk/Materials/Instances/MI_LampSTreet_Off.uasset
bulk-import-or-template-content	??	Content/Cyberpunk/Materials/Instances/MI_LampSTreet.uasset
bulk-import-or-template-content	??	Content/Cyberpunk/Materials/Instances/MI_MetalRoof_01.uasset
bulk-import-or-template-content	??	Content/Cyberpunk/Materials/Instances/MI_Painted_Metal_Black.uasset
bulk-import-or-template-content	??	Content/Cyberpunk/Materials/Instances/MI_Plastic_Black.uasset
bulk-import-or-template-content	??	Content/Cyberpunk/Materials/Instances/MI_Plastic_Blue.uasset
bulk-import-or-template-content	??	Content/Cyberpunk/Materials/Instances/MI_Plastic_Dark.uasset
bulk-import-or-template-content	??	Content/Cyberpunk/Materials/Instances/MI_Plastic_Gray.uasset
bulk-import-or-template-content	??	Content/Cyberpunk/Materials/Instances/MI_PlateDiamon.uasset
bulk-import-or-template-content	??	Content/Cyberpunk/Materials/Instances/MI_Poster_v2.uasset
bulk-import-or-template-content	??	Content/Cyberpunk/Materials/Instances/MI_Poster.uasset
bulk-import-or-template-content	??	Content/Cyberpunk/Materials/Instances/MI_Preview_PaintSteel_02.uasset
bulk-import-or-template-content	??	Content/Cyberpunk/Materials/Instances/MI_Preview_PaintSteel_03.uasset
bulk-import-or-template-content	??	Content/Cyberpunk/Materials/Instances/MI_Preview_PaintSteel_05.uasset
bulk-import-or-template-content	??	Content/Cyberpunk/Materials/Instances/MI_Preview_PaintSteel_06.uasset
bulk-import-or-template-content	??	Content/Cyberpunk/Materials/Instances/MI_Preview_Steel_01.uasset
bulk-import-or-template-content	??	Content/Cyberpunk/Materials/Instances/MI_Preview_Steel_03.uasset
bulk-import-or-template-content	??	Content/Cyberpunk/Materials/Instances/MI_Preview_Steel_06.uasset
bulk-import-or-template-content	??	Content/Cyberpunk/Materials/Instances/MI_Preview_Steel_07.uasset
bulk-import-or-template-content	??	Content/Cyberpunk/Materials/Instances/MI_Preview_Steel_11.uasset
bulk-import-or-template-content	??	Content/Cyberpunk/Materials/Instances/MI_Preview_Steel_12_Boat.uasset
bulk-import-or-template-content	??	Content/Cyberpunk/Materials/Instances/MI_Roof.uasset
bulk-import-or-template-content	??	Content/Cyberpunk/Materials/Instances/MI_Rust.uasset
bulk-import-or-template-content	??	Content/Cyberpunk/Materials/Instances/MI_Tarpaulin.uasset
bulk-import-or-template-content	??	Content/Cyberpunk/Materials/Instances/MI_Train_A.uasset
bulk-import-or-template-content	??	Content/Cyberpunk/Materials/Instances/MI_Train_B.uasset
bulk-import-or-template-content	??	Content/Cyberpunk/Materials/Instances/MI_TrimBridge.uasset
bulk-import-or-template-content	??	Content/Cyberpunk/Materials/Instances/MI_Water_V2.uasset
bulk-import-or-template-content	??	Content/Cyberpunk/Materials/Instances/MI_Water.uasset
bulk-import-or-template-content	??	Content/Cyberpunk/Materials/Instances/MI_Wire_Plastic.uasset
bulk-import-or-template-content	??	Content/Cyberpunk/Materials/Instances/MI_Wood.uasset
bulk-import-or-template-content	??	Content/Cyberpunk/Materials/Instances/trash/MI_Paper_box.uasset
bulk-import-or-template-content	??	Content/Cyberpunk/Materials/Instances/WinGlass/MI_WinGlass_House_01.uasset
bulk-import-or-template-content	??	Content/Cyberpunk/Materials/Instances/WinGlass/MI_WinGlass_House_02.uasset
bulk-import-or-template-content	??	Content/Cyberpunk/Materials/Instances/WinGlass/MI_WinGlass_House_03.uasset
bulk-import-or-template-content	??	Content/Cyberpunk/Materials/Instances/WinGlass/MI_WinGlass_House_04.uasset
bulk-import-or-template-content	??	Content/Cyberpunk/Materials/Instances/WinGlass/MI_WinGlass_House_05.uasset
bulk-import-or-template-content	??	Content/Cyberpunk/Materials/Instances/WinGlass/MI_WinGlass_House_06.uasset
bulk-import-or-template-content	??	Content/Cyberpunk/Materials/Instances/WinGlass/MI_WinGlass_House_07.uasset
bulk-import-or-template-content	??	Content/Cyberpunk/Materials/Instances/WinGlass/MI_WinGlass_Shop_02.uasset
bulk-import-or-template-content	??	Content/Cyberpunk/Materials/Instances/WinGlass/MI_WinGlass_Shop_03.uasset
bulk-import-or-template-content	??	Content/Cyberpunk/Materials/Instances/WinGlass/MI_WinGlass_Shop_04.uasset
bulk-import-or-template-content	??	Content/Cyberpunk/Materials/Instances/WinGlass/MI_WinGlass_Shop_05.uasset
bulk-import-or-template-content	??	Content/Cyberpunk/Materials/Instances/WinGlass/MI_WinGlass_Shop.uasset
bulk-import-or-template-content	??	Content/Cyberpunk/Materials/Instances/WinGlass/MI_WinGlass_TRain.uasset
bulk-import-or-template-content	??	Content/Cyberpunk/Materials/Instances/WinGlass/MI_WinGlassBuildings.uasset
bulk-import-or-template-content	??	Content/Cyberpunk/Materials/Masters/Glow/M_Billboard_emissive.uasset
bulk-import-or-template-content	??	Content/Cyberpunk/Materials/Masters/Glow/M_Billboard.uasset
bulk-import-or-template-content	??	Content/Cyberpunk/Materials/Masters/M_Clay.uasset
bulk-import-or-template-content	??	Content/Cyberpunk/Materials/Masters/M_Coffe.uasset
bulk-import-or-template-content	??	Content/Cyberpunk/Materials/Masters/M_Debris.uasset
bulk-import-or-template-content	??	Content/Cyberpunk/Materials/Masters/M_Decal.uasset
bulk-import-or-template-content	??	Content/Cyberpunk/Materials/Masters/M_Emissive.uasset
bulk-import-or-template-content	??	Content/Cyberpunk/Materials/Masters/M_EV_Lightbeam_Master_01.uasset
bulk-import-or-template-content	??	Content/Cyberpunk/Materials/Masters/M_FlickerLight_Lamp.uasset
bulk-import-or-template-content	??	Content/Cyberpunk/Materials/Masters/M_FlickerLight_Lamp1.uasset
bulk-import-or-template-content	??	Content/Cyberpunk/Materials/Masters/M_Glass_Emissive.uasset
bulk-import-or-template-content	??	Content/Cyberpunk/Materials/Masters/M_Glass_illuminated.uasset
bulk-import-or-template-content	??	Content/Cyberpunk/Materials/Masters/M_Glass_Kill.uasset
bulk-import-or-template-content	??	Content/Cyberpunk/Materials/Masters/M_GodRay_MASTER.uasset
bulk-import-or-template-content	??	Content/Cyberpunk/Materials/Masters/M_Hologramm.uasset
bulk-import-or-template-content	??	Content/Cyberpunk/Materials/Masters/M_LayerdMaterial.uasset
bulk-import-or-template-content	??	Content/Cyberpunk/Materials/Masters/M_Painted_Metal_Rust_v2.uasset
bulk-import-or-template-content	??	Content/Cyberpunk/Materials/Masters/M_Plastic.uasset
bulk-import-or-template-content	??	Content/Cyberpunk/Materials/Masters/M_PlasticProp.uasset
bulk-import-or-template-content	??	Content/Cyberpunk/Materials/Masters/M_Plate.uasset
bulk-import-or-template-content	??	Content/Cyberpunk/Materials/Masters/M_Preview_PaintSteel.uasset
bulk-import-or-template-content	??	Content/Cyberpunk/Materials/Masters/M_Preview_RustMetal.uasset
bulk-import-or-template-content	??	Content/Cyberpunk/Materials/Masters/M_SampleProps.uasset
bulk-import-or-template-content	??	Content/Cyberpunk/Materials/Masters/M_Steel.uasset
bulk-import-or-template-content	??	Content/Cyberpunk/Materials/Masters/M_SteelProp.uasset
bulk-import-or-template-content	??	Content/Cyberpunk/Materials/Masters/M_Tileable.uasset
bulk-import-or-template-content	??	Content/Cyberpunk/Materials/Masters/M_Unique.uasset
bulk-import-or-template-content	??	Content/Cyberpunk/Materials/Masters/M_Waterfloor.uasset
bulk-import-or-template-content	??	Content/Cyberpunk/Materials/Masters/Trash/M_Bottle.uasset
bulk-import-or-template-content	??	Content/Cyberpunk/Materials/Masters/Trash/M_Coffe_Cap_Palstic.uasset
bulk-import-or-template-content	??	Content/Cyberpunk/Materials/Masters/Trash/M_Coffee_cup.uasset
bulk-import-or-template-content	??	Content/Cyberpunk/Materials/Masters/Trash/M_Paper_box.uasset
bulk-import-or-template-content	??	Content/Cyberpunk/Materials/Masters/Trash/M_Trash_base_01.uasset
bulk-import-or-template-content	??	Content/Cyberpunk/Materials/Masters/Trash/M_Trash_base_02.uasset
bulk-import-or-template-content	??	Content/Cyberpunk/Materials/Masters/Trash/M_TrashBag.uasset
bulk-import-or-template-content	??	Content/Cyberpunk/Materials/Masters/Winglass/M_WinGlassBuildings.uasset
bulk-import-or-template-content	??	Content/Cyberpunk/Meshes/BG/SM_MERGED_BP_Building10_2.uasset
bulk-import-or-template-content	??	Content/Cyberpunk/Meshes/BG/SM_MERGED_BP_Building9.uasset
bulk-import-or-template-content	??	Content/Cyberpunk/Meshes/BG/SM_MERGED_BP_House_Shop_E10.uasset
bulk-import-or-template-content	??	Content/Cyberpunk/Meshes/BG/SM_MERGED_BP_House_Shop_E11.uasset
bulk-import-or-template-content	??	Content/Cyberpunk/Meshes/BG/SM_MERGED_BP_House_Shop_E12.uasset
bulk-import-or-template-content	??	Content/Cyberpunk/Meshes/BG/SM_MERGED_BP_House_Shop_E14.uasset
bulk-import-or-template-content	??	Content/Cyberpunk/Meshes/BG/SM_MERGED_BP_House_Shop_E15.uasset
bulk-import-or-template-content	??	Content/Cyberpunk/Meshes/BG/SM_MERGED_BP_House_Shop_E3.uasset
bulk-import-or-template-content	??	Content/Cyberpunk/Meshes/BG/SM_MERGED_BP_Shop_A20.uasset
bulk-import-or-template-content	??	Content/Cyberpunk/Meshes/BG/SM_MERGED_BP_Shop_A21.uasset
bulk-import-or-template-content	??	Content/Cyberpunk/Meshes/BG/SM_MERGED_BP_Shop_A22.uasset
bulk-import-or-template-content	??	Content/Cyberpunk/Meshes/BG/SM_MERGED_BP_Shop_A26.uasset
bulk-import-or-template-content	??	Content/Cyberpunk/Meshes/BG/SM_MERGED_BP_Shop_A29.uasset
bulk-import-or-template-content	??	Content/Cyberpunk/Meshes/BG/SM_MERGED_BP_Shop_A3.uasset
bulk-import-or-template-content	??	Content/Cyberpunk/Meshes/BG/SM_MERGED_BP_Shop_A31_5.uasset
bulk-import-or-template-content	??	Content/Cyberpunk/Meshes/BG/SM_MERGED_BP_Shop_B10.uasset
bulk-import-or-template-content	??	Content/Cyberpunk/Meshes/BG/SM_MERGED_BP_Shop_B11.uasset
bulk-import-or-template-content	??	Content/Cyberpunk/Meshes/BG/SM_MERGED_BP_Shop_B12.uasset
bulk-import-or-template-content	??	Content/Cyberpunk/Meshes/BG/SM_MERGED_BP_Shop_B13.uasset
bulk-import-or-template-content	??	Content/Cyberpunk/Meshes/BG/SM_MERGED_BP_Shop_B14.uasset
bulk-import-or-template-content	??	Content/Cyberpunk/Meshes/BG/SM_MERGED_BP_Shop_B15.uasset
bulk-import-or-template-content	??	Content/Cyberpunk/Meshes/BG/SM_MERGED_BP_Shop_B16.uasset
bulk-import-or-template-content	??	Content/Cyberpunk/Meshes/BG/SM_MERGED_BP_Shop_B18.uasset
bulk-import-or-template-content	??	Content/Cyberpunk/Meshes/BG/SM_MERGED_BP_Shop_B20.uasset
bulk-import-or-template-content	??	Content/Cyberpunk/Meshes/BG/SM_MERGED_BP_Shop_B21.uasset
bulk-import-or-template-content	??	Content/Cyberpunk/Meshes/BG/SM_MERGED_BP_Shop_B23.uasset
bulk-import-or-template-content	??	Content/Cyberpunk/Meshes/BG/SM_MERGED_BP_Shop_B24.uasset
bulk-import-or-template-content	??	Content/Cyberpunk/Meshes/BG/SM_MERGED_BP_Shop_B6.uasset
bulk-import-or-template-content	??	Content/Cyberpunk/Meshes/BG/SM_MERGED_BP_Shop_B7.uasset
bulk-import-or-template-content	??	Content/Cyberpunk/Meshes/BG/SM_MERGED_BP_Stairs_A8.uasset
bulk-import-or-template-content	??	Content/Cyberpunk/Meshes/BG/SM_MERGED_MVK_CloneLineTool4.uasset
bulk-import-or-template-content	??	Content/Cyberpunk/Meshes/BG/SM_MERGED_SM_MERGED_BP_Shop_B17_Fix.uasset
bulk-import-or-template-content	??	Content/Cyberpunk/Meshes/HoudiniEngine/Cables_Bake/SM_MERGED_CableTool_5.uasset
bulk-import-or-template-content	??	Content/Cyberpunk/Meshes/HoudiniEngine/Cables_Bake/SM_MERGED_CableTool10.uasset
bulk-import-or-template-content	??	Content/Cyberpunk/Meshes/HoudiniEngine/Cables_Bake/SM_MERGED_CableTool11_23.uasset
bulk-import-or-template-content	??	Content/Cyberpunk/Meshes/HoudiniEngine/Cables_Bake/SM_MERGED_CableTool12_28.uasset
bulk-import-or-template-content	??	Content/Cyberpunk/Meshes/HoudiniEngine/Cables_Bake/SM_MERGED_CableTool17.uasset
bulk-import-or-template-content	??	Content/Cyberpunk/Meshes/HoudiniEngine/Cables_Bake/SM_MERGED_CableTool19.uasset
bulk-import-or-template-content	??	Content/Cyberpunk/Meshes/HoudiniEngine/Cables_Bake/SM_MERGED_CableTool22.uasset
bulk-import-or-template-content	??	Content/Cyberpunk/Meshes/HoudiniEngine/Cables_Bake/SM_MERGED_CableTool28.uasset
bulk-import-or-template-content	??	Content/Cyberpunk/Meshes/HoudiniEngine/Cables_Bake/SM_MERGED_CableTool3.uasset
bulk-import-or-template-content	??	Content/Cyberpunk/Meshes/HoudiniEngine/Cables_Bake/SM_MERGED_CableTool34.uasset
bulk-import-or-template-content	??	Content/Cyberpunk/Meshes/HoudiniEngine/Cables_Bake/SM_MERGED_CableTool36.uasset
bulk-import-or-template-content	??	Content/Cyberpunk/Meshes/HoudiniEngine/Cables_Bake/SM_MERGED_CableTool40_82.uasset
bulk-import-or-template-content	??	Content/Cyberpunk/Meshes/HoudiniEngine/Cables_Bake/SM_MERGED_CableTool41_85.uasset
bulk-import-or-template-content	??	Content/Cyberpunk/Meshes/HoudiniEngine/Cables_Bake/SM_MERGED_CableTool46.uasset
bulk-import-or-template-content	??	Content/Cyberpunk/Meshes/HoudiniEngine/Cables_Bake/SM_MERGED_CableTool47.uasset
bulk-import-or-template-content	??	Content/Cyberpunk/Meshes/HoudiniEngine/Cables_Bake/SM_MERGED_CableTool48.uasset
bulk-import-or-template-content	??	Content/Cyberpunk/Meshes/HoudiniEngine/Cables_Bake/SM_MERGED_CableTool5_13.uasset
bulk-import-or-template-content	??	Content/Cyberpunk/Meshes/Props/BillBoard/SM_Billboard_Front_Long.uasset
bulk-import-or-template-content	??	Content/Cyberpunk/Meshes/Props/BillBoard/SM_Billboard_SIde_Long_01.uasset
bulk-import-or-template-content	??	Content/Cyberpunk/Meshes/Props/BillBoard/SM_Billboard_SIde_Long_02.uasset
bulk-import-or-template-content	??	Content/Cyberpunk/Meshes/Props/BillBoard/SM_Billboard_SIde_Long_03.uasset
bulk-import-or-template-content	??	Content/Cyberpunk/Meshes/Props/BillBoard/SM_Billboard_SIde_Square.uasset
bulk-import-or-template-content	??	Content/Cyberpunk/Meshes/Props/Bottle/SM_Bottle_03_rotate.uasset
bulk-import-or-template-content	??	Content/Cyberpunk/Meshes/Props/Bottle/SM_Bottle_03.uasset
bulk-import-or-template-content	??	Content/Cyberpunk/Meshes/Props/Bottle/SM_Bottle_Beer_02.uasset
bulk-import-or-template-content	??	Content/Cyberpunk/Meshes/Props/Bottle/SM_Bottle_Beer_03.uasset
bulk-import-or-template-content	??	Content/Cyberpunk/Meshes/Props/Bottle/SM_Bottle_Beer_04.uasset
bulk-import-or-template-content	??	Content/Cyberpunk/Meshes/Props/Bottle/SM_Bottle_Beer.uasset
bulk-import-or-template-content	??	Content/Cyberpunk/Meshes/Props/Bottle/SM_Bottle_cap_01.uasset
bulk-import-or-template-content	??	Content/Cyberpunk/Meshes/Props/Bottle/SM_Bottle_cap_02.uasset
bulk-import-or-template-content	??	Content/Cyberpunk/Meshes/Props/Bottle/SM_Bottle_Cluster_01.uasset
bulk-import-or-template-content	??	Content/Cyberpunk/Meshes/Props/Bottle/SM_Bottle_Cluster_02.uasset
bulk-import-or-template-content	??	Content/Cyberpunk/Meshes/Props/Bottle/SM_Bottle_Cluster_03.uasset
bulk-import-or-template-content	??	Content/Cyberpunk/Meshes/Props/Bottle/SM_Bottle_Whisky_01.uasset
bulk-import-or-template-content	??	Content/Cyberpunk/Meshes/Props/Cloth/SM_Cloth_A.uasset
bulk-import-or-template-content	??	Content/Cyberpunk/Meshes/Props/Cloth/SM_Cloth_B.uasset
bulk-import-or-template-content	??	Content/Cyberpunk/Meshes/Props/Cloth/SM_Cloth_C.uasset
bulk-import-or-template-content	??	Content/Cyberpunk/Meshes/Props/Cloth/SM_Cloth_D.uasset
bulk-import-or-template-content	??	Content/Cyberpunk/Meshes/Props/Cloth/SM_Cloth_E.uasset
bulk-import-or-template-content	??	Content/Cyberpunk/Meshes/Props/CoffeCup/SM_Coffe_Cuo_cluster_01.uasset
bulk-import-or-template-content	??	Content/Cyberpunk/Meshes/Props/CoffeCup/SM_Coffe_Cuo_cluster_02.uasset
bulk-import-or-template-content	??	Content/Cyberpunk/Meshes/Props/CoffeCup/SM_Coffe_Cuo_cluster_03.uasset
bulk-import-or-template-content	??	Content/Cyberpunk/Meshes/Props/CoffeCup/SM_Coffe_cup_05.uasset
bulk-import-or-template-content	??	Content/Cyberpunk/Meshes/Props/CoffeCup/SM_Coffe_cup_09.uasset
bulk-import-or-template-content	??	Content/Cyberpunk/Meshes/Props/CoffeCup/SM_popcorn_cup_01.uasset
bulk-import-or-template-content	??	Content/Cyberpunk/Meshes/Props/CoffeCup/SM_popcorn_cup_02.uasset
bulk-import-or-template-content	??	Content/Cyberpunk/Meshes/Props/CoffeCup/SM_popcorn_cup_03.uasset
bulk-import-or-template-content	??	Content/Cyberpunk/Meshes/Props/Door/SM_Door_A.uasset
bulk-import-or-template-content	??	Content/Cyberpunk/Meshes/Props/Door/SM_Door_B.uasset
bulk-import-or-template-content	??	Content/Cyberpunk/Meshes/Props/Lamp/SM_GodRay_Plane.uasset
bulk-import-or-template-content	??	Content/Cyberpunk/Meshes/Props/Lamp/SM_Lamp_light.uasset
bulk-import-or-template-content	??	Content/Cyberpunk/Meshes/Props/Paper/SM_Paper_Box_01.uasset
bulk-import-or-template-content	??	Content/Cyberpunk/Meshes/Props/Paper/SM_Paper_Box_02.uasset
bulk-import-or-template-content	??	Content/Cyberpunk/Meshes/Props/Paper/SM_Paper_Box_05.uasset
bulk-import-or-template-content	??	Content/Cyberpunk/Meshes/Props/Paper/SM_Paper_box_Flat_01.uasset
bulk-import-or-template-content	??	Content/Cyberpunk/Meshes/Props/Paper/SM_Paper_box_Flat_02.uasset
bulk-import-or-template-content	??	Content/Cyberpunk/Meshes/Props/Paper/SM_Paper_box_Flat_03.uasset
bulk-import-or-template-content	??	Content/Cyberpunk/Meshes/Props/Paper/SM_Paper_box_Flat_04.uasset
bulk-import-or-template-content	??	Content/Cyberpunk/Meshes/Props/Paper/SM_Paper_CLuster_01.uasset
bulk-import-or-template-content	??	Content/Cyberpunk/Meshes/Props/Paper/SM_Paper_CLuster_02.uasset
bulk-import-or-template-content	??	Content/Cyberpunk/Meshes/Props/Paper/SM_Paper_CLuster_03.uasset
bulk-import-or-template-content	??	Content/Cyberpunk/Meshes/Props/Paper/SM_Paper_CLuster_04.uasset
bulk-import-or-template-content	??	Content/Cyberpunk/Meshes/Props/Paper/SM_Paper_List_01.uasset
bulk-import-or-template-content	??	Content/Cyberpunk/Meshes/Props/Paper/SM_Paper_List_16.uasset
bulk-import-or-template-content	??	Content/Cyberpunk/Meshes/Props/Pipe/SM_Cablesample.uasset
bulk-import-or-template-content	??	Content/Cyberpunk/Meshes/Props/Pipe/SM_Pipe_Cable_Hole_A.uasset
bulk-import-or-template-content	??	Content/Cyberpunk/Meshes/Props/Pipe/SM_Pipe_Wall_Side_A.uasset
bulk-import-or-template-content	??	Content/Cyberpunk/Meshes/Props/SM_Boat_A.uasset
bulk-import-or-template-content	??	Content/Cyberpunk/Meshes/Props/SM_Boat_B.uasset
bulk-import-or-template-content	??	Content/Cyberpunk/Meshes/Props/SM_China_Lantern.uasset
bulk-import-or-template-content	??	Content/Cyberpunk/Meshes/Props/SM_Coffe.uasset
bulk-import-or-template-content	??	Content/Cyberpunk/Meshes/Props/SM_Cond_A.uasset
bulk-import-or-template-content	??	Content/Cyberpunk/Meshes/Props/SM_Cond_B.uasset
bulk-import-or-template-content	??	Content/Cyberpunk/Meshes/Props/SM_Lamp_A.uasset
bulk-import-or-template-content	??	Content/Cyberpunk/Meshes/Props/SM_Lamp_Low.uasset
bulk-import-or-template-content	??	Content/Cyberpunk/Meshes/Props/SM_Lamp_Street.uasset
bulk-import-or-template-content	??	Content/Cyberpunk/Meshes/Props/SM_MERGED_Boat_B_2.uasset
bulk-import-or-template-content	??	Content/Cyberpunk/Meshes/Props/Train/SM_Train_A_Base.uasset
bulk-import-or-template-content	??	Content/Cyberpunk/Meshes/Props/Train/SM_Train_A_Power.uasset
bulk-import-or-template-content	??	Content/Cyberpunk/Meshes/Props/Train/SM_Train_B_Base.uasset
bulk-import-or-template-content	??	Content/Cyberpunk/Meshes/Props/Train/SM_Train_B_Power.uasset
bulk-import-or-template-content	??	Content/Cyberpunk/Meshes/Props/Trash/SM_Dumpster.uasset
bulk-import-or-template-content	??	Content/Cyberpunk/Meshes/Props/Trash/SM_DumpsterCap.uasset
bulk-import-or-template-content	??	Content/Cyberpunk/Meshes/Props/Trash/SM_Pallet.uasset
bulk-import-or-template-content	??	Content/Cyberpunk/Meshes/Props/Trash/SM_Trash_01.uasset
bulk-import-or-template-content	??	Content/Cyberpunk/Meshes/Props/Trash/SM_Trash_02.uasset
bulk-import-or-template-content	??	Content/Cyberpunk/Meshes/Props/Trash/SM_Trashbag_01.uasset
bulk-import-or-template-content	??	Content/Cyberpunk/Meshes/Props/Trash/SM_Trashbag_02.uasset
bulk-import-or-template-content	??	Content/Cyberpunk/Meshes/Props/Trash/SM_Trashbag_03.uasset
bulk-import-or-template-content	??	Content/Cyberpunk/Meshes/Props/Trash/SM_TrashCan_Cap.uasset
bulk-import-or-template-content	??	Content/Cyberpunk/Meshes/Props/Trash/SM_TrashCan.uasset
bulk-import-or-template-content	??	Content/Cyberpunk/Meshes/Props/Vent/SM_MERGED_Vent_Square_01.uasset
bulk-import-or-template-content	??	Content/Cyberpunk/Meshes/Props/Vent/SM_Vent_Round_A.uasset
bulk-import-or-template-content	??	Content/Cyberpunk/Meshes/Props/Vent/SM_Vent_Round_B.uasset
bulk-import-or-template-content	??	Content/Cyberpunk/Meshes/Props/Vent/SM_Vent_Round_C.uasset
bulk-import-or-template-content	??	Content/Cyberpunk/Meshes/Props/Vent/SM_Vent_Round_D.uasset
bulk-import-or-template-content	??	Content/Cyberpunk/Meshes/Props/Vent/SM_Vent_Round_E.uasset
bulk-import-or-template-content	??	Content/Cyberpunk/Meshes/Props/Vent/SM_Vent_Round_F.uasset
bulk-import-or-template-content	??	Content/Cyberpunk/Meshes/Props/Vent/SM_Vent_Square_A.uasset
bulk-import-or-template-content	??	Content/Cyberpunk/Meshes/Props/Vent/SM_Vent_Square_C.uasset
bulk-import-or-template-content	??	Content/Cyberpunk/Meshes/Props/Vent/SM_Vent_Square_D.uasset
bulk-import-or-template-content	??	Content/Cyberpunk/Meshes/Structures/Balcon_Stairs/SM_Rack_Walkway_Beam_A.uasset
bulk-import-or-template-content	??	Content/Cyberpunk/Meshes/Structures/Balcon_Stairs/SM_Rack_Walkway_Border_130.uasset
bulk-import-or-template-content	??	Content/Cyberpunk/Meshes/Structures/Balcon_Stairs/SM_Rack_Walkway_Border_200.uasset
bulk-import-or-template-content	??	Content/Cyberpunk/Meshes/Structures/Balcon_Stairs/SM_Rack_Walkway_Bridge_Mid.uasset
bulk-import-or-template-content	??	Content/Cyberpunk/Meshes/Structures/Balcon_Stairs/SM_Rack_Walkway_Bridge_Side.uasset
bulk-import-or-template-content	??	Content/Cyberpunk/Meshes/Structures/Balcon_Stairs/SM_Rack_Walkway_Corner_Long.uasset
bulk-import-or-template-content	??	Content/Cyberpunk/Meshes/Structures/Balcon_Stairs/SM_Rack_Walkway_Corner_Short.uasset
bulk-import-or-template-content	??	Content/Cyberpunk/Meshes/Structures/Balcon_Stairs/SM_Rack_Walkway_rails_a.uasset
bulk-import-or-template-content	??	Content/Cyberpunk/Meshes/Structures/Balcon_Stairs/SM_Rack_Walkway_Stairs.uasset
bulk-import-or-template-content	??	Content/Cyberpunk/Meshes/Structures/Balcon_Stairs/SM_Rack_Walkway_Tower.uasset
bulk-import-or-template-content	??	Content/Cyberpunk/Meshes/Structures/Balcon_Stairs/SM_Rack_Walkway_Up.uasset
bulk-import-or-template-content	??	Content/Cyberpunk/Meshes/Structures/Balcon_Stairs/SM_Rack_Walkway.uasset
bulk-import-or-template-content	??	Content/Cyberpunk/Meshes/Structures/Balcon/SM_Balcon_Concrete_Plate_Long.uasset
bulk-import-or-template-content	??	Content/Cyberpunk/Meshes/Structures/Balcon/SM_Balcon_Concrete_Plate_Side.uasset
bulk-import-or-template-content	??	Content/Cyberpunk/Meshes/Structures/Balcon/SM_Balcon_Sup.uasset
bulk-import-or-template-content	??	Content/Cyberpunk/Meshes/Structures/Balcon/SM_Balcon_Wood_Handrail_Corner.uasset
bulk-import-or-template-content	??	Content/Cyberpunk/Meshes/Structures/Balcon/SM_Balcon_Wood_Handrail.uasset
bulk-import-or-template-content	??	Content/Cyberpunk/Meshes/Structures/Balcon/SM_Balkon_Grid_01.uasset
bulk-import-or-template-content	??	Content/Cyberpunk/Meshes/Structures/Balcon/SM_Balkon_Grid_02.uasset
bulk-import-or-template-content	??	Content/Cyberpunk/Meshes/Structures/Balcon/SM_Balkon_Grid_03.uasset
bulk-import-or-template-content	??	Content/Cyberpunk/Meshes/Structures/Balcon/SM_Balkon_Grid_04.uasset
bulk-import-or-template-content	??	Content/Cyberpunk/Meshes/Structures/Balcon/SM_Balkon_Grid_05.uasset
bulk-import-or-template-content	??	Content/Cyberpunk/Meshes/Structures/Balcon/SM_Balkon_Grid_Bumper.uasset
bulk-import-or-template-content	??	Content/Cyberpunk/Meshes/Structures/Beams/SM_Beam_Border_Corner.uasset
bulk-import-or-template-content	??	Content/Cyberpunk/Meshes/Structures/Beams/SM_Beam_Border_Long.uasset
bulk-import-or-template-content	??	Content/Cyberpunk/Meshes/Structures/Beams/SM_Beam_Concrete_01.uasset
bulk-import-or-template-content	??	Content/Cyberpunk/Meshes/Structures/Beams/SM_Beam_Concrete_02.uasset
bulk-import-or-template-content	??	Content/Cyberpunk/Meshes/Structures/Beams/SM_Beam_Wood_01.uasset
bulk-import-or-template-content	??	Content/Cyberpunk/Meshes/Structures/Beams/SM_Beam_Wood_02.uasset
bulk-import-or-template-content	??	Content/Cyberpunk/Meshes/Structures/Beams/SM_Beam_Wood_03.uasset
bulk-import-or-template-content	??	Content/Cyberpunk/Meshes/Structures/Beams/SM_Beam_Wood_04.uasset
bulk-import-or-template-content	??	Content/Cyberpunk/Meshes/Structures/Beams/SM_Beam_Wood_06.uasset
bulk-import-or-template-content	??	Content/Cyberpunk/Meshes/Structures/Blocks/SM_Bloc_Corner_01.uasset
bulk-import-or-template-content	??	Content/Cyberpunk/Meshes/Structures/Blocks/SM_Bloc_Corner_02.uasset
bulk-import-or-template-content	??	Content/Cyberpunk/Meshes/Structures/Blocks/SM_Block_01.uasset
bulk-import-or-template-content	??	Content/Cyberpunk/Meshes/Structures/Blocks/SM_Block_02.uasset
bulk-import-or-template-content	??	Content/Cyberpunk/Meshes/Structures/Blocks/SM_Block_Rest_01.uasset
bulk-import-or-template-content	??	Content/Cyberpunk/Meshes/Structures/Blocks/SM_Block_Rest_02.uasset
bulk-import-or-template-content	??	Content/Cyberpunk/Meshes/Structures/Blocks/SM_Block_Rest_03.uasset
bulk-import-or-template-content	??	Content/Cyberpunk/Meshes/Structures/Bridge/SM_Bridge_A.uasset
bulk-import-or-template-content	??	Content/Cyberpunk/Meshes/Structures/Bridge/SM_Bridge_Bill_Holo.uasset
bulk-import-or-template-content	??	Content/Cyberpunk/Meshes/Structures/Bridge/SM_Bridge_End.uasset
bulk-import-or-template-content	??	Content/Cyberpunk/Meshes/Structures/Bridge/SM_Bridge_SUp.uasset
bulk-import-or-template-content	??	Content/Cyberpunk/Meshes/Structures/Bridge/SM_Bridge_Win.uasset
bulk-import-or-template-content	??	Content/Cyberpunk/Meshes/Structures/Bridge/SM_Bridge-Sup_01.uasset
bulk-import-or-template-content	??	Content/Cyberpunk/Meshes/Structures/Bridge/SM_Bridge-Sup_02.uasset
bulk-import-or-template-content	??	Content/Cyberpunk/Meshes/Structures/Bridge/SM_Bridge-Sup_03.uasset
bulk-import-or-template-content	??	Content/Cyberpunk/Meshes/Structures/Bridge/SM_Magnet_A.uasset
bulk-import-or-template-content	??	Content/Cyberpunk/Meshes/Structures/Bridge/SM_Magnet_B.uasset
bulk-import-or-template-content	??	Content/Cyberpunk/Meshes/Structures/Bridge/SM_Magnet_C.uasset
bulk-import-or-template-content	??	Content/Cyberpunk/Meshes/Structures/Building/SM_Building_Ceiling_A.uasset
bulk-import-or-template-content	??	Content/Cyberpunk/Meshes/Structures/Building/SM_Building_Column_A.uasset
bulk-import-or-template-content	??	Content/Cyberpunk/Meshes/Structures/Building/SM_Building_Column_C.uasset
bulk-import-or-template-content	??	Content/Cyberpunk/Meshes/Structures/Building/SM_Building_Floor_A.uasset
bulk-import-or-template-content	??	Content/Cyberpunk/Meshes/Structures/Building/SM_Building_Roof_A.uasset
bulk-import-or-template-content	??	Content/Cyberpunk/Meshes/Structures/Building/SM_Building_Sup_A.uasset
bulk-import-or-template-content	??	Content/Cyberpunk/Meshes/Structures/Building/SM_Building_Sup_B.uasset
bulk-import-or-template-content	??	Content/Cyberpunk/Meshes/Structures/Building/SM_Building_Sup_C.uasset
bulk-import-or-template-content	??	Content/Cyberpunk/Meshes/Structures/Building/SM_Building_Sup_D.uasset
bulk-import-or-template-content	??	Content/Cyberpunk/Meshes/Structures/Building/SM_Building_Sup_E.uasset
bulk-import-or-template-content	??	Content/Cyberpunk/Meshes/Structures/Building/SM_Building_Wall_A_Shell.uasset
bulk-import-or-template-content	??	Content/Cyberpunk/Meshes/Structures/Building/SM_Building_Wall_A.uasset
bulk-import-or-template-content	??	Content/Cyberpunk/Meshes/Structures/Building/SM_Building_Wall_B.uasset
bulk-import-or-template-content	??	Content/Cyberpunk/Meshes/Structures/Building/SM_Building_Wall_C.uasset
bulk-import-or-template-content	??	Content/Cyberpunk/Meshes/Structures/Building/SM_Building_Wall_D.uasset
bulk-import-or-template-content	??	Content/Cyberpunk/Meshes/Structures/Building/SM_Building_Wall_G.uasset
bulk-import-or-template-content	??	Content/Cyberpunk/Meshes/Structures/Building/SM_Window_C_V01.uasset
bulk-import-or-template-content	??	Content/Cyberpunk/Meshes/Structures/Building/SM_Window_C_V02.uasset
bulk-import-or-template-content	??	Content/Cyberpunk/Meshes/Structures/Pier/Old/SM_pier_island.uasset
bulk-import-or-template-content	??	Content/Cyberpunk/Meshes/Structures/Pier/Old/SM_Pier_plate_Corner.uasset
bulk-import-or-template-content	??	Content/Cyberpunk/Meshes/Structures/Pier/Old/SM_Pier_plate_v02.uasset
bulk-import-or-template-content	??	Content/Cyberpunk/Meshes/Structures/Plate/Plate_02_4x4.uasset
bulk-import-or-template-content	??	Content/Cyberpunk/Meshes/Structures/Plate/Plate_03_4x4.uasset
bulk-import-or-template-content	??	Content/Cyberpunk/Meshes/Structures/Plate/Plate_04_4x4_C0B90CC8.uasset
bulk-import-or-template-content	??	Content/Cyberpunk/Meshes/Structures/Plate/Plate_04_4x4.uasset
bulk-import-or-template-content	??	Content/Cyberpunk/Meshes/Structures/Plate/Plate_Corner_02.uasset
bulk-import-or-template-content	??	Content/Cyberpunk/Meshes/Structures/Plate/SM_Border_House_1200.uasset
bulk-import-or-template-content	??	Content/Cyberpunk/Meshes/Structures/Plate/SM_Border_House_600.uasset
bulk-import-or-template-content	??	Content/Cyberpunk/Meshes/Structures/Plate/SM_Plate_01_4x4_566C9405.uasset
bulk-import-or-template-content	??	Content/Cyberpunk/Meshes/Structures/Plate/SM_Plate_01_4x4.uasset
bulk-import-or-template-content	??	Content/Cyberpunk/Meshes/Structures/Plate/SM_Plate_01.uasset
bulk-import-or-template-content	??	Content/Cyberpunk/Meshes/Structures/Plate/SM_Plate_02.uasset
bulk-import-or-template-content	??	Content/Cyberpunk/Meshes/Structures/Plate/SM_Plate_03.uasset
bulk-import-or-template-content	??	Content/Cyberpunk/Meshes/Structures/Plate/SM_Plate_04.uasset
bulk-import-or-template-content	??	Content/Cyberpunk/Meshes/Structures/Plate/SM_Plate_05.uasset
bulk-import-or-template-content	??	Content/Cyberpunk/Meshes/Structures/Plate/SM_Plate_06.uasset
bulk-import-or-template-content	??	Content/Cyberpunk/Meshes/Structures/Plate/SM_Plate_Corner_01.uasset
bulk-import-or-template-content	??	Content/Cyberpunk/Meshes/Structures/Plate/SM_Plate_Corner_03.uasset
bulk-import-or-template-content	??	Content/Cyberpunk/Meshes/Structures/Plate/SM_Plate_Porog.uasset
bulk-import-or-template-content	??	Content/Cyberpunk/Meshes/Structures/Plate/SM_Plate_Wall_300.uasset
bulk-import-or-template-content	??	Content/Cyberpunk/Meshes/Structures/Plate/SM_Plate_Wall_4x4.uasset
bulk-import-or-template-content	??	Content/Cyberpunk/Meshes/Structures/Plate/SM_Plate_Wall_500.uasset
bulk-import-or-template-content	??	Content/Cyberpunk/Meshes/Structures/Plate/SM_Plate_Wall_600.uasset
bulk-import-or-template-content	??	Content/Cyberpunk/Meshes/Structures/Roof/SM_Roof_300.uasset
bulk-import-or-template-content	??	Content/Cyberpunk/Meshes/Structures/Roof/SM_Roof_600.uasset
bulk-import-or-template-content	??	Content/Cyberpunk/Meshes/Structures/Roof/SM_Roof_Corner_Out.uasset
bulk-import-or-template-content	??	Content/Cyberpunk/Meshes/Structures/Roof/SM_Roof_Long.uasset
bulk-import-or-template-content	??	Content/Cyberpunk/Meshes/Structures/Roof/SM_Roof_Metal_300.uasset
bulk-import-or-template-content	??	Content/Cyberpunk/Meshes/Structures/Roof/SM_Roof_Short.uasset
bulk-import-or-template-content	??	Content/Cyberpunk/Meshes/Structures/Roof/SM_Roof_Small_Corner.uasset
bulk-import-or-template-content	??	Content/Cyberpunk/Meshes/Structures/Roof/SM_Roof_Small_Flat.uasset
bulk-import-or-template-content	??	Content/Cyberpunk/Meshes/Structures/Roof/SM_Roof_Square_B.uasset
bulk-import-or-template-content	??	Content/Cyberpunk/Meshes/Structures/Roof/SM_Roof_Square_Cap.uasset
bulk-import-or-template-content	??	Content/Cyberpunk/Meshes/Structures/Roof/SM_Roof_Square.uasset
bulk-import-or-template-content	??	Content/Cyberpunk/Meshes/Structures/Roof/SM_Roof_Wall_300.uasset
bulk-import-or-template-content	??	Content/Cyberpunk/Meshes/Structures/Roof/SM_Roof_Wall_600.uasset
bulk-import-or-template-content	??	Content/Cyberpunk/Meshes/Structures/Roof/SM_Roof_Wall_End.uasset
bulk-import-or-template-content	??	Content/Cyberpunk/Meshes/Structures/Roof/SM_Roof_Wall_rear_Short.uasset
bulk-import-or-template-content	??	Content/Cyberpunk/Meshes/Structures/Roof/SM_Roof_Wall_rear.uasset
bulk-import-or-template-content	??	Content/Cyberpunk/Meshes/Structures/Roof/SM_Roof_Win_Metal_500.uasset
bulk-import-or-template-content	??	Content/Cyberpunk/Meshes/Structures/Roof/SM_Roof_Win_Metal.uasset
bulk-import-or-template-content	??	Content/Cyberpunk/Meshes/Structures/Roof/SM_Shop_A_Roof_Wall_Side.uasset
bulk-import-or-template-content	??	Content/Cyberpunk/Meshes/Structures/Stairs/SM_Stairs_Plate.uasset
bulk-import-or-template-content	??	Content/Cyberpunk/Meshes/Structures/Stairs/SM_Stairs-Short.uasset
bulk-import-or-template-content	??	Content/Cyberpunk/Meshes/Structures/Walls/SM_House_Shop_A_Front.uasset
bulk-import-or-template-content	??	Content/Cyberpunk/Meshes/Structures/Walls/SM_House_Shop_A_Rear.uasset
bulk-import-or-template-content	??	Content/Cyberpunk/Meshes/Structures/Walls/SM_House_Shop_A_Side.uasset
bulk-import-or-template-content	??	Content/Cyberpunk/Meshes/Structures/Walls/SM_House_Shop_B_Front.uasset
bulk-import-or-template-content	??	Content/Cyberpunk/Meshes/Structures/Walls/SM_House_Shop_B_Rear.uasset
bulk-import-or-template-content	??	Content/Cyberpunk/Meshes/Structures/Walls/SM_House_Shop_B_Side.uasset
bulk-import-or-template-content	??	Content/Cyberpunk/Meshes/Structures/Walls/SM_House_Shop_C_Front.uasset
bulk-import-or-template-content	??	Content/Cyberpunk/Meshes/Structures/Walls/SM_House_Shop_E_Corner.uasset
bulk-import-or-template-content	??	Content/Cyberpunk/Meshes/Structures/Walls/SM_House_Shop_E_Front.uasset
bulk-import-or-template-content	??	Content/Cyberpunk/Meshes/Structures/Walls/SM_House_Shop_F_Front.uasset
bulk-import-or-template-content	??	Content/Cyberpunk/Meshes/Structures/Walls/SM_House_Shop_G_Front.uasset
bulk-import-or-template-content	??	Content/Cyberpunk/Meshes/Structures/Walls/SM_House_Shop_H_Front.uasset
bulk-import-or-template-content	??	Content/Cyberpunk/Meshes/Structures/Walls/SM_House_Shop_J_Front.uasset
bulk-import-or-template-content	??	Content/Cyberpunk/Meshes/Structures/Walls/SM_House_Shop_K_Front.uasset
bulk-import-or-template-content	??	Content/Cyberpunk/Meshes/Structures/Walls/SM_Shop_A_Front.uasset
bulk-import-or-template-content	??	Content/Cyberpunk/Meshes/Structures/Walls/SM_Shop_A_Rear.uasset
bulk-import-or-template-content	??	Content/Cyberpunk/Meshes/Structures/Walls/SM_Shop_A_Side.uasset
bulk-import-or-template-content	??	Content/Cyberpunk/Meshes/Structures/Walls/SM_Shop_B_Corner_Ceiling.uasset
bulk-import-or-template-content	??	Content/Cyberpunk/Meshes/Structures/Walls/SM_Shop_B_Corner.uasset
bulk-import-or-template-content	??	Content/Cyberpunk/Meshes/Structures/Walls/SM_Shop_B_Front.uasset
bulk-import-or-template-content	??	Content/Cyberpunk/Meshes/Structures/Walls/SM_Shop_B_Rear.uasset
bulk-import-or-template-content	??	Content/Cyberpunk/Meshes/Structures/Walls/SM_Shop_B_Side_Short.uasset
bulk-import-or-template-content	??	Content/Cyberpunk/Meshes/Structures/Walls/SM_Shop_B_Side.uasset
bulk-import-or-template-content	??	Content/Cyberpunk/Meshes/Structures/Walls/SM_Shop_C_Front.uasset
bulk-import-or-template-content	??	Content/Cyberpunk/Meshes/Structures/Walls/SM_Shop_D_Front.uasset
bulk-import-or-template-content	??	Content/Cyberpunk/Meshes/Structures/Window/SM_Window_A_V01.uasset
bulk-import-or-template-content	??	Content/Cyberpunk/Meshes/Structures/Window/SM_Window_B_V01.uasset
bulk-import-or-template-content	??	Content/Cyberpunk/Meshes/Utility/SM_Bloking_04.uasset
bulk-import-or-template-content	??	Content/Cyberpunk/Meshes/Utility/SM_Cone.uasset
bulk-import-or-template-content	??	Content/Cyberpunk/Meshes/Utility/SM_Volumetric_01.uasset
bulk-import-or-template-content	??	Content/Cyberpunk/Meshes/Utility/SM_Volumetric_02.uasset
bulk-import-or-template-content	??	Content/Cyberpunk/Meshes/Utility/SM_Water.uasset
bulk-import-or-template-content	??	Content/Cyberpunk/Meshes/Utility/SM_wire.uasset
bulk-import-or-template-content	??	Content/Cyberpunk/Textures/Decals/manhole/T_manhole_BaseColor.uasset
bulk-import-or-template-content	??	Content/Cyberpunk/Textures/Decals/manhole/T_manhole_Mask.uasset
bulk-import-or-template-content	??	Content/Cyberpunk/Textures/Decals/manhole/T_manhole_Normal.uasset
bulk-import-or-template-content	??	Content/Cyberpunk/Textures/Decals/manhole/T_manhole_OcclusionRoughnessMetallic.uasset
bulk-import-or-template-content	??	Content/Cyberpunk/Textures/Decals/Poster/T_Posters_ARM.uasset
bulk-import-or-template-content	??	Content/Cyberpunk/Textures/Decals/Poster/T_Posters_basecolor.uasset
bulk-import-or-template-content	??	Content/Cyberpunk/Textures/Decals/Poster/T_Posters_normal.uasset
bulk-import-or-template-content	??	Content/Cyberpunk/Textures/Decals/Poster/T_Posters_v2_ARM.uasset
bulk-import-or-template-content	??	Content/Cyberpunk/Textures/Decals/Poster/T_Posters_v2_basecolor.uasset
bulk-import-or-template-content	??	Content/Cyberpunk/Textures/Decals/Poster/T_Posters_v2_normal.uasset
bulk-import-or-template-content	??	Content/Cyberpunk/Textures/Decals/T_Damage_ARM.uasset
bulk-import-or-template-content	??	Content/Cyberpunk/Textures/Decals/T_Damage_basecolor.uasset
bulk-import-or-template-content	??	Content/Cyberpunk/Textures/Decals/T_Damage_Normal.uasset
bulk-import-or-template-content	??	Content/Cyberpunk/Textures/Decals/T_Damage_opacity.uasset
bulk-import-or-template-content	??	Content/Cyberpunk/Textures/HDR/T_adams_place_bridge_2k.uasset
bulk-import-or-template-content	??	Content/Cyberpunk/Textures/HDR/T_aft_lounge_2k.uasset
bulk-import-or-template-content	??	Content/Cyberpunk/Textures/HDR/T_blinds_1k.uasset
bulk-import-or-template-content	??	Content/Cyberpunk/Textures/HDR/T_fireplace_2k.uasset
bulk-import-or-template-content	??	Content/Cyberpunk/Textures/HDR/T_hall_of_finfish_2k.uasset
bulk-import-or-template-content	??	Content/Cyberpunk/Textures/HDR/T_industrial_pipe_and_valve_01_1k.uasset
bulk-import-or-template-content	??	Content/Cyberpunk/Textures/HDR/T_moonless_golf_4k.uasset
bulk-import-or-template-content	??	Content/Cyberpunk/Textures/HDR/T_mosaic_tunnel_2k.uasset
bulk-import-or-template-content	??	Content/Cyberpunk/Textures/HDR/T_museum_of_ethnography_2k.uasset
bulk-import-or-template-content	??	Content/Cyberpunk/Textures/HDR/T_pump_house_1k.uasset
bulk-import-or-template-content	??	Content/Cyberpunk/Textures/HDR/T_satara_night_no_lamps_4k.uasset
bulk-import-or-template-content	??	Content/Cyberpunk/Textures/HDR/T_small_empty_house_2k.uasset
bulk-import-or-template-content	??	Content/Cyberpunk/Textures/IES/T_GodRay_Mask02.uasset
bulk-import-or-template-content	??	Content/Cyberpunk/Textures/IES/T_IES_1.uasset
bulk-import-or-template-content	??	Content/Cyberpunk/Textures/IES/T_IES_3.uasset
bulk-import-or-template-content	??	Content/Cyberpunk/Textures/IES/T_IES5.uasset
bulk-import-or-template-content	??	Content/Cyberpunk/Textures/LUT/ScreenDirt/T_Dirt_Mask_01.uasset
bulk-import-or-template-content	??	Content/Cyberpunk/Textures/LUT/T_LUT_02.uasset
bulk-import-or-template-content	??	Content/Cyberpunk/Textures/LUT/T_LUT_Underground_Tunne2l.uasset
bulk-import-or-template-content	??	Content/Cyberpunk/Textures/LUT/T_Suberpunk_Post_05.uasset
bulk-import-or-template-content	??	Content/Cyberpunk/Textures/Tileable/Bridge/T_Bridge_Albedo.uasset
bulk-import-or-template-content	??	Content/Cyberpunk/Textures/Tileable/Bridge/T_Bridge_ARM.uasset
bulk-import-or-template-content	??	Content/Cyberpunk/Textures/Tileable/Bridge/T_Bridge_Normal.uasset
bulk-import-or-template-content	??	Content/Cyberpunk/Textures/Tileable/Concrete_01/T_Concrete_01_Basic_AO_Rough_Metal.uasset
bulk-import-or-template-content	??	Content/Cyberpunk/Textures/Tileable/Concrete_01/T_Concrete_01_Basic_Base_Color.uasset
bulk-import-or-template-content	??	Content/Cyberpunk/Textures/Tileable/Concrete_01/T_Concrete_01_Basic_Normal.uasset
bulk-import-or-template-content	??	Content/Cyberpunk/Textures/Tileable/Concrete_01/T_Concrete_01_Dirt_AO_Rough_Metal.uasset
bulk-import-or-template-content	??	Content/Cyberpunk/Textures/Tileable/Concrete_01/T_Concrete_01_Dirt_Base_Color.uasset
bulk-import-or-template-content	??	Content/Cyberpunk/Textures/Tileable/Concrete_01/T_Concrete_01_Dirt_Normal.uasset
bulk-import-or-template-content	??	Content/Cyberpunk/Textures/Tileable/Concrete_01/T_Concrete_01_Holes_AO_Rough_Metal.uasset
bulk-import-or-template-content	??	Content/Cyberpunk/Textures/Tileable/Concrete_01/T_Concrete_01_Holes_Base_Color.uasset
bulk-import-or-template-content	??	Content/Cyberpunk/Textures/Tileable/Concrete_01/T_Concrete_01_Holes_Normal.uasset
bulk-import-or-template-content	??	Content/Cyberpunk/Textures/Tileable/Concrete/T_Cocncrete_A_ARM.uasset
bulk-import-or-template-content	??	Content/Cyberpunk/Textures/Tileable/Concrete/T_Cocncrete_A_D.uasset
bulk-import-or-template-content	??	Content/Cyberpunk/Textures/Tileable/Concrete/T_Cocncrete_A_N.uasset
bulk-import-or-template-content	??	Content/Cyberpunk/Textures/Tileable/Concrete/T_Concrete_B_ARM.uasset
bulk-import-or-template-content	??	Content/Cyberpunk/Textures/Tileable/Concrete/T_Concrete_B_D.uasset
bulk-import-or-template-content	??	Content/Cyberpunk/Textures/Tileable/Concrete/T_Concrete_B_N.uasset
bulk-import-or-template-content	??	Content/Cyberpunk/Textures/Tileable/Concrete/T_Concrete_C_ARM.uasset
bulk-import-or-template-content	??	Content/Cyberpunk/Textures/Tileable/Concrete/T_Concrete_C_D.uasset
bulk-import-or-template-content	??	Content/Cyberpunk/Textures/Tileable/Concrete/T_Concrete_C_N.uasset
bulk-import-or-template-content	??	Content/Cyberpunk/Textures/Tileable/Concrete/T_old_concrete_ARM.uasset
bulk-import-or-template-content	??	Content/Cyberpunk/Textures/Tileable/Concrete/T_old_concrete_basecolor.uasset
bulk-import-or-template-content	??	Content/Cyberpunk/Textures/Tileable/Concrete/T_old_concrete_normal.uasset
bulk-import-or-template-content	??	Content/Cyberpunk/Textures/Tileable/Fabric/T_Fabric_A_BaseColor.uasset
bulk-import-or-template-content	??	Content/Cyberpunk/Textures/Tileable/Fabric/T_Fabric_A_Mask.uasset
bulk-import-or-template-content	??	Content/Cyberpunk/Textures/Tileable/Fabric/T_Fabric_A_Normal.uasset
bulk-import-or-template-content	??	Content/Cyberpunk/Textures/Tileable/Fabric/T_Fabric_A_OcclusionRoughnessMetallic.uasset
bulk-import-or-template-content	??	Content/Cyberpunk/Textures/Tileable/Fabric/T_Fabric_B_BaseColor.uasset
bulk-import-or-template-content	??	Content/Cyberpunk/Textures/Tileable/Fabric/T_Fabric_B_Mask.uasset
bulk-import-or-template-content	??	Content/Cyberpunk/Textures/Tileable/Fabric/T_Fabric_B_Normal.uasset
bulk-import-or-template-content	??	Content/Cyberpunk/Textures/Tileable/Fabric/T_Fabric_B_OcclusionRoughnessMetallic.uasset
bulk-import-or-template-content	??	Content/Cyberpunk/Textures/Tileable/Fabric/T_Fabric_Dirty_N.uasset
bulk-import-or-template-content	??	Content/Cyberpunk/Textures/Tileable/Metals/T_IronRust_D.uasset
bulk-import-or-template-content	??	Content/Cyberpunk/Textures/Tileable/Metals/T_Metal_SandCast_N.uasset
bulk-import-or-template-content	??	Content/Cyberpunk/Textures/Tileable/Metals/T_Metal_Simple_D.uasset
bulk-import-or-template-content	??	Content/Cyberpunk/Textures/Tileable/Metals/T_MetalRoughMetal_N.uasset
bulk-import-or-template-content	??	Content/Cyberpunk/Textures/Tileable/Metals/T_MetalRust_D.uasset
bulk-import-or-template-content	??	Content/Cyberpunk/Textures/Tileable/Metals/T_MetalRust_N.uasset
bulk-import-or-template-content	??	Content/Cyberpunk/Textures/Tileable/Metals/T_OldMetal_N.uasset
bulk-import-or-template-content	??	Content/Cyberpunk/Textures/Tileable/Metals/T_PaintedMetal_D.uasset
bulk-import-or-template-content	??	Content/Cyberpunk/Textures/Tileable/Metals/T_PaintedMetal_N.uasset
bulk-import-or-template-content	??	Content/Cyberpunk/Textures/Tileable/Plaster_01/T_Plaster_01_Basic_AO_Rough_Metal.uasset
bulk-import-or-template-content	??	Content/Cyberpunk/Textures/Tileable/Plaster_01/T_Plaster_01_Basic_Base_Color.uasset
bulk-import-or-template-content	??	Content/Cyberpunk/Textures/Tileable/Plaster_01/T_Plaster_01_Basic_Normal.uasset
bulk-import-or-template-content	??	Content/Cyberpunk/Textures/Tileable/Plastic/T_PlasticHard_N.uasset
bulk-import-or-template-content	??	Content/Cyberpunk/Textures/Tileable/Plate/T_Metal_Plate_Diamond_ARM.uasset
bulk-import-or-template-content	??	Content/Cyberpunk/Textures/Tileable/Plate/T_Metal_Plate_Diamond_baseColor.uasset
bulk-import-or-template-content	??	Content/Cyberpunk/Textures/Tileable/Plate/T_Metal_Plate_Diamond_normal.uasset
bulk-import-or-template-content	??	Content/Cyberpunk/Textures/Tileable/Roof/T_MetalRoof_01_Base_Color.uasset
bulk-import-or-template-content	??	Content/Cyberpunk/Textures/Tileable/Roof/T_MetalRoof_01_Normal.uasset
bulk-import-or-template-content	??	Content/Cyberpunk/Textures/Tileable/Roof/T_MetalRoof_01_RMA.uasset
bulk-import-or-template-content	??	Content/Cyberpunk/Textures/Tileable/Roof/T_Roof_01_ARM.uasset
bulk-import-or-template-content	??	Content/Cyberpunk/Textures/Tileable/Roof/T_Roof_01_basecolor.uasset
bulk-import-or-template-content	??	Content/Cyberpunk/Textures/Tileable/Roof/T_Roof_01_normal.uasset
bulk-import-or-template-content	??	Content/Cyberpunk/Textures/Tileable/Rubber/T_Rubber_ARM.uasset
bulk-import-or-template-content	??	Content/Cyberpunk/Textures/Tileable/Rubber/T_Rubber_BaseColor.uasset
bulk-import-or-template-content	??	Content/Cyberpunk/Textures/Tileable/Rubber/T_Rubber_Normal.uasset
bulk-import-or-template-content	??	Content/Cyberpunk/Textures/Tileable/Soil/T_Dirt_01_ARM.uasset
bulk-import-or-template-content	??	Content/Cyberpunk/Textures/Tileable/Soil/T_Dirt_01_D.uasset
bulk-import-or-template-content	??	Content/Cyberpunk/Textures/Tileable/Soil/T_Dirt_01_N.uasset
bulk-import-or-template-content	??	Content/Cyberpunk/Textures/Tileable/Trim_Bridge/T_Trim_Bridge_ARM.uasset
bulk-import-or-template-content	??	Content/Cyberpunk/Textures/Tileable/Trim_Bridge/T_Trim_Bridge_BaseColor.uasset
bulk-import-or-template-content	??	Content/Cyberpunk/Textures/Tileable/Trim_Bridge/T_Trim_Bridge_Normal.uasset
bulk-import-or-template-content	??	Content/Cyberpunk/Textures/Tileable/Water/T_RainPuddleMask.uasset
bulk-import-or-template-content	??	Content/Cyberpunk/Textures/Tileable/Water/T_RainStreaming_N.uasset
bulk-import-or-template-content	??	Content/Cyberpunk/Textures/Tileable/Water/T_Soul_Water01_N.uasset
bulk-import-or-template-content	??	Content/Cyberpunk/Textures/Tileable/Winglass/T_Dirt_001.uasset
bulk-import-or-template-content	??	Content/Cyberpunk/Textures/Tileable/Winglass/T_Dirt_mask.uasset
bulk-import-or-template-content	??	Content/Cyberpunk/Textures/Tileable/Winglass/T_Grungemap_01.uasset
bulk-import-or-template-content	??	Content/Cyberpunk/Textures/Tileable/Winglass/T_Grungemap_03.uasset
bulk-import-or-template-content	??	Content/Cyberpunk/Textures/Tileable/Winglass/T_Grungemap_04.uasset
bulk-import-or-template-content	??	Content/Cyberpunk/Textures/Tileable/Winglass/T_Grungemap_05.uasset
bulk-import-or-template-content	??	Content/Cyberpunk/Textures/Tileable/Winglass/T_Win_House_Details.uasset
bulk-import-or-template-content	??	Content/Cyberpunk/Textures/Tileable/Winglass/T_Win-Decals.uasset
bulk-import-or-template-content	??	Content/Cyberpunk/Textures/Tileable/Wood/T_Wood_Painted_AO_Rough_Metal.uasset
bulk-import-or-template-content	??	Content/Cyberpunk/Textures/Tileable/Wood/T_Wood_Painted_Base_Color.uasset
bulk-import-or-template-content	??	Content/Cyberpunk/Textures/Tileable/Wood/T_Wood_Painted_Normal.uasset
bulk-import-or-template-content	??	Content/Cyberpunk/Textures/Unique/_SampleSphere/T_Sphere_DSEO.uasset
bulk-import-or-template-content	??	Content/Cyberpunk/Textures/Unique/_SampleSphere/T_Sphere_Mask_Set_01.uasset
bulk-import-or-template-content	??	Content/Cyberpunk/Textures/Unique/_SampleSphere/T_Sphere_Normal.uasset
bulk-import-or-template-content	??	Content/Cyberpunk/Textures/Unique/Billboard/T_Billboard_v2.uasset
bulk-import-or-template-content	??	Content/Cyberpunk/Textures/Unique/Billboard/T_Billboard.uasset
bulk-import-or-template-content	??	Content/Cyberpunk/Textures/Unique/Billboard/T_Hologram.uasset
bulk-import-or-template-content	??	Content/Cyberpunk/Textures/Unique/Boat/T_Boat_ARM.uasset
bulk-import-or-template-content	??	Content/Cyberpunk/Textures/Unique/Boat/T_Boat_BaseColor.uasset
bulk-import-or-template-content	??	Content/Cyberpunk/Textures/Unique/Boat/T_Boat_Normal.uasset
bulk-import-or-template-content	??	Content/Cyberpunk/Textures/Unique/Bottle/T_Bottle_0_AO_R_MT.uasset
bulk-import-or-template-content	??	Content/Cyberpunk/Textures/Unique/Bottle/T_Bottle_0_BC.uasset
bulk-import-or-template-content	??	Content/Cyberpunk/Textures/Unique/Bottle/T_Bottle_0_N.uasset
bulk-import-or-template-content	??	Content/Cyberpunk/Textures/Unique/China_Lantern/T_China_lantern_Albedo.uasset
bulk-import-or-template-content	??	Content/Cyberpunk/Textures/Unique/China_Lantern/T_China_lantern_ARM.uasset
bulk-import-or-template-content	??	Content/Cyberpunk/Textures/Unique/China_Lantern/T_China_lantern_Emissive.uasset
bulk-import-or-template-content	??	Content/Cyberpunk/Textures/Unique/China_Lantern/T_China_lantern_Normal.uasset
bulk-import-or-template-content	??	Content/Cyberpunk/Textures/Unique/Coffee/T_Coffe_Emissive.uasset
bulk-import-or-template-content	??	Content/Cyberpunk/Textures/Unique/Coffee/T_coffe.uasset
bulk-import-or-template-content	??	Content/Cyberpunk/Textures/Unique/Cond_A/T_Cond_A_ARM.uasset
bulk-import-or-template-content	??	Content/Cyberpunk/Textures/Unique/Cond_A/T_Cond_A_BaseColor.uasset
bulk-import-or-template-content	??	Content/Cyberpunk/Textures/Unique/Cond_A/T_Cond_A_Normal.uasset
bulk-import-or-template-content	??	Content/Cyberpunk/Textures/Unique/Cond_B/T_COnd_B_ARM.uasset
bulk-import-or-template-content	??	Content/Cyberpunk/Textures/Unique/Cond_B/T_COnd_B_BaseColor.uasset
bulk-import-or-template-content	??	Content/Cyberpunk/Textures/Unique/Cond_B/T_COnd_B_Normal.uasset
bulk-import-or-template-content	??	Content/Cyberpunk/Textures/Unique/Door/T_WoodenDoor_ARM.uasset
bulk-import-or-template-content	??	Content/Cyberpunk/Textures/Unique/Door/T_WoodenDoor_baseColor.uasset
bulk-import-or-template-content	??	Content/Cyberpunk/Textures/Unique/Door/T_WoodenDoor_normal.uasset
bulk-import-or-template-content	??	Content/Cyberpunk/Textures/Unique/Dumpster/T_Dumpster_ARM.uasset
bulk-import-or-template-content	??	Content/Cyberpunk/Textures/Unique/Dumpster/T_Dumpster_BaseColor.uasset
bulk-import-or-template-content	??	Content/Cyberpunk/Textures/Unique/Dumpster/T_Dumpster_Normal.uasset
bulk-import-or-template-content	??	Content/Cyberpunk/Textures/Unique/Lamp_Low/T_Lamp_Low_ARM.uasset
bulk-import-or-template-content	??	Content/Cyberpunk/Textures/Unique/Lamp_Low/T_Lamp_Low_BaseColor.uasset
bulk-import-or-template-content	??	Content/Cyberpunk/Textures/Unique/Lamp_Low/T_Lamp_Low_Emissive.uasset
bulk-import-or-template-content	??	Content/Cyberpunk/Textures/Unique/Lamp_Low/T_Lamp_Low_Normal.uasset
bulk-import-or-template-content	??	Content/Cyberpunk/Textures/Unique/LampStreet/T_Lamp_STreet_ARM.uasset
bulk-import-or-template-content	??	Content/Cyberpunk/Textures/Unique/LampStreet/T_Lamp_STreet_BaseColor.uasset
bulk-import-or-template-content	??	Content/Cyberpunk/Textures/Unique/LampStreet/T_Lamp_STreet_Emissive.uasset
bulk-import-or-template-content	??	Content/Cyberpunk/Textures/Unique/LampStreet/T_Lamp_STreet_Normal.uasset
bulk-import-or-template-content	??	Content/Cyberpunk/Textures/Unique/Train/T_Train_A_ARM.uasset
bulk-import-or-template-content	??	Content/Cyberpunk/Textures/Unique/Train/T_Train_A_BaseColor.uasset
bulk-import-or-template-content	??	Content/Cyberpunk/Textures/Unique/Train/T_Train_A_Emissive.uasset
bulk-import-or-template-content	??	Content/Cyberpunk/Textures/Unique/Train/T_Train_A_Normal.uasset
bulk-import-or-template-content	??	Content/Cyberpunk/Textures/Unique/Train/T_Train_B_ARM.uasset
bulk-import-or-template-content	??	Content/Cyberpunk/Textures/Unique/Train/T_Train_B_BaseColor.uasset
bulk-import-or-template-content	??	Content/Cyberpunk/Textures/Unique/Train/T_Train_B_Normal.uasset
bulk-import-or-template-content	??	Content/Cyberpunk/Textures/Unique/trash/T_Bottle_ARM.uasset
bulk-import-or-template-content	??	Content/Cyberpunk/Textures/Unique/trash/T_Bottle_BaseColor.uasset
bulk-import-or-template-content	??	Content/Cyberpunk/Textures/Unique/trash/T_Bottle_Mask.uasset
bulk-import-or-template-content	??	Content/Cyberpunk/Textures/Unique/trash/T_Bottle_Normal.uasset
bulk-import-or-template-content	??	Content/Cyberpunk/Textures/Unique/trash/T_Coffee_cup_ARM.uasset
bulk-import-or-template-content	??	Content/Cyberpunk/Textures/Unique/trash/T_Coffee_cup_BaseColor.uasset
bulk-import-or-template-content	??	Content/Cyberpunk/Textures/Unique/trash/T_Coffee_cup_Normal.uasset
bulk-import-or-template-content	??	Content/Cyberpunk/Textures/Unique/trash/T_Paper_box_ARM.uasset
bulk-import-or-template-content	??	Content/Cyberpunk/Textures/Unique/trash/T_Paper_box_BaseColor.uasset
bulk-import-or-template-content	??	Content/Cyberpunk/Textures/Unique/trash/T_Paper_box_Mask.uasset
bulk-import-or-template-content	??	Content/Cyberpunk/Textures/Unique/trash/T_Paper_box_Normal.uasset
bulk-import-or-template-content	??	Content/Cyberpunk/Textures/Unique/trash/T_Trash_01_albedo.uasset
bulk-import-or-template-content	??	Content/Cyberpunk/Textures/Unique/trash/T_Trash_01_alphamask.uasset
bulk-import-or-template-content	??	Content/Cyberpunk/Textures/Unique/trash/T_Trash_01_ARM.uasset
bulk-import-or-template-content	??	Content/Cyberpunk/Textures/Unique/trash/T_Trash_01_normal.uasset
bulk-import-or-template-content	??	Content/Cyberpunk/Textures/Unique/trash/T_Trash_02_albedo.uasset
bulk-import-or-template-content	??	Content/Cyberpunk/Textures/Unique/trash/T_Trash_02_alphamask.uasset
bulk-import-or-template-content	??	Content/Cyberpunk/Textures/Unique/trash/T_Trash_02_ARM.uasset
bulk-import-or-template-content	??	Content/Cyberpunk/Textures/Unique/trash/T_Trash_02_normal.uasset
bulk-import-or-template-content	??	Content/Cyberpunk/Textures/Unique/trash/T_Trashbag_ARM.uasset
bulk-import-or-template-content	??	Content/Cyberpunk/Textures/Unique/trash/T_Trashbag_BaseColor.uasset
bulk-import-or-template-content	??	Content/Cyberpunk/Textures/Unique/trash/T_Trashbag_Normal.uasset
bulk-import-or-template-content	??	Content/Cyberpunk/Textures/Utility/T_EV_LightBeam_Falloff_01_Skyflo.uasset
bulk-import-or-template-content	??	Content/Cyberpunk/Textures/Utility/T_EV_LightBeam_Falloff_02.uasset
bulk-import-or-template-content	??	Content/Cyberpunk/Textures/Utility/T_EV_LightBeam_Falloff_03.uasset
bulk-import-or-template-content	??	Content/Cyberpunk/Textures/Utility/T_Inky_Smoke_Tile.uasset
bulk-import-or-template-content	??	Content/Cyberpunk/Textures/Utility/T_Mask_02.uasset
bulk-import-or-template-content	??	Content/Cyberpunk/Textures/Utility/T_Mask_Dirt_01.uasset
bulk-import-or-template-content	??	Content/Cyberpunk/Textures/Utility/T_Mask.uasset
bulk-import-or-template-content	??	Content/Cyberpunk/Textures/Utility/T_RainPattern_basecolor.uasset
bulk-import-or-template-content	??	Content/Cyberpunk/Textures/Utility/T_RainPattern_normal.uasset
bulk-import-or-template-content	??	Content/Cyberpunk/Textures/Utility/T_Ripples_Normal.uasset
bulk-import-or-template-content	??	Content/Cyberpunk/Textures/Utility/T_RMA_Default.uasset
bulk-import-or-template-content	??	Content/Cyberpunk/Textures/Utility/T_SmokeTile_N.uasset
bulk-import-or-template-content	??	Content/Cyberpunk/Textures/Utility/T_Surface_Grunge_01.uasset
bulk-import-or-template-content	??	Content/Cyberpunk/Textures/Utility/T_Surface_Grunge_02.uasset
bulk-import-or-template-content	??	Content/Cyberpunk/Textures/Utility/T_Surface_Grunge_03.uasset
bulk-import-or-template-content	??	Content/Cyberpunk/Textures/Utility/T_Water_Screen_Noise_Soft2.uasset
bulk-import-or-template-content	??	Content/Cyberpunk/Textures/Utility/T_Weathered__Detail001_Mask.uasset
bulk-import-or-template-content	??	Content/Cyberpunk/Textures/Utility/TilingNoise01.uasset
bulk-import-or-template-content	??	Content/Cyberpunk/Textures/Utility/TilingNoise02.uasset
bulk-import-or-template-content	??	Content/Cyberpunk/Textures/Utility/TilingNoise06.uasset
bulk-import-or-template-content	??	Content/Cyberpunk/Textures/Utility/Water_wave.uasset
bulk-import-or-template-content	D	Content/Templates/ThirdPerson/Lvl_ThirdPerson.umap
content-unclassified-needs-owner	D	Content/ProjectFiles/Animation/Sequencer/LS_Takedown.uasset
content-unclassified-needs-owner	??	Content/ProjectFiles/Core/Camera/CameraShakes/BP_CameraShake_Attack.uasset
content-unclassified-needs-owner	D	Content/ProjectFiles/Core/GM_Samurai.uasset
map-and-gamemode-reorg	D	Content/__ExternalActors__/ProjectFiles/Levels/Lvl_Arena/0/7Q/79I95P02ZAQU1ZMOD09IVW.uasset
map-and-gamemode-reorg	D	Content/__ExternalActors__/ProjectFiles/Levels/Lvl_Arena/0/GH/Q5DWB1P0VTDE2XYT9VM3W4.uasset
map-and-gamemode-reorg	D	Content/__ExternalActors__/ProjectFiles/Levels/Lvl_Arena/0/WL/WLEY62MBEKLKQXA8CBEYY5.uasset
map-and-gamemode-reorg	D	Content/__ExternalActors__/ProjectFiles/Levels/Lvl_Arena/1/B4/97C06IA5KVJGLIOMVB6WV1.uasset
map-and-gamemode-reorg	D	Content/__ExternalActors__/ProjectFiles/Levels/Lvl_Arena/1/DV/Z38X31I5IKQ0JVAAPB2YAS.uasset
map-and-gamemode-reorg	D	Content/__ExternalActors__/ProjectFiles/Levels/Lvl_Arena/2/7A/TNXXYZPGTHZ5HVJQEIR2KY.uasset
map-and-gamemode-reorg	D	Content/__ExternalActors__/ProjectFiles/Levels/Lvl_Arena/3/AE/Z99ENMVH2ZVLPPPF0AD739.uasset
map-and-gamemode-reorg	D	Content/__ExternalActors__/ProjectFiles/Levels/Lvl_Arena/3/B5/H9ODARPYLFMEQG83BEQBKQ.uasset
map-and-gamemode-reorg	D	Content/__ExternalActors__/ProjectFiles/Levels/Lvl_Arena/3/CM/TFU2C548I8S8PUZG1Y3IAX.uasset
map-and-gamemode-reorg	D	Content/__ExternalActors__/ProjectFiles/Levels/Lvl_Arena/3/GP/AN0ME5WXL65XIL0PWVGS4H.uasset
map-and-gamemode-reorg	D	Content/__ExternalActors__/ProjectFiles/Levels/Lvl_Arena/3/RX/TN2XWTDY9VB953OHOQC3XJ.uasset
map-and-gamemode-reorg	D	Content/__ExternalActors__/ProjectFiles/Levels/Lvl_Arena/4/4N/26ZBFMGIKMJP84815FUDPQ.uasset
map-and-gamemode-reorg	D	Content/__ExternalActors__/ProjectFiles/Levels/Lvl_Arena/4/5Y/588W3DPK6BURYVWJ5SYYHB.uasset
map-and-gamemode-reorg	D	Content/__ExternalActors__/ProjectFiles/Levels/Lvl_Arena/4/LD/P4OHZ7ZUK66S18K44K9R5Y.uasset
map-and-gamemode-reorg	D	Content/__ExternalActors__/ProjectFiles/Levels/Lvl_Arena/4/T4/EN1NWAAM9DRQVSZR2FFI20.uasset
map-and-gamemode-reorg	D	Content/__ExternalActors__/ProjectFiles/Levels/Lvl_Arena/4/XG/SCW3FXM3N5URAN07HT9CV4.uasset
map-and-gamemode-reorg	D	Content/__ExternalActors__/ProjectFiles/Levels/Lvl_Arena/4/YV/I50IO8JLP68CA38ZNMKZPN.uasset
map-and-gamemode-reorg	D	Content/__ExternalActors__/ProjectFiles/Levels/Lvl_Arena/5/FB/MRV3TBWRWNPTZ4G8J0RDP8.uasset
map-and-gamemode-reorg	D	Content/__ExternalActors__/ProjectFiles/Levels/Lvl_Arena/6/JB/ZPDUKL2UBXD6XR9L6EXLRF.uasset
map-and-gamemode-reorg	D	Content/__ExternalActors__/ProjectFiles/Levels/Lvl_Arena/7/7H/SKCBFRQV3K0CGMLQSWRRIM.uasset
map-and-gamemode-reorg	D	Content/__ExternalActors__/ProjectFiles/Levels/Lvl_Arena/7/B7/JLMRG9BDLNXDNX6CFUDCYH.uasset
map-and-gamemode-reorg	D	Content/__ExternalActors__/ProjectFiles/Levels/Lvl_Arena/7/G6/1COGB91FZKERRGGQ4SWQ2T.uasset
map-and-gamemode-reorg	D	Content/__ExternalActors__/ProjectFiles/Levels/Lvl_Arena/7/GU/46836T9MG8HM0PDV52D2BI.uasset
map-and-gamemode-reorg	D	Content/__ExternalActors__/ProjectFiles/Levels/Lvl_Arena/7/R3/DIB00NMD4VSK5X4HZUSMA3.uasset
map-and-gamemode-reorg	D	Content/__ExternalActors__/ProjectFiles/Levels/Lvl_Arena/8/EH/R7N8X7JQTXTF7IT62WCR48.uasset
map-and-gamemode-reorg	D	Content/__ExternalActors__/ProjectFiles/Levels/Lvl_Arena/8/IL/BGM41QS8PFZOBX69NTJEN5.uasset
map-and-gamemode-reorg	D	Content/__ExternalActors__/ProjectFiles/Levels/Lvl_Arena/8/TR/17MH9TWYGZ9E13R6SGID1V.uasset
map-and-gamemode-reorg	D	Content/__ExternalActors__/ProjectFiles/Levels/Lvl_Arena/9/4A/X2AF2D1DOMGF0S1RH352Q6.uasset
map-and-gamemode-reorg	D	Content/__ExternalActors__/ProjectFiles/Levels/Lvl_Arena/9/6C/BYG32B7VL710ZYAUQPYE2S.uasset
map-and-gamemode-reorg	D	Content/__ExternalActors__/ProjectFiles/Levels/Lvl_Arena/9/9I/1IJ61VATYKHNSRF2DNPD49.uasset
map-and-gamemode-reorg	D	Content/__ExternalActors__/ProjectFiles/Levels/Lvl_Arena/9/9I/FRAV5DVCWFZHCNMXPVME9G.uasset
map-and-gamemode-reorg	D	Content/__ExternalActors__/ProjectFiles/Levels/Lvl_Arena/9/O1/DGDY6SNN1YAJF6CZTI4NQQ.uasset
map-and-gamemode-reorg	D	Content/__ExternalActors__/ProjectFiles/Levels/Lvl_Arena/9/OR/XJV11A25RSJWA9CD7ZSBJR.uasset
map-and-gamemode-reorg	D	Content/__ExternalActors__/ProjectFiles/Levels/Lvl_Arena/9/TY/4H8JZKHG57AFJRAIBWXHYF.uasset
map-and-gamemode-reorg	D	Content/__ExternalActors__/ProjectFiles/Levels/Lvl_Arena/9/VJ/OWQOD7H9487ODV7KQ2MI8P.uasset
map-and-gamemode-reorg	D	Content/__ExternalActors__/ProjectFiles/Levels/Lvl_Arena/A/40/INSYV6Q3RC8JROILZDSAGZ.uasset
map-and-gamemode-reorg	D	Content/__ExternalActors__/ProjectFiles/Levels/Lvl_Arena/A/CZ/23WNKRHT9UH6MFSF6ZXDK3.uasset
map-and-gamemode-reorg	D	Content/__ExternalActors__/ProjectFiles/Levels/Lvl_Arena/A/YS/8UU7QC0Z1MFZ7I4LYYGTTE.uasset
map-and-gamemode-reorg	D	Content/__ExternalActors__/ProjectFiles/Levels/Lvl_Arena/B/GU/RFEW9ST3UKANJ0YUZJ8NE4.uasset
map-and-gamemode-reorg	D	Content/__ExternalActors__/ProjectFiles/Levels/Lvl_Arena/B/NQ/6T8FADBR2MU54R1C699LZM.uasset
map-and-gamemode-reorg	D	Content/__ExternalActors__/ProjectFiles/Levels/Lvl_Arena/B/XP/YRF29V530WKI5LPIV6NV89.uasset
map-and-gamemode-reorg	D	Content/__ExternalActors__/ProjectFiles/Levels/Lvl_Arena/B/Z6/O4KH4LNX4GFO9O33PYRIBF.uasset
map-and-gamemode-reorg	D	Content/__ExternalActors__/ProjectFiles/Levels/Lvl_Arena/C/3J/FU8BIXCAZ3210ND3BZ4F1K.uasset
map-and-gamemode-reorg	D	Content/__ExternalActors__/ProjectFiles/Levels/Lvl_Arena/C/P9/06TNQHXBYUTFRU3RVUMB19.uasset
map-and-gamemode-reorg	D	Content/__ExternalActors__/ProjectFiles/Levels/Lvl_Arena/C/YR/F76HYM2FZQL4XUPBXOMKSZ.uasset
map-and-gamemode-reorg	D	Content/__ExternalActors__/ProjectFiles/Levels/Lvl_Arena/D/G9/YMZCOTIK465R95Y254ZXWM.uasset
map-and-gamemode-reorg	D	Content/__ExternalActors__/ProjectFiles/Levels/Lvl_Arena/D/K3/Y02VYJ7Z7H73W6IYWC21HY.uasset
map-and-gamemode-reorg	D	Content/__ExternalActors__/ProjectFiles/Levels/Lvl_Arena/D/UH/GCLK6PDA9HIBAFR2PAOCW1.uasset
map-and-gamemode-reorg	D	Content/__ExternalActors__/ProjectFiles/Levels/Lvl_Arena/D/XZ/4LAJ2NSN383C6NJH5XTEPL.uasset
map-and-gamemode-reorg	D	Content/__ExternalActors__/ProjectFiles/Levels/Lvl_Arena/E/3X/ZJ3MO30XNSJCUH9FANNHVH.uasset
map-and-gamemode-reorg	D	Content/__ExternalActors__/ProjectFiles/Levels/Lvl_Arena/E/73/ZB0WSIBUW6GVDAI4OJHSWJ.uasset
map-and-gamemode-reorg	D	Content/__ExternalActors__/ProjectFiles/Levels/Lvl_Arena/E/8K/EF9V2QFB6E5FE9T4MDSE24.uasset
map-and-gamemode-reorg	D	Content/__ExternalActors__/ProjectFiles/Levels/Lvl_Arena/E/C3/02TWRF27O9Y620GZ60AFPO.uasset
map-and-gamemode-reorg	D	Content/__ExternalActors__/ProjectFiles/Levels/Lvl_Arena/E/KG/0CXT8RZUQ600W15JF81GRW.uasset
map-and-gamemode-reorg	D	Content/__ExternalActors__/ProjectFiles/Levels/Lvl_ThirdPerson/1/TV/07W3XXPPODKSJGRHQ9WA33.uasset
map-and-gamemode-reorg	D	Content/__ExternalActors__/ProjectFiles/Levels/Lvl_ThirdPerson/1/U1/HPGH65LQOK7A2SP22FB0RQ.uasset
map-and-gamemode-reorg	D	Content/__ExternalActors__/ProjectFiles/Levels/Lvl_ThirdPerson/2/2H/SDDMFMIW0E6UML1E6FJEET.uasset
map-and-gamemode-reorg	D	Content/__ExternalActors__/ProjectFiles/Levels/Lvl_ThirdPerson/2/9G/URFKYR2J1QLCN5CP0L8THD.uasset
map-and-gamemode-reorg	D	Content/__ExternalActors__/ProjectFiles/Levels/Lvl_ThirdPerson/2/DE/6WE3QDVC6RHXQ2RXQZMOIK.uasset
map-and-gamemode-reorg	D	Content/__ExternalActors__/ProjectFiles/Levels/Lvl_ThirdPerson/2/ES/8RCEJD46L942HTIBYJXIJA.uasset
map-and-gamemode-reorg	D	Content/__ExternalActors__/ProjectFiles/Levels/Lvl_ThirdPerson/3/C0/937KTOTKWUNM4Z5P1U0H6S.uasset
map-and-gamemode-reorg	D	Content/__ExternalActors__/ProjectFiles/Levels/Lvl_ThirdPerson/3/DA/OFH949EHRG14NVXCGYS53T.uasset
map-and-gamemode-reorg	D	Content/__ExternalActors__/ProjectFiles/Levels/Lvl_ThirdPerson/3/HT/KDX29U86VCUNHFYUGYXDKI.uasset
map-and-gamemode-reorg	D	Content/__ExternalActors__/ProjectFiles/Levels/Lvl_ThirdPerson/3/KE/QSBUVUV9IGOHPM0T1LRTPR.uasset
map-and-gamemode-reorg	D	Content/__ExternalActors__/ProjectFiles/Levels/Lvl_ThirdPerson/3/MY/DXBBL7RMQ6DVUL0YON32K5.uasset
map-and-gamemode-reorg	D	Content/__ExternalActors__/ProjectFiles/Levels/Lvl_ThirdPerson/3/NM/Y5DM0NM8RKY3WQETO6U4X1.uasset
map-and-gamemode-reorg	D	Content/__ExternalActors__/ProjectFiles/Levels/Lvl_ThirdPerson/3/PE/IAB3AG6SDO9RPW4ZESD46H.uasset
map-and-gamemode-reorg	D	Content/__ExternalActors__/ProjectFiles/Levels/Lvl_ThirdPerson/3/R1/6NZL629JHR42F8410VPKTG.uasset
map-and-gamemode-reorg	D	Content/__ExternalActors__/ProjectFiles/Levels/Lvl_ThirdPerson/3/SY/0YR6SK6A7IGS8JWU112XIF.uasset
map-and-gamemode-reorg	D	Content/__ExternalActors__/ProjectFiles/Levels/Lvl_ThirdPerson/4/TK/QUVHDWBRLT3D6GS75UBT3R.uasset
map-and-gamemode-reorg	D	Content/__ExternalActors__/ProjectFiles/Levels/Lvl_ThirdPerson/4/V9/TN162X3S12F1JV06TRJ13O.uasset
map-and-gamemode-reorg	D	Content/__ExternalActors__/ProjectFiles/Levels/Lvl_ThirdPerson/5/24/KLD0B7OA9DB65QQXOG63RC.uasset
map-and-gamemode-reorg	D	Content/__ExternalActors__/ProjectFiles/Levels/Lvl_ThirdPerson/5/5K/IZ4MYX3YQZSOBPAPR34AL7.uasset
map-and-gamemode-reorg	D	Content/__ExternalActors__/ProjectFiles/Levels/Lvl_ThirdPerson/5/72/V0BZYR4A4YFWUHXIUNHHG4.uasset
map-and-gamemode-reorg	D	Content/__ExternalActors__/ProjectFiles/Levels/Lvl_ThirdPerson/5/E3/DJF56ZS2PTL2TDHAAW0E0B.uasset
map-and-gamemode-reorg	D	Content/__ExternalActors__/ProjectFiles/Levels/Lvl_ThirdPerson/5/L4/VLRWARTKUTDM2Y3LBFU0HR.uasset
map-and-gamemode-reorg	D	Content/__ExternalActors__/ProjectFiles/Levels/Lvl_ThirdPerson/5/RP/GQLS86DH0IAP0R14RINFR0.uasset
map-and-gamemode-reorg	D	Content/__ExternalActors__/ProjectFiles/Levels/Lvl_ThirdPerson/5/RT/TD81J3JPY2HDIPBQKYI2SW.uasset
map-and-gamemode-reorg	D	Content/__ExternalActors__/ProjectFiles/Levels/Lvl_ThirdPerson/6/03/ZOSLJ7J9JBZRQTU63YY388.uasset
map-and-gamemode-reorg	D	Content/__ExternalActors__/ProjectFiles/Levels/Lvl_ThirdPerson/6/22/6YKZLXPXZTERC9WESTJKUB.uasset
map-and-gamemode-reorg	D	Content/__ExternalActors__/ProjectFiles/Levels/Lvl_ThirdPerson/6/3D/KJDKUMM8TM8CZIE1E0FZ7J.uasset
map-and-gamemode-reorg	D	Content/__ExternalActors__/ProjectFiles/Levels/Lvl_ThirdPerson/6/67/M3AU763RVI2GZ06619U9EU.uasset
map-and-gamemode-reorg	D	Content/__ExternalActors__/ProjectFiles/Levels/Lvl_ThirdPerson/6/JC/U8EPZX1U301GFZYJ2MDVUU.uasset
map-and-gamemode-reorg	D	Content/__ExternalActors__/ProjectFiles/Levels/Lvl_ThirdPerson/7/4X/4T3K6S3HZUAST6OJSGL7BT.uasset
map-and-gamemode-reorg	D	Content/__ExternalActors__/ProjectFiles/Levels/Lvl_ThirdPerson/7/8X/LKKKIF12U5K777Q1EENO7U.uasset
map-and-gamemode-reorg	D	Content/__ExternalActors__/ProjectFiles/Levels/Lvl_ThirdPerson/7/RB/H2L74ZKT7OBTC9PVST7OPB.uasset
map-and-gamemode-reorg	D	Content/__ExternalActors__/ProjectFiles/Levels/Lvl_ThirdPerson/7/YF/56HHQ0MN1CZSCLEZ136GLN.uasset
map-and-gamemode-reorg	D	Content/__ExternalActors__/ProjectFiles/Levels/Lvl_ThirdPerson/7/YF/DZQZ6X0PCYIQ2VEXB2YP4N.uasset
map-and-gamemode-reorg	D	Content/__ExternalActors__/ProjectFiles/Levels/Lvl_ThirdPerson/8/5S/1MONDKEZST43Y262Q4TZDN.uasset
map-and-gamemode-reorg	D	Content/__ExternalActors__/ProjectFiles/Levels/Lvl_ThirdPerson/8/9O/3DZN241QS3SNZ0ZZX9Y7XE.uasset
map-and-gamemode-reorg	D	Content/__ExternalActors__/ProjectFiles/Levels/Lvl_ThirdPerson/8/B0/MCBFLHDS7NU14DO6FZK998.uasset
map-and-gamemode-reorg	D	Content/__ExternalActors__/ProjectFiles/Levels/Lvl_ThirdPerson/8/DJ/0WUI0LHCDFBO435BS8FMT9.uasset
map-and-gamemode-reorg	D	Content/__ExternalActors__/ProjectFiles/Levels/Lvl_ThirdPerson/8/JT/R55VOQCA6ZQIOZ1IMZH4QB.uasset
map-and-gamemode-reorg	D	Content/__ExternalActors__/ProjectFiles/Levels/Lvl_ThirdPerson/9/0J/I9MD8GCPNV5VDWXYADZ4HK.uasset
map-and-gamemode-reorg	D	Content/__ExternalActors__/ProjectFiles/Levels/Lvl_ThirdPerson/9/7Z/YSV888R1DXD2WC2ZI3P2BO.uasset
map-and-gamemode-reorg	D	Content/__ExternalActors__/ProjectFiles/Levels/Lvl_ThirdPerson/9/CO/ZSUPQLL423PPPXSKL9U7LO.uasset
map-and-gamemode-reorg	D	Content/__ExternalActors__/ProjectFiles/Levels/Lvl_ThirdPerson/9/EL/6H89IBSN0ZIVKPD7ZET8Q7.uasset
map-and-gamemode-reorg	D	Content/__ExternalActors__/ProjectFiles/Levels/Lvl_ThirdPerson/9/ES/JXRIG47WKCCN2KZ6OS38LY.uasset
map-and-gamemode-reorg	D	Content/__ExternalActors__/ProjectFiles/Levels/Lvl_ThirdPerson/9/HH/XECGDS91PLSGR986EES0AV.uasset
map-and-gamemode-reorg	D	Content/__ExternalActors__/ProjectFiles/Levels/Lvl_ThirdPerson/9/KD/STFO6L3ZXR4NUGPS7Q9XA9.uasset
map-and-gamemode-reorg	D	Content/__ExternalActors__/ProjectFiles/Levels/Lvl_ThirdPerson/9/NF/TAXIBZXS4ORRPOM8J5RNOO.uasset
map-and-gamemode-reorg	D	Content/__ExternalActors__/ProjectFiles/Levels/Lvl_ThirdPerson/9/UT/NBRTIW0PLP8CASQA2GEQ4X.uasset
map-and-gamemode-reorg	D	Content/__ExternalActors__/ProjectFiles/Levels/Lvl_ThirdPerson/A/6N/LTJFAAKXXJT6QBF78I008A.uasset
map-and-gamemode-reorg	D	Content/__ExternalActors__/ProjectFiles/Levels/Lvl_ThirdPerson/A/8N/65F3JBRJIAAUSQYRR4EKBQ.uasset
map-and-gamemode-reorg	D	Content/__ExternalActors__/ProjectFiles/Levels/Lvl_ThirdPerson/B/42/1W4O8QJEWP6VC8CWF9M4R1.uasset
map-and-gamemode-reorg	D	Content/__ExternalActors__/ProjectFiles/Levels/Lvl_ThirdPerson/B/VX/D7TI6C5WS0TR13PHDFLU1H.uasset
map-and-gamemode-reorg	D	Content/__ExternalActors__/ProjectFiles/Levels/Lvl_ThirdPerson/B/ZE/BB7BUMUX855KBYXBASYJZY.uasset
map-and-gamemode-reorg	D	Content/__ExternalActors__/ProjectFiles/Levels/Lvl_ThirdPerson/C/2A/VCYS6ZJUH2H5PQTD8LXA6D.uasset
map-and-gamemode-reorg	D	Content/__ExternalActors__/ProjectFiles/Levels/Lvl_ThirdPerson/C/36/8TMNAABQ4FXLPUGABNSI0P.uasset
map-and-gamemode-reorg	D	Content/__ExternalActors__/ProjectFiles/Levels/Lvl_ThirdPerson/C/42/3U01DJR902DVB6P87VY0XF.uasset
map-and-gamemode-reorg	D	Content/__ExternalActors__/ProjectFiles/Levels/Lvl_ThirdPerson/C/BW/MFP5Q6R8WLBLXI1PRHJOB2.uasset
map-and-gamemode-reorg	D	Content/__ExternalActors__/ProjectFiles/Levels/Lvl_ThirdPerson/C/FM/TL40XKFTD3QWSDQ9EYEM1Q.uasset
map-and-gamemode-reorg	D	Content/__ExternalActors__/ProjectFiles/Levels/Lvl_ThirdPerson/C/P0/MMEIONH0BN261TUPHGZXU5.uasset
map-and-gamemode-reorg	D	Content/__ExternalActors__/ProjectFiles/Levels/Lvl_ThirdPerson/C/VH/DE7E1UH3RD5XC2M6ZXPA6J.uasset
map-and-gamemode-reorg	D	Content/__ExternalActors__/ProjectFiles/Levels/Lvl_ThirdPerson/D/0S/3203NGX1UGW27A0OGRT869.uasset
map-and-gamemode-reorg	D	Content/__ExternalActors__/ProjectFiles/Levels/Lvl_ThirdPerson/D/Q4/VBE80RASEYG95HUINJ1PKX.uasset
map-and-gamemode-reorg	D	Content/__ExternalActors__/ProjectFiles/Levels/Lvl_ThirdPerson/E/1N/XNTD29JH095KILJKINIQ6H.uasset
map-and-gamemode-reorg	D	Content/__ExternalActors__/ProjectFiles/Levels/Lvl_ThirdPerson/E/2N/4EGFM8O8YDIJK4DSIKB016.uasset
map-and-gamemode-reorg	D	Content/__ExternalActors__/ProjectFiles/Levels/Lvl_ThirdPerson/E/4K/BM0FKLHCWHBTX0VOL1PZNY.uasset
map-and-gamemode-reorg	D	Content/__ExternalActors__/ProjectFiles/Levels/Lvl_ThirdPerson/E/6N/XHZ20I42BVBWJ0BL4PPM51.uasset
map-and-gamemode-reorg	D	Content/__ExternalActors__/ProjectFiles/Levels/Lvl_ThirdPerson/E/BD/9RARCM8BU704TICW493MIR.uasset
map-and-gamemode-reorg	D	Content/__ExternalActors__/ProjectFiles/Levels/Lvl_ThirdPerson/E/GQ/F020I2RBNT757BMO7AUF2W.uasset
map-and-gamemode-reorg	D	Content/__ExternalActors__/ProjectFiles/Levels/Lvl_ThirdPerson/E/HO/SIQI2YAE6BIAF9QGFF049M.uasset
map-and-gamemode-reorg	D	Content/__ExternalActors__/ProjectFiles/Levels/Lvl_ThirdPerson/F/14/Q2ITNBNFTTCY1PFQ1GXF7T.uasset
map-and-gamemode-reorg	??	Content/__ExternalActors__/ProjectFiles/Levels/Lvl_ThirdPerson1/0/35/XH4BYCW5XIO413IOD7MHR3.uasset
map-and-gamemode-reorg	??	Content/__ExternalActors__/ProjectFiles/Levels/Lvl_ThirdPerson1/0/4Q/HJ6ZIRRYPXSDCZJZD9WHN6.uasset
map-and-gamemode-reorg	??	Content/__ExternalActors__/ProjectFiles/Levels/Lvl_ThirdPerson1/0/8D/POZ60FV0CQG3X2BZHJBMGX.uasset
map-and-gamemode-reorg	??	Content/__ExternalActors__/ProjectFiles/Levels/Lvl_ThirdPerson1/0/U5/K8E2YU1QGF37XK8IQ3CXY7.uasset
map-and-gamemode-reorg	??	Content/__ExternalActors__/ProjectFiles/Levels/Lvl_ThirdPerson1/0/YW/NYZPV6AUFT883N547F287V.uasset
map-and-gamemode-reorg	??	Content/__ExternalActors__/ProjectFiles/Levels/Lvl_ThirdPerson1/1/A2/OJITLDHQREUG67S590XMC3.uasset
map-and-gamemode-reorg	??	Content/__ExternalActors__/ProjectFiles/Levels/Lvl_ThirdPerson1/1/DN/2E7ALOJU1BEUYZZ8O42O96.uasset
map-and-gamemode-reorg	??	Content/__ExternalActors__/ProjectFiles/Levels/Lvl_ThirdPerson1/1/KX/F3238NIKVG22UEYZMHM5AI.uasset
map-and-gamemode-reorg	??	Content/__ExternalActors__/ProjectFiles/Levels/Lvl_ThirdPerson1/2/H5/S2XEQWIOR1CK6ECAWPRN40.uasset
map-and-gamemode-reorg	??	Content/__ExternalActors__/ProjectFiles/Levels/Lvl_ThirdPerson1/2/HW/6NHMO4KP3LJDIIWU672OQR.uasset
map-and-gamemode-reorg	??	Content/__ExternalActors__/ProjectFiles/Levels/Lvl_ThirdPerson1/2/QK/VYACOICC3D42WTZRZ1NO7G.uasset
map-and-gamemode-reorg	??	Content/__ExternalActors__/ProjectFiles/Levels/Lvl_ThirdPerson1/3/35/7NAPTRRALW8UA1YR1XK2VJ.uasset
map-and-gamemode-reorg	??	Content/__ExternalActors__/ProjectFiles/Levels/Lvl_ThirdPerson1/3/BH/LCGC02QK3BR9PJIDKCMMBO.uasset
map-and-gamemode-reorg	??	Content/__ExternalActors__/ProjectFiles/Levels/Lvl_ThirdPerson1/3/DG/GY8O7DCZ3MHFS217AQSI51.uasset
map-and-gamemode-reorg	??	Content/__ExternalActors__/ProjectFiles/Levels/Lvl_ThirdPerson1/3/P1/9LDWY166UZHHC04W1EDEET.uasset
map-and-gamemode-reorg	??	Content/__ExternalActors__/ProjectFiles/Levels/Lvl_ThirdPerson1/3/UT/557S9MF8K6BMLOLM3KHZYK.uasset
map-and-gamemode-reorg	??	Content/__ExternalActors__/ProjectFiles/Levels/Lvl_ThirdPerson1/4/EG/TBU81820J2NOQQPYTYKCBK.uasset
map-and-gamemode-reorg	??	Content/__ExternalActors__/ProjectFiles/Levels/Lvl_ThirdPerson1/4/GL/BZQZ3VOZ6VFUJ2KETFALTQ.uasset
map-and-gamemode-reorg	??	Content/__ExternalActors__/ProjectFiles/Levels/Lvl_ThirdPerson1/4/GX/3U9MS4O5VFVDEVT1UPOD4L.uasset
map-and-gamemode-reorg	??	Content/__ExternalActors__/ProjectFiles/Levels/Lvl_ThirdPerson1/5/GR/DGSLTJCNSBG8SREYB4HTGV.uasset
map-and-gamemode-reorg	??	Content/__ExternalActors__/ProjectFiles/Levels/Lvl_ThirdPerson1/5/YE/XDODVK1DRRSBH4HYCA9ABD.uasset
map-and-gamemode-reorg	??	Content/__ExternalActors__/ProjectFiles/Levels/Lvl_ThirdPerson1/6/0L/WAZP7ALA5MD82EEVXV6MD2.uasset
map-and-gamemode-reorg	??	Content/__ExternalActors__/ProjectFiles/Levels/Lvl_ThirdPerson1/6/69/JZK42Z6X6VW6A5NALDH47D.uasset
map-and-gamemode-reorg	??	Content/__ExternalActors__/ProjectFiles/Levels/Lvl_ThirdPerson1/6/FC/GXXFXGXS0S4N3Z8C547BY0.uasset
map-and-gamemode-reorg	??	Content/__ExternalActors__/ProjectFiles/Levels/Lvl_ThirdPerson1/6/GK/C90QSYFF4RAK6NL5Y6JPHK.uasset
map-and-gamemode-reorg	??	Content/__ExternalActors__/ProjectFiles/Levels/Lvl_ThirdPerson1/6/I7/24ZNUC49UEK14IXSAEGBC1.uasset
map-and-gamemode-reorg	??	Content/__ExternalActors__/ProjectFiles/Levels/Lvl_ThirdPerson1/6/JS/VGKO8NKW281LCY3A3K4ETM.uasset
map-and-gamemode-reorg	??	Content/__ExternalActors__/ProjectFiles/Levels/Lvl_ThirdPerson1/6/NM/G6BKT43OA9OS5OX9B3UUDD.uasset
map-and-gamemode-reorg	??	Content/__ExternalActors__/ProjectFiles/Levels/Lvl_ThirdPerson1/7/9G/EMCKB1NDS4UQWLG3GTKGO1.uasset
map-and-gamemode-reorg	??	Content/__ExternalActors__/ProjectFiles/Levels/Lvl_ThirdPerson1/7/CB/19YS22F55XPIYEV7ASGWJO.uasset
map-and-gamemode-reorg	??	Content/__ExternalActors__/ProjectFiles/Levels/Lvl_ThirdPerson1/7/J5/U5NNP2N4PMH0M9G2MHGUSV.uasset
map-and-gamemode-reorg	??	Content/__ExternalActors__/ProjectFiles/Levels/Lvl_ThirdPerson1/7/SE/TRG79J5BWB1Z4GEQ1VZETG.uasset
map-and-gamemode-reorg	??	Content/__ExternalActors__/ProjectFiles/Levels/Lvl_ThirdPerson1/7/UU/LDL73MCR9TBXL15HZRISMK.uasset
map-and-gamemode-reorg	??	Content/__ExternalActors__/ProjectFiles/Levels/Lvl_ThirdPerson1/7/WQ/YX14YUR1AGUAE201DFI3CP.uasset
map-and-gamemode-reorg	??	Content/__ExternalActors__/ProjectFiles/Levels/Lvl_ThirdPerson1/8/3S/82R75JQODW6FQLAYY685CT.uasset
map-and-gamemode-reorg	??	Content/__ExternalActors__/ProjectFiles/Levels/Lvl_ThirdPerson1/8/IC/12JW3H3CPQVUHHRT1NUSYO.uasset
map-and-gamemode-reorg	??	Content/__ExternalActors__/ProjectFiles/Levels/Lvl_ThirdPerson1/8/N0/44WXCIDTKRJ6EUJ514EXA4.uasset
map-and-gamemode-reorg	??	Content/__ExternalActors__/ProjectFiles/Levels/Lvl_ThirdPerson1/8/N3/SGC71DBO85D7F1SNDKM57K.uasset
map-and-gamemode-reorg	??	Content/__ExternalActors__/ProjectFiles/Levels/Lvl_ThirdPerson1/8/WB/EXCOXEFHH3HCTNC7BA9H3L.uasset
map-and-gamemode-reorg	??	Content/__ExternalActors__/ProjectFiles/Levels/Lvl_ThirdPerson1/9/42/52ZFVJ23GATSKDYOA8KQYD.uasset
map-and-gamemode-reorg	??	Content/__ExternalActors__/ProjectFiles/Levels/Lvl_ThirdPerson1/9/81/32VCPMEUUQR465NVBN9SCY.uasset
map-and-gamemode-reorg	??	Content/__ExternalActors__/ProjectFiles/Levels/Lvl_ThirdPerson1/9/9E/22OV9OECUHVYQFC33TDF22.uasset
map-and-gamemode-reorg	??	Content/__ExternalActors__/ProjectFiles/Levels/Lvl_ThirdPerson1/9/PK/GV5TZY5KVHR8EVKLMOQUJY.uasset
map-and-gamemode-reorg	??	Content/__ExternalActors__/ProjectFiles/Levels/Lvl_ThirdPerson1/9/PR/2S38AUEA7HSL88ZGNIJGTG.uasset
map-and-gamemode-reorg	??	Content/__ExternalActors__/ProjectFiles/Levels/Lvl_ThirdPerson1/9/RM/B2X6J7SX5ZAFC3JBDW4JQF.uasset
map-and-gamemode-reorg	??	Content/__ExternalActors__/ProjectFiles/Levels/Lvl_ThirdPerson1/9/TG/MT3I3BRO1WWGAJRIE2AKLK.uasset
map-and-gamemode-reorg	??	Content/__ExternalActors__/ProjectFiles/Levels/Lvl_ThirdPerson1/A/0T/EHD5BQKJBHVYAUX8W1SU5W.uasset
map-and-gamemode-reorg	??	Content/__ExternalActors__/ProjectFiles/Levels/Lvl_ThirdPerson1/A/1B/Y3W89WVL6CTN8GGMOAELDW.uasset
map-and-gamemode-reorg	??	Content/__ExternalActors__/ProjectFiles/Levels/Lvl_ThirdPerson1/A/84/EMG28I4SDO7IIK0FRT3O4A.uasset
map-and-gamemode-reorg	??	Content/__ExternalActors__/ProjectFiles/Levels/Lvl_ThirdPerson1/A/KC/H3P53BSZS6VQR79YLXKKWH.uasset
map-and-gamemode-reorg	??	Content/__ExternalActors__/ProjectFiles/Levels/Lvl_ThirdPerson1/A/TE/6UFWQ9S09FBZJBKUY5HE6X.uasset
map-and-gamemode-reorg	??	Content/__ExternalActors__/ProjectFiles/Levels/Lvl_ThirdPerson1/B/02/LV8RBRCPZ2C5FUTR7QIA8Z.uasset
map-and-gamemode-reorg	??	Content/__ExternalActors__/ProjectFiles/Levels/Lvl_ThirdPerson1/B/7K/BN8NTNDU8WWES7QFZF33FA.uasset
map-and-gamemode-reorg	??	Content/__ExternalActors__/ProjectFiles/Levels/Lvl_ThirdPerson1/B/CZ/YFX8LQZOUX1Z1AC8LFQE9B.uasset
map-and-gamemode-reorg	??	Content/__ExternalActors__/ProjectFiles/Levels/Lvl_ThirdPerson1/B/LO/KMG966H7IZWU3R39RYEBNQ.uasset
map-and-gamemode-reorg	??	Content/__ExternalActors__/ProjectFiles/Levels/Lvl_ThirdPerson1/B/PH/13Q6VUKVWZF8PUDKHYQPKM.uasset
map-and-gamemode-reorg	??	Content/__ExternalActors__/ProjectFiles/Levels/Lvl_ThirdPerson1/B/SF/P5O9PYXLH2L2D256XNRJN1.uasset
map-and-gamemode-reorg	??	Content/__ExternalActors__/ProjectFiles/Levels/Lvl_ThirdPerson1/B/XD/0SEKN3AP8Y5D0OPL4MU2JK.uasset
map-and-gamemode-reorg	??	Content/__ExternalActors__/ProjectFiles/Levels/Lvl_ThirdPerson1/C/5H/1KM9EIMYE8MOOSVTM7UR7L.uasset
map-and-gamemode-reorg	??	Content/__ExternalActors__/ProjectFiles/Levels/Lvl_ThirdPerson1/C/8K/KKOUNPSZF8UGFNMTTQN8L2.uasset
map-and-gamemode-reorg	??	Content/__ExternalActors__/ProjectFiles/Levels/Lvl_ThirdPerson1/C/EL/XMDTF8PRMS6QKZK102ROXJ.uasset
map-and-gamemode-reorg	??	Content/__ExternalActors__/ProjectFiles/Levels/Lvl_ThirdPerson1/C/FW/CCVWLTZ4RR3RMJAB2VT6Y6.uasset
map-and-gamemode-reorg	??	Content/__ExternalActors__/ProjectFiles/Levels/Lvl_ThirdPerson1/C/QN/WM10RAC25HYQIJDNLCZNL2.uasset
map-and-gamemode-reorg	??	Content/__ExternalActors__/ProjectFiles/Levels/Lvl_ThirdPerson1/C/VU/V62662EJVNSO2124T3Q8O9.uasset
map-and-gamemode-reorg	??	Content/__ExternalActors__/ProjectFiles/Levels/Lvl_ThirdPerson1/D/GL/E1OB13NICBRFV2GSD3SLTF.uasset
map-and-gamemode-reorg	??	Content/__ExternalActors__/ProjectFiles/Levels/Lvl_ThirdPerson1/D/WQ/4IA3NFU1AYVOFA4VE8DREJ.uasset
map-and-gamemode-reorg	??	Content/__ExternalActors__/ProjectFiles/Levels/Lvl_ThirdPerson1/D/Y2/BFA8KVQ4MDNV6UNJ87FCRL.uasset
map-and-gamemode-reorg	??	Content/__ExternalActors__/ProjectFiles/Levels/Lvl_ThirdPerson1/E/9X/YGLCAPL1MGFWDZ6JYAY5D2.uasset
map-and-gamemode-reorg	??	Content/__ExternalActors__/ProjectFiles/Levels/Lvl_ThirdPerson1/E/CY/R7WW15E8Q6VHRKIDYGNLZ7.uasset
map-and-gamemode-reorg	??	Content/__ExternalActors__/ProjectFiles/Levels/Lvl_ThirdPerson1/E/NC/3RZRTQISCAHK6VP3YP9VN2.uasset
map-and-gamemode-reorg	D	Content/__ExternalObjects__/ProjectFiles/Levels/Lvl_Arena/1/FP/62VXXXGL5FH3E56M6HZKVI.uasset
map-and-gamemode-reorg	D	Content/__ExternalObjects__/ProjectFiles/Levels/Lvl_Arena/3/L1/XXEDHJ2N7M8XTDIYDRYC2A.uasset
map-and-gamemode-reorg	D	Content/__ExternalObjects__/ProjectFiles/Levels/Lvl_ThirdPerson/8/PH/IU6LP24CACR3H5PF571LWK.uasset
map-and-gamemode-reorg	D	Content/__ExternalObjects__/ProjectFiles/Levels/Lvl_ThirdPerson/B/HZ/MM6H2AWN845B0F14XQPUBY.uasset
map-and-gamemode-reorg	??	Content/__ExternalObjects__/ProjectFiles/Levels/Lvl_ThirdPerson1/4/X2/8LLUZJBI50KGM8SM0AJRUR.uasset
map-and-gamemode-reorg	??	Content/__ExternalObjects__/ProjectFiles/Levels/Lvl_ThirdPerson1/7/9M/AXY5LWZFL9SD48KLB52IDC.uasset
map-and-gamemode-reorg	??	Content/ProjectFiles/Core/GameModes/GM_KatanaCombat_Base.uasset
map-and-gamemode-reorg	D	Content/ProjectFiles/Core/GameModes/GM_Samurai.uasset
map-and-gamemode-reorg	D	Content/ProjectFiles/Levels/Lvl_Arena.umap
map-and-gamemode-reorg	D	Content/ProjectFiles/Levels/Lvl_ThirdPerson.umap
map-and-gamemode-reorg	??	Content/ProjectFiles/Levels/Lvl_ThirdPerson1.umap
map-and-gamemode-reorg	??	Content/ProjectFiles/Levels/M_Showcase.umap
